id,file,model,scheme,run,alpha,item_idx,gsm8k_index,gold,old_score,new_score,old_parsed_answer,parsed_answer,eos,failure_flagged
SteerQuant_Meta-Llama-3-1-8B-Instruct_fp16_sentiment_L16_r1_COMPLETE_20260713|a0.0|i17,SteerQuant_Meta-Llama-3-1-8B-Instruct_fp16_sentiment_L16_r1_COMPLETE_20260713.json,meta-llama/Meta-Llama-3.1-8B-Instruct,fp16,r1,0.0,17,122,48,0,1,,48,1,False
SteerQuant_Meta-Llama-3-1-8B-Instruct_fp16_sentiment_L16_r1_COMPLETE_20260713|a0.0|i20,SteerQuant_Meta-Llama-3-1-8B-Instruct_fp16_sentiment_L16_r1_COMPLETE_20260713.json,meta-llama/Meta-Llama-3.1-8B-Instruct,fp16,r1,0.0,20,10,366,0,1,,366,1,False
SteerQuant_Meta-Llama-3-1-8B-Instruct_fp16_sentiment_L16_r1_COMPLETE_20260713|a0.0|i25,SteerQuant_Meta-Llama-3-1-8B-Instruct_fp16_sentiment_L16_r1_COMPLETE_20260713.json,meta-llama/Meta-Llama-3.1-8B-Instruct,fp16,r1,0.0,25,122,48,0,1,,48,1,False
SteerQuant_Meta-Llama-3-1-8B-Instruct_fp16_sentiment_L16_r1_COMPLETE_20260713|a0.0|i31,SteerQuant_Meta-Llama-3-1-8B-Instruct_fp16_sentiment_L16_r1_COMPLETE_20260713.json,meta-llama/Meta-Llama-3.1-8B-Instruct,fp16,r1,0.0,31,10,366,0,1,,366,1,False
SteerQuant_Meta-Llama-3-1-8B-Instruct_fp16_sentiment_L16_r1_COMPLETE_20260713|a0.0|i38,SteerQuant_Meta-Llama-3-1-8B-Instruct_fp16_sentiment_L16_r1_COMPLETE_20260713.json,meta-llama/Meta-Llama-3.1-8B-Instruct,fp16,r1,0.0,38,181,160,0,1,,160,1,False
SteerQuant_Meta-Llama-3-1-8B-Instruct_fp16_sentiment_L16_r1_COMPLETE_20260713|a0.0|i44,SteerQuant_Meta-Llama-3-1-8B-Instruct_fp16_sentiment_L16_r1_COMPLETE_20260713.json,meta-llama/Meta-Llama-3.1-8B-Instruct,fp16,r1,0.0,44,110,45,0,1,,45,1,False
SteerQuant_Meta-Llama-3-1-8B-Instruct_fp16_sentiment_L16_r1_COMPLETE_20260713|a0.0|i59,SteerQuant_Meta-Llama-3-1-8B-Instruct_fp16_sentiment_L16_r1_COMPLETE_20260713.json,meta-llama/Meta-Llama-3.1-8B-Instruct,fp16,r1,0.0,59,21,14,0,1,,14,1,False
SteerQuant_Meta-Llama-3-1-8B-Instruct_fp16_sentiment_L16_r1_COMPLETE_20260713|a0.0|i61,SteerQuant_Meta-Llama-3-1-8B-Instruct_fp16_sentiment_L16_r1_COMPLETE_20260713.json,meta-llama/Meta-Llama-3.1-8B-Instruct,fp16,r1,0.0,61,30,109,0,1,,109,1,False
SteerQuant_Meta-Llama-3-1-8B-Instruct_fp16_sentiment_L16_r1_COMPLETE_20260713|a0.0|i62,SteerQuant_Meta-Llama-3-1-8B-Instruct_fp16_sentiment_L16_r1_COMPLETE_20260713.json,meta-llama/Meta-Llama-3.1-8B-Instruct,fp16,r1,0.0,62,181,160,0,1,,160,1,False
SteerQuant_Meta-Llama-3-1-8B-Instruct_fp16_sentiment_L16_r1_COMPLETE_20260713|a0.0|i114,SteerQuant_Meta-Llama-3-1-8B-Instruct_fp16_sentiment_L16_r1_COMPLETE_20260713.json,meta-llama/Meta-Llama-3.1-8B-Instruct,fp16,r1,0.0,114,23,8,0,1,,8,1,False
SteerQuant_Meta-Llama-3-1-8B-Instruct_fp16_sentiment_L16_r1_COMPLETE_20260713|a0.0|i122,SteerQuant_Meta-Llama-3-1-8B-Instruct_fp16_sentiment_L16_r1_COMPLETE_20260713.json,meta-llama/Meta-Llama-3.1-8B-Instruct,fp16,r1,0.0,122,181,160,0,1,,160,1,False
SteerQuant_Meta-Llama-3-1-8B-Instruct_fp16_sentiment_L16_r1_COMPLETE_20260713|a0.0|i123,SteerQuant_Meta-Llama-3-1-8B-Instruct_fp16_sentiment_L16_r1_COMPLETE_20260713.json,meta-llama/Meta-Llama-3.1-8B-Instruct,fp16,r1,0.0,123,55,14,0,1,,14,1,False
SteerQuant_Meta-Llama-3-1-8B-Instruct_fp16_sentiment_L16_r1_COMPLETE_20260713|a0.0|i130,SteerQuant_Meta-Llama-3-1-8B-Instruct_fp16_sentiment_L16_r1_COMPLETE_20260713.json,meta-llama/Meta-Llama-3.1-8B-Instruct,fp16,r1,0.0,130,30,109,0,1,,109,1,False
SteerQuant_Meta-Llama-3-1-8B-Instruct_fp16_sentiment_L16_r1_COMPLETE_20260713|a0.0|i138,SteerQuant_Meta-Llama-3-1-8B-Instruct_fp16_sentiment_L16_r1_COMPLETE_20260713.json,meta-llama/Meta-Llama-3.1-8B-Instruct,fp16,r1,0.0,138,124,10,0,1,,10,1,False
SteerQuant_Meta-Llama-3-1-8B-Instruct_fp16_sentiment_L16_r1_COMPLETE_20260713|a0.0|i144,SteerQuant_Meta-Llama-3-1-8B-Instruct_fp16_sentiment_L16_r1_COMPLETE_20260713.json,meta-llama/Meta-Llama-3.1-8B-Instruct,fp16,r1,0.0,144,124,10,0,1,,10,1,False
SteerQuant_Meta-Llama-3-1-8B-Instruct_fp16_sentiment_L16_r1_COMPLETE_20260713|a0.0|i170,SteerQuant_Meta-Llama-3-1-8B-Instruct_fp16_sentiment_L16_r1_COMPLETE_20260713.json,meta-llama/Meta-Llama-3.1-8B-Instruct,fp16,r1,0.0,170,122,48,0,1,,48,1,False
SteerQuant_Meta-Llama-3-1-8B-Instruct_fp16_sentiment_L16_r1_COMPLETE_20260713|a0.0|i194,SteerQuant_Meta-Llama-3-1-8B-Instruct_fp16_sentiment_L16_r1_COMPLETE_20260713.json,meta-llama/Meta-Llama-3.1-8B-Instruct,fp16,r1,0.0,194,110,45,0,1,,45,1,False
SteerQuant_Meta-Llama-3-1-8B-Instruct_fp16_sentiment_L16_r1_COMPLETE_20260713|a0.0|i196,SteerQuant_Meta-Llama-3-1-8B-Instruct_fp16_sentiment_L16_r1_COMPLETE_20260713.json,meta-llama/Meta-Llama-3.1-8B-Instruct,fp16,r1,0.0,196,110,45,0,1,,45,1,False
SteerQuant_Meta-Llama-3-1-8B-Instruct_fp16_sentiment_L16_r1_COMPLETE_20260713|a0.0|i198,SteerQuant_Meta-Llama-3-1-8B-Instruct_fp16_sentiment_L16_r1_COMPLETE_20260713.json,meta-llama/Meta-Llama-3.1-8B-Instruct,fp16,r1,0.0,198,21,14,0,1,,14,1,False
SteerQuant_Meta-Llama-3-1-8B-Instruct_fp16_sentiment_L16_r1_COMPLETE_20260713|a2.0|i13,SteerQuant_Meta-Llama-3-1-8B-Instruct_fp16_sentiment_L16_r1_COMPLETE_20260713.json,meta-llama/Meta-Llama-3.1-8B-Instruct,fp16,r1,2.0,13,117,360,0,1,,360,1,False
SteerQuant_Meta-Llama-3-1-8B-Instruct_fp16_sentiment_L16_r1_COMPLETE_20260713|a2.0|i17,SteerQuant_Meta-Llama-3-1-8B-Instruct_fp16_sentiment_L16_r1_COMPLETE_20260713.json,meta-llama/Meta-Llama-3.1-8B-Instruct,fp16,r1,2.0,17,122,48,0,1,,48,1,False
SteerQuant_Meta-Llama-3-1-8B-Instruct_fp16_sentiment_L16_r1_COMPLETE_20260713|a2.0|i20,SteerQuant_Meta-Llama-3-1-8B-Instruct_fp16_sentiment_L16_r1_COMPLETE_20260713.json,meta-llama/Meta-Llama-3.1-8B-Instruct,fp16,r1,2.0,20,10,366,0,1,,366,1,False
SteerQuant_Meta-Llama-3-1-8B-Instruct_fp16_sentiment_L16_r1_COMPLETE_20260713|a2.0|i25,SteerQuant_Meta-Llama-3-1-8B-Instruct_fp16_sentiment_L16_r1_COMPLETE_20260713.json,meta-llama/Meta-Llama-3.1-8B-Instruct,fp16,r1,2.0,25,122,48,0,1,,48,1,False
SteerQuant_Meta-Llama-3-1-8B-Instruct_fp16_sentiment_L16_r1_COMPLETE_20260713|a2.0|i31,SteerQuant_Meta-Llama-3-1-8B-Instruct_fp16_sentiment_L16_r1_COMPLETE_20260713.json,meta-llama/Meta-Llama-3.1-8B-Instruct,fp16,r1,2.0,31,10,366,0,1,,366,1,False
SteerQuant_Meta-Llama-3-1-8B-Instruct_fp16_sentiment_L16_r1_COMPLETE_20260713|a2.0|i35,SteerQuant_Meta-Llama-3-1-8B-Instruct_fp16_sentiment_L16_r1_COMPLETE_20260713.json,meta-llama/Meta-Llama-3.1-8B-Instruct,fp16,r1,2.0,35,195,12,0,1,,12,1,False
SteerQuant_Meta-Llama-3-1-8B-Instruct_fp16_sentiment_L16_r1_COMPLETE_20260713|a2.0|i38,SteerQuant_Meta-Llama-3-1-8B-Instruct_fp16_sentiment_L16_r1_COMPLETE_20260713.json,meta-llama/Meta-Llama-3.1-8B-Instruct,fp16,r1,2.0,38,181,160,0,1,,160,1,False
SteerQuant_Meta-Llama-3-1-8B-Instruct_fp16_sentiment_L16_r1_COMPLETE_20260713|a2.0|i59,SteerQuant_Meta-Llama-3-1-8B-Instruct_fp16_sentiment_L16_r1_COMPLETE_20260713.json,meta-llama/Meta-Llama-3.1-8B-Instruct,fp16,r1,2.0,59,21,14,0,1,,14,1,False
SteerQuant_Meta-Llama-3-1-8B-Instruct_fp16_sentiment_L16_r1_COMPLETE_20260713|a2.0|i61,SteerQuant_Meta-Llama-3-1-8B-Instruct_fp16_sentiment_L16_r1_COMPLETE_20260713.json,meta-llama/Meta-Llama-3.1-8B-Instruct,fp16,r1,2.0,61,30,109,0,1,,109,1,False
SteerQuant_Meta-Llama-3-1-8B-Instruct_fp16_sentiment_L16_r1_COMPLETE_20260713|a2.0|i62,SteerQuant_Meta-Llama-3-1-8B-Instruct_fp16_sentiment_L16_r1_COMPLETE_20260713.json,meta-llama/Meta-Llama-3.1-8B-Instruct,fp16,r1,2.0,62,181,160,0,1,,160,1,False
SteerQuant_Meta-Llama-3-1-8B-Instruct_fp16_sentiment_L16_r1_COMPLETE_20260713|a2.0|i72,SteerQuant_Meta-Llama-3-1-8B-Instruct_fp16_sentiment_L16_r1_COMPLETE_20260713.json,meta-llama/Meta-Llama-3.1-8B-Instruct,fp16,r1,2.0,72,146,2125,0,1,,2125,1,False
SteerQuant_Meta-Llama-3-1-8B-Instruct_fp16_sentiment_L16_r1_COMPLETE_20260713|a2.0|i106,SteerQuant_Meta-Llama-3-1-8B-Instruct_fp16_sentiment_L16_r1_COMPLETE_20260713.json,meta-llama/Meta-Llama-3.1-8B-Instruct,fp16,r1,2.0,106,117,360,0,1,,360,1,False
SteerQuant_Meta-Llama-3-1-8B-Instruct_fp16_sentiment_L16_r1_COMPLETE_20260713|a2.0|i108,SteerQuant_Meta-Llama-3-1-8B-Instruct_fp16_sentiment_L16_r1_COMPLETE_20260713.json,meta-llama/Meta-Llama-3.1-8B-Instruct,fp16,r1,2.0,108,103,140,0,1,,140,1,False
SteerQuant_Meta-Llama-3-1-8B-Instruct_fp16_sentiment_L16_r1_COMPLETE_20260713|a2.0|i114,SteerQuant_Meta-Llama-3-1-8B-Instruct_fp16_sentiment_L16_r1_COMPLETE_20260713.json,meta-llama/Meta-Llama-3.1-8B-Instruct,fp16,r1,2.0,114,23,8,0,1,,8,1,False
SteerQuant_Meta-Llama-3-1-8B-Instruct_fp16_sentiment_L16_r1_COMPLETE_20260713|a2.0|i122,SteerQuant_Meta-Llama-3-1-8B-Instruct_fp16_sentiment_L16_r1_COMPLETE_20260713.json,meta-llama/Meta-Llama-3.1-8B-Instruct,fp16,r1,2.0,122,181,160,0,1,,160,1,False
SteerQuant_Meta-Llama-3-1-8B-Instruct_fp16_sentiment_L16_r1_COMPLETE_20260713|a2.0|i123,SteerQuant_Meta-Llama-3-1-8B-Instruct_fp16_sentiment_L16_r1_COMPLETE_20260713.json,meta-llama/Meta-Llama-3.1-8B-Instruct,fp16,r1,2.0,123,55,14,0,1,,14,1,False
SteerQuant_Meta-Llama-3-1-8B-Instruct_fp16_sentiment_L16_r1_COMPLETE_20260713|a2.0|i130,SteerQuant_Meta-Llama-3-1-8B-Instruct_fp16_sentiment_L16_r1_COMPLETE_20260713.json,meta-llama/Meta-Llama-3.1-8B-Instruct,fp16,r1,2.0,130,30,109,0,1,,109,1,False
SteerQuant_Meta-Llama-3-1-8B-Instruct_fp16_sentiment_L16_r1_COMPLETE_20260713|a2.0|i138,SteerQuant_Meta-Llama-3-1-8B-Instruct_fp16_sentiment_L16_r1_COMPLETE_20260713.json,meta-llama/Meta-Llama-3.1-8B-Instruct,fp16,r1,2.0,138,124,10,0,1,,10,1,False
SteerQuant_Meta-Llama-3-1-8B-Instruct_fp16_sentiment_L16_r1_COMPLETE_20260713|a2.0|i142,SteerQuant_Meta-Llama-3-1-8B-Instruct_fp16_sentiment_L16_r1_COMPLETE_20260713.json,meta-llama/Meta-Llama-3.1-8B-Instruct,fp16,r1,2.0,142,67,595,0,1,,595,1,False
SteerQuant_Meta-Llama-3-1-8B-Instruct_fp16_sentiment_L16_r1_COMPLETE_20260713|a2.0|i144,SteerQuant_Meta-Llama-3-1-8B-Instruct_fp16_sentiment_L16_r1_COMPLETE_20260713.json,meta-llama/Meta-Llama-3.1-8B-Instruct,fp16,r1,2.0,144,124,10,0,1,,10,1,False
SteerQuant_Meta-Llama-3-1-8B-Instruct_fp16_sentiment_L16_r1_COMPLETE_20260713|a2.0|i149,SteerQuant_Meta-Llama-3-1-8B-Instruct_fp16_sentiment_L16_r1_COMPLETE_20260713.json,meta-llama/Meta-Llama-3.1-8B-Instruct,fp16,r1,2.0,149,57,83,0,1,,83,1,False
SteerQuant_Meta-Llama-3-1-8B-Instruct_fp16_sentiment_L16_r1_COMPLETE_20260713|a2.0|i152,SteerQuant_Meta-Llama-3-1-8B-Instruct_fp16_sentiment_L16_r1_COMPLETE_20260713.json,meta-llama/Meta-Llama-3.1-8B-Instruct,fp16,r1,2.0,152,146,2125,0,1,,2125,1,False
SteerQuant_Meta-Llama-3-1-8B-Instruct_fp16_sentiment_L16_r1_COMPLETE_20260713|a2.0|i170,SteerQuant_Meta-Llama-3-1-8B-Instruct_fp16_sentiment_L16_r1_COMPLETE_20260713.json,meta-llama/Meta-Llama-3.1-8B-Instruct,fp16,r1,2.0,170,122,48,0,1,,48,1,False
SteerQuant_Meta-Llama-3-1-8B-Instruct_fp16_sentiment_L16_r1_COMPLETE_20260713|a2.0|i178,SteerQuant_Meta-Llama-3-1-8B-Instruct_fp16_sentiment_L16_r1_COMPLETE_20260713.json,meta-llama/Meta-Llama-3.1-8B-Instruct,fp16,r1,2.0,178,195,12,0,1,,12,1,False
SteerQuant_Meta-Llama-3-1-8B-Instruct_fp16_sentiment_L16_r1_COMPLETE_20260713|a2.0|i198,SteerQuant_Meta-Llama-3-1-8B-Instruct_fp16_sentiment_L16_r1_COMPLETE_20260713.json,meta-llama/Meta-Llama-3.1-8B-Instruct,fp16,r1,2.0,198,21,14,0,1,,14,1,False
SteerQuant_Meta-Llama-3-1-8B-Instruct_fp16_sentiment_L16_r1_COMPLETE_20260713|a4.0|i2,SteerQuant_Meta-Llama-3-1-8B-Instruct_fp16_sentiment_L16_r1_COMPLETE_20260713.json,meta-llama/Meta-Llama-3.1-8B-Instruct,fp16,r1,4.0,2,36,75,0,1,,75,1,False
SteerQuant_Meta-Llama-3-1-8B-Instruct_fp16_sentiment_L16_r1_COMPLETE_20260713|a4.0|i14,SteerQuant_Meta-Llama-3-1-8B-Instruct_fp16_sentiment_L16_r1_COMPLETE_20260713.json,meta-llama/Meta-Llama-3.1-8B-Instruct,fp16,r1,4.0,14,66,48,0,1,,48,1,False
SteerQuant_Meta-Llama-3-1-8B-Instruct_fp16_sentiment_L16_r1_COMPLETE_20260713|a4.0|i18,SteerQuant_Meta-Llama-3-1-8B-Instruct_fp16_sentiment_L16_r1_COMPLETE_20260713.json,meta-llama/Meta-Llama-3.1-8B-Instruct,fp16,r1,4.0,18,198,320,0,1,,320,1,False
SteerQuant_Meta-Llama-3-1-8B-Instruct_fp16_sentiment_L16_r1_COMPLETE_20260713|a4.0|i20,SteerQuant_Meta-Llama-3-1-8B-Instruct_fp16_sentiment_L16_r1_COMPLETE_20260713.json,meta-llama/Meta-Llama-3.1-8B-Instruct,fp16,r1,4.0,20,10,366,0,1,,366,1,False
SteerQuant_Meta-Llama-3-1-8B-Instruct_fp16_sentiment_L16_r1_COMPLETE_20260713|a4.0|i31,SteerQuant_Meta-Llama-3-1-8B-Instruct_fp16_sentiment_L16_r1_COMPLETE_20260713.json,meta-llama/Meta-Llama-3.1-8B-Instruct,fp16,r1,4.0,31,10,366,0,1,,366,1,False
SteerQuant_Meta-Llama-3-1-8B-Instruct_fp16_sentiment_L16_r1_COMPLETE_20260713|a4.0|i38,SteerQuant_Meta-Llama-3-1-8B-Instruct_fp16_sentiment_L16_r1_COMPLETE_20260713.json,meta-llama/Meta-Llama-3.1-8B-Instruct,fp16,r1,4.0,38,181,160,0,1,,160,1,False
SteerQuant_Meta-Llama-3-1-8B-Instruct_fp16_sentiment_L16_r1_COMPLETE_20260713|a4.0|i48,SteerQuant_Meta-Llama-3-1-8B-Instruct_fp16_sentiment_L16_r1_COMPLETE_20260713.json,meta-llama/Meta-Llama-3.1-8B-Instruct,fp16,r1,4.0,48,42,26,0,1,,26,1,False
SteerQuant_Meta-Llama-3-1-8B-Instruct_fp16_sentiment_L16_r1_COMPLETE_20260713|a4.0|i56,SteerQuant_Meta-Llama-3-1-8B-Instruct_fp16_sentiment_L16_r1_COMPLETE_20260713.json,meta-llama/Meta-Llama-3.1-8B-Instruct,fp16,r1,4.0,56,151,5,0,1,,5,1,False
SteerQuant_Meta-Llama-3-1-8B-Instruct_fp16_sentiment_L16_r1_COMPLETE_20260713|a4.0|i57,SteerQuant_Meta-Llama-3-1-8B-Instruct_fp16_sentiment_L16_r1_COMPLETE_20260713.json,meta-llama/Meta-Llama-3.1-8B-Instruct,fp16,r1,4.0,57,111,16,0,1,,16,1,False
SteerQuant_Meta-Llama-3-1-8B-Instruct_fp16_sentiment_L16_r1_COMPLETE_20260713|a4.0|i58,SteerQuant_Meta-Llama-3-1-8B-Instruct_fp16_sentiment_L16_r1_COMPLETE_20260713.json,meta-llama/Meta-Llama-3.1-8B-Instruct,fp16,r1,4.0,58,27,16,0,1,,16,1,False
SteerQuant_Meta-Llama-3-1-8B-Instruct_fp16_sentiment_L16_r1_COMPLETE_20260713|a4.0|i61,SteerQuant_Meta-Llama-3-1-8B-Instruct_fp16_sentiment_L16_r1_COMPLETE_20260713.json,meta-llama/Meta-Llama-3.1-8B-Instruct,fp16,r1,4.0,61,30,109,0,1,,109,1,False
SteerQuant_Meta-Llama-3-1-8B-Instruct_fp16_sentiment_L16_r1_COMPLETE_20260713|a4.0|i62,SteerQuant_Meta-Llama-3-1-8B-Instruct_fp16_sentiment_L16_r1_COMPLETE_20260713.json,meta-llama/Meta-Llama-3.1-8B-Instruct,fp16,r1,4.0,62,181,160,0,1,,160,1,False
SteerQuant_Meta-Llama-3-1-8B-Instruct_fp16_sentiment_L16_r1_COMPLETE_20260713|a4.0|i83,SteerQuant_Meta-Llama-3-1-8B-Instruct_fp16_sentiment_L16_r1_COMPLETE_20260713.json,meta-llama/Meta-Llama-3.1-8B-Instruct,fp16,r1,4.0,83,151,5,0,1,,5,1,False
SteerQuant_Meta-Llama-3-1-8B-Instruct_fp16_sentiment_L16_r1_COMPLETE_20260713|a4.0|i85,SteerQuant_Meta-Llama-3-1-8B-Instruct_fp16_sentiment_L16_r1_COMPLETE_20260713.json,meta-llama/Meta-Llama-3.1-8B-Instruct,fp16,r1,4.0,85,134,720,0,1,,720,1,False
SteerQuant_Meta-Llama-3-1-8B-Instruct_fp16_sentiment_L16_r1_COMPLETE_20260713|a4.0|i90,SteerQuant_Meta-Llama-3-1-8B-Instruct_fp16_sentiment_L16_r1_COMPLETE_20260713.json,meta-llama/Meta-Llama-3.1-8B-Instruct,fp16,r1,4.0,90,83,600,0,1,,600,1,False
SteerQuant_Meta-Llama-3-1-8B-Instruct_fp16_sentiment_L16_r1_COMPLETE_20260713|a4.0|i92,SteerQuant_Meta-Llama-3-1-8B-Instruct_fp16_sentiment_L16_r1_COMPLETE_20260713.json,meta-llama/Meta-Llama-3.1-8B-Instruct,fp16,r1,4.0,92,190,360,0,1,,360,1,False
SteerQuant_Meta-Llama-3-1-8B-Instruct_fp16_sentiment_L16_r1_COMPLETE_20260713|a4.0|i96,SteerQuant_Meta-Llama-3-1-8B-Instruct_fp16_sentiment_L16_r1_COMPLETE_20260713.json,meta-llama/Meta-Llama-3.1-8B-Instruct,fp16,r1,4.0,96,120,240,0,1,,240,1,False
SteerQuant_Meta-Llama-3-1-8B-Instruct_fp16_sentiment_L16_r1_COMPLETE_20260713|a4.0|i98,SteerQuant_Meta-Llama-3-1-8B-Instruct_fp16_sentiment_L16_r1_COMPLETE_20260713.json,meta-llama/Meta-Llama-3.1-8B-Instruct,fp16,r1,4.0,98,146,2125,0,1,,2125,1,False
SteerQuant_Meta-Llama-3-1-8B-Instruct_fp16_sentiment_L16_r1_COMPLETE_20260713|a4.0|i108,SteerQuant_Meta-Llama-3-1-8B-Instruct_fp16_sentiment_L16_r1_COMPLETE_20260713.json,meta-llama/Meta-Llama-3.1-8B-Instruct,fp16,r1,4.0,108,103,140,0,1,,140,1,False
SteerQuant_Meta-Llama-3-1-8B-Instruct_fp16_sentiment_L16_r1_COMPLETE_20260713|a4.0|i112,SteerQuant_Meta-Llama-3-1-8B-Instruct_fp16_sentiment_L16_r1_COMPLETE_20260713.json,meta-llama/Meta-Llama-3.1-8B-Instruct,fp16,r1,4.0,112,151,5,0,1,,5,1,False
SteerQuant_Meta-Llama-3-1-8B-Instruct_fp16_sentiment_L16_r1_COMPLETE_20260713|a4.0|i116,SteerQuant_Meta-Llama-3-1-8B-Instruct_fp16_sentiment_L16_r1_COMPLETE_20260713.json,meta-llama/Meta-Llama-3.1-8B-Instruct,fp16,r1,4.0,116,83,600,0,1,,600,1,False
SteerQuant_Meta-Llama-3-1-8B-Instruct_fp16_sentiment_L16_r1_COMPLETE_20260713|a4.0|i120,SteerQuant_Meta-Llama-3-1-8B-Instruct_fp16_sentiment_L16_r1_COMPLETE_20260713.json,meta-llama/Meta-Llama-3.1-8B-Instruct,fp16,r1,4.0,120,99,58,0,1,,58,1,False
SteerQuant_Meta-Llama-3-1-8B-Instruct_fp16_sentiment_L16_r1_COMPLETE_20260713|a4.0|i122,SteerQuant_Meta-Llama-3-1-8B-Instruct_fp16_sentiment_L16_r1_COMPLETE_20260713.json,meta-llama/Meta-Llama-3.1-8B-Instruct,fp16,r1,4.0,122,181,160,0,1,,160,1,False
SteerQuant_Meta-Llama-3-1-8B-Instruct_fp16_sentiment_L16_r1_COMPLETE_20260713|a4.0|i123,SteerQuant_Meta-Llama-3-1-8B-Instruct_fp16_sentiment_L16_r1_COMPLETE_20260713.json,meta-llama/Meta-Llama-3.1-8B-Instruct,fp16,r1,4.0,123,55,14,0,1,,14,1,False
SteerQuant_Meta-Llama-3-1-8B-Instruct_fp16_sentiment_L16_r1_COMPLETE_20260713|a4.0|i124,SteerQuant_Meta-Llama-3-1-8B-Instruct_fp16_sentiment_L16_r1_COMPLETE_20260713.json,meta-llama/Meta-Llama-3.1-8B-Instruct,fp16,r1,4.0,124,120,240,0,1,,240,1,False
SteerQuant_Meta-Llama-3-1-8B-Instruct_fp16_sentiment_L16_r1_COMPLETE_20260713|a4.0|i130,SteerQuant_Meta-Llama-3-1-8B-Instruct_fp16_sentiment_L16_r1_COMPLETE_20260713.json,meta-llama/Meta-Llama-3.1-8B-Instruct,fp16,r1,4.0,130,30,109,0,1,,109,1,False
SteerQuant_Meta-Llama-3-1-8B-Instruct_fp16_sentiment_L16_r1_COMPLETE_20260713|a4.0|i138,SteerQuant_Meta-Llama-3-1-8B-Instruct_fp16_sentiment_L16_r1_COMPLETE_20260713.json,meta-llama/Meta-Llama-3.1-8B-Instruct,fp16,r1,4.0,138,124,10,0,1,,10,1,False
SteerQuant_Meta-Llama-3-1-8B-Instruct_fp16_sentiment_L16_r1_COMPLETE_20260713|a4.0|i144,SteerQuant_Meta-Llama-3-1-8B-Instruct_fp16_sentiment_L16_r1_COMPLETE_20260713.json,meta-llama/Meta-Llama-3.1-8B-Instruct,fp16,r1,4.0,144,124,10,0,1,,10,1,False
SteerQuant_Meta-Llama-3-1-8B-Instruct_fp16_sentiment_L16_r1_COMPLETE_20260713|a4.0|i149,SteerQuant_Meta-Llama-3-1-8B-Instruct_fp16_sentiment_L16_r1_COMPLETE_20260713.json,meta-llama/Meta-Llama-3.1-8B-Instruct,fp16,r1,4.0,149,57,83,0,1,,83,1,False
SteerQuant_Meta-Llama-3-1-8B-Instruct_fp16_sentiment_L16_r1_COMPLETE_20260713|a4.0|i152,SteerQuant_Meta-Llama-3-1-8B-Instruct_fp16_sentiment_L16_r1_COMPLETE_20260713.json,meta-llama/Meta-Llama-3.1-8B-Instruct,fp16,r1,4.0,152,146,2125,0,1,,2125,1,False
SteerQuant_Meta-Llama-3-1-8B-Instruct_fp16_sentiment_L16_r1_COMPLETE_20260713|a4.0|i156,SteerQuant_Meta-Llama-3-1-8B-Instruct_fp16_sentiment_L16_r1_COMPLETE_20260713.json,meta-llama/Meta-Llama-3.1-8B-Instruct,fp16,r1,4.0,156,27,16,0,1,,16,1,False
SteerQuant_Meta-Llama-3-1-8B-Instruct_fp16_sentiment_L16_r1_COMPLETE_20260713|a4.0|i158,SteerQuant_Meta-Llama-3-1-8B-Instruct_fp16_sentiment_L16_r1_COMPLETE_20260713.json,meta-llama/Meta-Llama-3.1-8B-Instruct,fp16,r1,4.0,158,151,5,0,1,,5,1,False
SteerQuant_Meta-Llama-3-1-8B-Instruct_fp16_sentiment_L16_r1_COMPLETE_20260713|a4.0|i160,SteerQuant_Meta-Llama-3-1-8B-Instruct_fp16_sentiment_L16_r1_COMPLETE_20260713.json,meta-llama/Meta-Llama-3.1-8B-Instruct,fp16,r1,4.0,160,36,75,0,1,,75,1,False
SteerQuant_Meta-Llama-3-1-8B-Instruct_fp16_sentiment_L16_r1_COMPLETE_20260713|a4.0|i175,SteerQuant_Meta-Llama-3-1-8B-Instruct_fp16_sentiment_L16_r1_COMPLETE_20260713.json,meta-llama/Meta-Llama-3.1-8B-Instruct,fp16,r1,4.0,175,198,320,0,1,,320,1,False
SteerQuant_Meta-Llama-3-1-8B-Instruct_fp16_sentiment_L16_r1_COMPLETE_20260713|a4.0|i179,SteerQuant_Meta-Llama-3-1-8B-Instruct_fp16_sentiment_L16_r1_COMPLETE_20260713.json,meta-llama/Meta-Llama-3.1-8B-Instruct,fp16,r1,4.0,179,198,320,0,1,,320,1,False
SteerQuant_Meta-Llama-3-1-8B-Instruct_fp16_sentiment_L16_r1_COMPLETE_20260713|a6.0|i3,SteerQuant_Meta-Llama-3-1-8B-Instruct_fp16_sentiment_L16_r1_COMPLETE_20260713.json,meta-llama/Meta-Llama-3.1-8B-Instruct,fp16,r1,6.0,3,60,17,0,1,,17,1,False
SteerQuant_Meta-Llama-3-1-8B-Instruct_fp16_sentiment_L16_r1_COMPLETE_20260713|a6.0|i5,SteerQuant_Meta-Llama-3-1-8B-Instruct_fp16_sentiment_L16_r1_COMPLETE_20260713.json,meta-llama/Meta-Llama-3.1-8B-Instruct,fp16,r1,6.0,5,93,36,0,1,,36,1,False
SteerQuant_Meta-Llama-3-1-8B-Instruct_fp16_sentiment_L16_r1_COMPLETE_20260713|a6.0|i18,SteerQuant_Meta-Llama-3-1-8B-Instruct_fp16_sentiment_L16_r1_COMPLETE_20260713.json,meta-llama/Meta-Llama-3.1-8B-Instruct,fp16,r1,6.0,18,198,320,0,1,,320,1,False
SteerQuant_Meta-Llama-3-1-8B-Instruct_fp16_sentiment_L16_r1_COMPLETE_20260713|a6.0|i38,SteerQuant_Meta-Llama-3-1-8B-Instruct_fp16_sentiment_L16_r1_COMPLETE_20260713.json,meta-llama/Meta-Llama-3.1-8B-Instruct,fp16,r1,6.0,38,181,160,0,1,,160,1,False
SteerQuant_Meta-Llama-3-1-8B-Instruct_fp16_sentiment_L16_r1_COMPLETE_20260713|a6.0|i47,SteerQuant_Meta-Llama-3-1-8B-Instruct_fp16_sentiment_L16_r1_COMPLETE_20260713.json,meta-llama/Meta-Llama-3.1-8B-Instruct,fp16,r1,6.0,47,50,294,0,1,,294,1,False
SteerQuant_Meta-Llama-3-1-8B-Instruct_fp16_sentiment_L16_r1_COMPLETE_20260713|a6.0|i48,SteerQuant_Meta-Llama-3-1-8B-Instruct_fp16_sentiment_L16_r1_COMPLETE_20260713.json,meta-llama/Meta-Llama-3.1-8B-Instruct,fp16,r1,6.0,48,42,26,0,1,,26,1,False
SteerQuant_Meta-Llama-3-1-8B-Instruct_fp16_sentiment_L16_r1_COMPLETE_20260713|a6.0|i61,SteerQuant_Meta-Llama-3-1-8B-Instruct_fp16_sentiment_L16_r1_COMPLETE_20260713.json,meta-llama/Meta-Llama-3.1-8B-Instruct,fp16,r1,6.0,61,30,109,0,1,,109,1,False
SteerQuant_Meta-Llama-3-1-8B-Instruct_fp16_sentiment_L16_r1_COMPLETE_20260713|a6.0|i62,SteerQuant_Meta-Llama-3-1-8B-Instruct_fp16_sentiment_L16_r1_COMPLETE_20260713.json,meta-llama/Meta-Llama-3.1-8B-Instruct,fp16,r1,6.0,62,181,160,0,1,,160,1,False
SteerQuant_Meta-Llama-3-1-8B-Instruct_fp16_sentiment_L16_r1_COMPLETE_20260713|a6.0|i65,SteerQuant_Meta-Llama-3-1-8B-Instruct_fp16_sentiment_L16_r1_COMPLETE_20260713.json,meta-llama/Meta-Llama-3.1-8B-Instruct,fp16,r1,6.0,65,64,300,0,1,,300,1,False
SteerQuant_Meta-Llama-3-1-8B-Instruct_fp16_sentiment_L16_r1_COMPLETE_20260713|a6.0|i72,SteerQuant_Meta-Llama-3-1-8B-Instruct_fp16_sentiment_L16_r1_COMPLETE_20260713.json,meta-llama/Meta-Llama-3.1-8B-Instruct,fp16,r1,6.0,72,146,2125,0,1,,2125,1,False
SteerQuant_Meta-Llama-3-1-8B-Instruct_fp16_sentiment_L16_r1_COMPLETE_20260713|a6.0|i85,SteerQuant_Meta-Llama-3-1-8B-Instruct_fp16_sentiment_L16_r1_COMPLETE_20260713.json,meta-llama/Meta-Llama-3.1-8B-Instruct,fp16,r1,6.0,85,134,720,0,1,,720,1,False
SteerQuant_Meta-Llama-3-1-8B-Instruct_fp16_sentiment_L16_r1_COMPLETE_20260713|a6.0|i87,SteerQuant_Meta-Llama-3-1-8B-Instruct_fp16_sentiment_L16_r1_COMPLETE_20260713.json,meta-llama/Meta-Llama-3.1-8B-Instruct,fp16,r1,6.0,87,0,18,0,1,,18,1,False
SteerQuant_Meta-Llama-3-1-8B-Instruct_fp16_sentiment_L16_r1_COMPLETE_20260713|a6.0|i90,SteerQuant_Meta-Llama-3-1-8B-Instruct_fp16_sentiment_L16_r1_COMPLETE_20260713.json,meta-llama/Meta-Llama-3.1-8B-Instruct,fp16,r1,6.0,90,83,600,0,1,,600,1,False
SteerQuant_Meta-Llama-3-1-8B-Instruct_fp16_sentiment_L16_r1_COMPLETE_20260713|a6.0|i92,SteerQuant_Meta-Llama-3-1-8B-Instruct_fp16_sentiment_L16_r1_COMPLETE_20260713.json,meta-llama/Meta-Llama-3.1-8B-Instruct,fp16,r1,6.0,92,190,360,0,1,,360,1,False
SteerQuant_Meta-Llama-3-1-8B-Instruct_fp16_sentiment_L16_r1_COMPLETE_20260713|a6.0|i96,SteerQuant_Meta-Llama-3-1-8B-Instruct_fp16_sentiment_L16_r1_COMPLETE_20260713.json,meta-llama/Meta-Llama-3.1-8B-Instruct,fp16,r1,6.0,96,120,240,0,1,,240,1,False
SteerQuant_Meta-Llama-3-1-8B-Instruct_fp16_sentiment_L16_r1_COMPLETE_20260713|a6.0|i98,SteerQuant_Meta-Llama-3-1-8B-Instruct_fp16_sentiment_L16_r1_COMPLETE_20260713.json,meta-llama/Meta-Llama-3.1-8B-Instruct,fp16,r1,6.0,98,146,2125,0,1,,2125,1,False
SteerQuant_Meta-Llama-3-1-8B-Instruct_fp16_sentiment_L16_r1_COMPLETE_20260713|a6.0|i108,SteerQuant_Meta-Llama-3-1-8B-Instruct_fp16_sentiment_L16_r1_COMPLETE_20260713.json,meta-llama/Meta-Llama-3.1-8B-Instruct,fp16,r1,6.0,108,103,140,0,1,,140,1,False
SteerQuant_Meta-Llama-3-1-8B-Instruct_fp16_sentiment_L16_r1_COMPLETE_20260713|a6.0|i114,SteerQuant_Meta-Llama-3-1-8B-Instruct_fp16_sentiment_L16_r1_COMPLETE_20260713.json,meta-llama/Meta-Llama-3.1-8B-Instruct,fp16,r1,6.0,114,23,8,0,1,,8,1,False
SteerQuant_Meta-Llama-3-1-8B-Instruct_fp16_sentiment_L16_r1_COMPLETE_20260713|a6.0|i116,SteerQuant_Meta-Llama-3-1-8B-Instruct_fp16_sentiment_L16_r1_COMPLETE_20260713.json,meta-llama/Meta-Llama-3.1-8B-Instruct,fp16,r1,6.0,116,83,600,0,1,,600,1,False
SteerQuant_Meta-Llama-3-1-8B-Instruct_fp16_sentiment_L16_r1_COMPLETE_20260713|a6.0|i117,SteerQuant_Meta-Llama-3-1-8B-Instruct_fp16_sentiment_L16_r1_COMPLETE_20260713.json,meta-llama/Meta-Llama-3.1-8B-Instruct,fp16,r1,6.0,117,64,300,0,1,,300,1,False
SteerQuant_Meta-Llama-3-1-8B-Instruct_fp16_sentiment_L16_r1_COMPLETE_20260713|a6.0|i122,SteerQuant_Meta-Llama-3-1-8B-Instruct_fp16_sentiment_L16_r1_COMPLETE_20260713.json,meta-llama/Meta-Llama-3.1-8B-Instruct,fp16,r1,6.0,122,181,160,0,1,,160,1,False
SteerQuant_Meta-Llama-3-1-8B-Instruct_fp16_sentiment_L16_r1_COMPLETE_20260713|a6.0|i123,SteerQuant_Meta-Llama-3-1-8B-Instruct_fp16_sentiment_L16_r1_COMPLETE_20260713.json,meta-llama/Meta-Llama-3.1-8B-Instruct,fp16,r1,6.0,123,55,14,0,1,,14,1,False
SteerQuant_Meta-Llama-3-1-8B-Instruct_fp16_sentiment_L16_r1_COMPLETE_20260713|a6.0|i124,SteerQuant_Meta-Llama-3-1-8B-Instruct_fp16_sentiment_L16_r1_COMPLETE_20260713.json,meta-llama/Meta-Llama-3.1-8B-Instruct,fp16,r1,6.0,124,120,240,0,1,,240,1,False
SteerQuant_Meta-Llama-3-1-8B-Instruct_fp16_sentiment_L16_r1_COMPLETE_20260713|a6.0|i128,SteerQuant_Meta-Llama-3-1-8B-Instruct_fp16_sentiment_L16_r1_COMPLETE_20260713.json,meta-llama/Meta-Llama-3.1-8B-Instruct,fp16,r1,6.0,128,90,225,0,1,,225,1,False
SteerQuant_Meta-Llama-3-1-8B-Instruct_fp16_sentiment_L16_r1_COMPLETE_20260713|a6.0|i130,SteerQuant_Meta-Llama-3-1-8B-Instruct_fp16_sentiment_L16_r1_COMPLETE_20260713.json,meta-llama/Meta-Llama-3.1-8B-Instruct,fp16,r1,6.0,130,30,109,0,1,,109,1,False
SteerQuant_Meta-Llama-3-1-8B-Instruct_fp16_sentiment_L16_r1_COMPLETE_20260713|a6.0|i136,SteerQuant_Meta-Llama-3-1-8B-Instruct_fp16_sentiment_L16_r1_COMPLETE_20260713.json,meta-llama/Meta-Llama-3.1-8B-Instruct,fp16,r1,6.0,136,116,42,0,1,,42,1,False
SteerQuant_Meta-Llama-3-1-8B-Instruct_fp16_sentiment_L16_r1_COMPLETE_20260713|a6.0|i138,SteerQuant_Meta-Llama-3-1-8B-Instruct_fp16_sentiment_L16_r1_COMPLETE_20260713.json,meta-llama/Meta-Llama-3.1-8B-Instruct,fp16,r1,6.0,138,124,10,0,1,,10,1,False
SteerQuant_Meta-Llama-3-1-8B-Instruct_fp16_sentiment_L16_r1_COMPLETE_20260713|a6.0|i144,SteerQuant_Meta-Llama-3-1-8B-Instruct_fp16_sentiment_L16_r1_COMPLETE_20260713.json,meta-llama/Meta-Llama-3.1-8B-Instruct,fp16,r1,6.0,144,124,10,0,1,,10,1,False
SteerQuant_Meta-Llama-3-1-8B-Instruct_fp16_sentiment_L16_r1_COMPLETE_20260713|a6.0|i152,SteerQuant_Meta-Llama-3-1-8B-Instruct_fp16_sentiment_L16_r1_COMPLETE_20260713.json,meta-llama/Meta-Llama-3.1-8B-Instruct,fp16,r1,6.0,152,146,2125,0,1,,2125,1,False
SteerQuant_Meta-Llama-3-1-8B-Instruct_fp16_sentiment_L16_r1_COMPLETE_20260713|a6.0|i154,SteerQuant_Meta-Llama-3-1-8B-Instruct_fp16_sentiment_L16_r1_COMPLETE_20260713.json,meta-llama/Meta-Llama-3.1-8B-Instruct,fp16,r1,6.0,154,80,10,0,1,,10,1,False
SteerQuant_Meta-Llama-3-1-8B-Instruct_fp16_sentiment_L16_r1_COMPLETE_20260713|a6.0|i172,SteerQuant_Meta-Llama-3-1-8B-Instruct_fp16_sentiment_L16_r1_COMPLETE_20260713.json,meta-llama/Meta-Llama-3.1-8B-Instruct,fp16,r1,6.0,172,64,300,0,1,,300,1,False
SteerQuant_Meta-Llama-3-1-8B-Instruct_fp16_sentiment_L16_r1_COMPLETE_20260713|a6.0|i175,SteerQuant_Meta-Llama-3-1-8B-Instruct_fp16_sentiment_L16_r1_COMPLETE_20260713.json,meta-llama/Meta-Llama-3.1-8B-Instruct,fp16,r1,6.0,175,198,320,0,1,,320,1,False
SteerQuant_Meta-Llama-3-1-8B-Instruct_fp16_sentiment_L16_r1_COMPLETE_20260713|a6.0|i179,SteerQuant_Meta-Llama-3-1-8B-Instruct_fp16_sentiment_L16_r1_COMPLETE_20260713.json,meta-llama/Meta-Llama-3.1-8B-Instruct,fp16,r1,6.0,179,198,320,0,1,,320,1,False
SteerQuant_Meta-Llama-3-1-8B-Instruct_fp16_sentiment_L16_r1_COMPLETE_20260713|a6.0|i190,SteerQuant_Meta-Llama-3-1-8B-Instruct_fp16_sentiment_L16_r1_COMPLETE_20260713.json,meta-llama/Meta-Llama-3.1-8B-Instruct,fp16,r1,6.0,190,60,17,0,1,,17,1,False
SteerQuant_Meta-Llama-3-1-8B-Instruct_fp16_sentiment_L16_r1_COMPLETE_20260713|a8.0|i3,SteerQuant_Meta-Llama-3-1-8B-Instruct_fp16_sentiment_L16_r1_COMPLETE_20260713.json,meta-llama/Meta-Llama-3.1-8B-Instruct,fp16,r1,8.0,3,60,17,0,1,,17,1,False
SteerQuant_Meta-Llama-3-1-8B-Instruct_fp16_sentiment_L16_r1_COMPLETE_20260713|a8.0|i18,SteerQuant_Meta-Llama-3-1-8B-Instruct_fp16_sentiment_L16_r1_COMPLETE_20260713.json,meta-llama/Meta-Llama-3.1-8B-Instruct,fp16,r1,8.0,18,198,320,0,1,,320,1,False
SteerQuant_Meta-Llama-3-1-8B-Instruct_fp16_sentiment_L16_r1_COMPLETE_20260713|a8.0|i38,SteerQuant_Meta-Llama-3-1-8B-Instruct_fp16_sentiment_L16_r1_COMPLETE_20260713.json,meta-llama/Meta-Llama-3.1-8B-Instruct,fp16,r1,8.0,38,181,160,0,1,,160,1,False
SteerQuant_Meta-Llama-3-1-8B-Instruct_fp16_sentiment_L16_r1_COMPLETE_20260713|a8.0|i42,SteerQuant_Meta-Llama-3-1-8B-Instruct_fp16_sentiment_L16_r1_COMPLETE_20260713.json,meta-llama/Meta-Llama-3.1-8B-Instruct,fp16,r1,8.0,42,70,7425,0,1,,7425,1,False
SteerQuant_Meta-Llama-3-1-8B-Instruct_fp16_sentiment_L16_r1_COMPLETE_20260713|a8.0|i44,SteerQuant_Meta-Llama-3-1-8B-Instruct_fp16_sentiment_L16_r1_COMPLETE_20260713.json,meta-llama/Meta-Llama-3.1-8B-Instruct,fp16,r1,8.0,44,110,45,0,1,,45,1,False
SteerQuant_Meta-Llama-3-1-8B-Instruct_fp16_sentiment_L16_r1_COMPLETE_20260713|a8.0|i48,SteerQuant_Meta-Llama-3-1-8B-Instruct_fp16_sentiment_L16_r1_COMPLETE_20260713.json,meta-llama/Meta-Llama-3.1-8B-Instruct,fp16,r1,8.0,48,42,26,0,1,,26,1,False
SteerQuant_Meta-Llama-3-1-8B-Instruct_fp16_sentiment_L16_r1_COMPLETE_20260713|a8.0|i53,SteerQuant_Meta-Llama-3-1-8B-Instruct_fp16_sentiment_L16_r1_COMPLETE_20260713.json,meta-llama/Meta-Llama-3.1-8B-Instruct,fp16,r1,8.0,53,70,7425,0,1,,7425,1,False
SteerQuant_Meta-Llama-3-1-8B-Instruct_fp16_sentiment_L16_r1_COMPLETE_20260713|a8.0|i62,SteerQuant_Meta-Llama-3-1-8B-Instruct_fp16_sentiment_L16_r1_COMPLETE_20260713.json,meta-llama/Meta-Llama-3.1-8B-Instruct,fp16,r1,8.0,62,181,160,0,1,,160,1,False
SteerQuant_Meta-Llama-3-1-8B-Instruct_fp16_sentiment_L16_r1_COMPLETE_20260713|a8.0|i63,SteerQuant_Meta-Llama-3-1-8B-Instruct_fp16_sentiment_L16_r1_COMPLETE_20260713.json,meta-llama/Meta-Llama-3.1-8B-Instruct,fp16,r1,8.0,63,56,3,0,1,,3,1,False
SteerQuant_Meta-Llama-3-1-8B-Instruct_fp16_sentiment_L16_r1_COMPLETE_20260713|a8.0|i65,SteerQuant_Meta-Llama-3-1-8B-Instruct_fp16_sentiment_L16_r1_COMPLETE_20260713.json,meta-llama/Meta-Llama-3.1-8B-Instruct,fp16,r1,8.0,65,64,300,0,1,,300,1,False
SteerQuant_Meta-Llama-3-1-8B-Instruct_fp16_sentiment_L16_r1_COMPLETE_20260713|a8.0|i72,SteerQuant_Meta-Llama-3-1-8B-Instruct_fp16_sentiment_L16_r1_COMPLETE_20260713.json,meta-llama/Meta-Llama-3.1-8B-Instruct,fp16,r1,8.0,72,146,2125,0,1,,2125,1,False
SteerQuant_Meta-Llama-3-1-8B-Instruct_fp16_sentiment_L16_r1_COMPLETE_20260713|a8.0|i80,SteerQuant_Meta-Llama-3-1-8B-Instruct_fp16_sentiment_L16_r1_COMPLETE_20260713.json,meta-llama/Meta-Llama-3.1-8B-Instruct,fp16,r1,8.0,80,192,91,0,1,,91,1,False
SteerQuant_Meta-Llama-3-1-8B-Instruct_fp16_sentiment_L16_r1_COMPLETE_20260713|a8.0|i85,SteerQuant_Meta-Llama-3-1-8B-Instruct_fp16_sentiment_L16_r1_COMPLETE_20260713.json,meta-llama/Meta-Llama-3.1-8B-Instruct,fp16,r1,8.0,85,134,720,0,1,,720,1,False
SteerQuant_Meta-Llama-3-1-8B-Instruct_fp16_sentiment_L16_r1_COMPLETE_20260713|a8.0|i88,SteerQuant_Meta-Llama-3-1-8B-Instruct_fp16_sentiment_L16_r1_COMPLETE_20260713.json,meta-llama/Meta-Llama-3.1-8B-Instruct,fp16,r1,8.0,88,152,4,0,1,,4,1,False
SteerQuant_Meta-Llama-3-1-8B-Instruct_fp16_sentiment_L16_r1_COMPLETE_20260713|a8.0|i92,SteerQuant_Meta-Llama-3-1-8B-Instruct_fp16_sentiment_L16_r1_COMPLETE_20260713.json,meta-llama/Meta-Llama-3.1-8B-Instruct,fp16,r1,8.0,92,190,360,0,1,,360,1,False
SteerQuant_Meta-Llama-3-1-8B-Instruct_fp16_sentiment_L16_r1_COMPLETE_20260713|a8.0|i98,SteerQuant_Meta-Llama-3-1-8B-Instruct_fp16_sentiment_L16_r1_COMPLETE_20260713.json,meta-llama/Meta-Llama-3.1-8B-Instruct,fp16,r1,8.0,98,146,2125,0,1,,2125,1,False
SteerQuant_Meta-Llama-3-1-8B-Instruct_fp16_sentiment_L16_r1_COMPLETE_20260713|a8.0|i100,SteerQuant_Meta-Llama-3-1-8B-Instruct_fp16_sentiment_L16_r1_COMPLETE_20260713.json,meta-llama/Meta-Llama-3.1-8B-Instruct,fp16,r1,8.0,100,71,60,0,1,,60,1,False
SteerQuant_Meta-Llama-3-1-8B-Instruct_fp16_sentiment_L16_r1_COMPLETE_20260713|a8.0|i108,SteerQuant_Meta-Llama-3-1-8B-Instruct_fp16_sentiment_L16_r1_COMPLETE_20260713.json,meta-llama/Meta-Llama-3.1-8B-Instruct,fp16,r1,8.0,108,103,140,0,1,,140,1,False
SteerQuant_Meta-Llama-3-1-8B-Instruct_fp16_sentiment_L16_r1_COMPLETE_20260713|a8.0|i117,SteerQuant_Meta-Llama-3-1-8B-Instruct_fp16_sentiment_L16_r1_COMPLETE_20260713.json,meta-llama/Meta-Llama-3.1-8B-Instruct,fp16,r1,8.0,117,64,300,0,1,,300,1,False
SteerQuant_Meta-Llama-3-1-8B-Instruct_fp16_sentiment_L16_r1_COMPLETE_20260713|a8.0|i120,SteerQuant_Meta-Llama-3-1-8B-Instruct_fp16_sentiment_L16_r1_COMPLETE_20260713.json,meta-llama/Meta-Llama-3.1-8B-Instruct,fp16,r1,8.0,120,99,58,0,1,,58,1,False
SteerQuant_Meta-Llama-3-1-8B-Instruct_fp16_sentiment_L16_r1_COMPLETE_20260713|a8.0|i122,SteerQuant_Meta-Llama-3-1-8B-Instruct_fp16_sentiment_L16_r1_COMPLETE_20260713.json,meta-llama/Meta-Llama-3.1-8B-Instruct,fp16,r1,8.0,122,181,160,0,1,,160,1,False
SteerQuant_Meta-Llama-3-1-8B-Instruct_fp16_sentiment_L16_r1_COMPLETE_20260713|a8.0|i128,SteerQuant_Meta-Llama-3-1-8B-Instruct_fp16_sentiment_L16_r1_COMPLETE_20260713.json,meta-llama/Meta-Llama-3.1-8B-Instruct,fp16,r1,8.0,128,90,225,0,1,,225,1,False
SteerQuant_Meta-Llama-3-1-8B-Instruct_fp16_sentiment_L16_r1_COMPLETE_20260713|a8.0|i136,SteerQuant_Meta-Llama-3-1-8B-Instruct_fp16_sentiment_L16_r1_COMPLETE_20260713.json,meta-llama/Meta-Llama-3.1-8B-Instruct,fp16,r1,8.0,136,116,42,0,1,,42,1,False
SteerQuant_Meta-Llama-3-1-8B-Instruct_fp16_sentiment_L16_r1_COMPLETE_20260713|a8.0|i137,SteerQuant_Meta-Llama-3-1-8B-Instruct_fp16_sentiment_L16_r1_COMPLETE_20260713.json,meta-llama/Meta-Llama-3.1-8B-Instruct,fp16,r1,8.0,137,71,60,0,1,,60,1,False
SteerQuant_Meta-Llama-3-1-8B-Instruct_fp16_sentiment_L16_r1_COMPLETE_20260713|a8.0|i149,SteerQuant_Meta-Llama-3-1-8B-Instruct_fp16_sentiment_L16_r1_COMPLETE_20260713.json,meta-llama/Meta-Llama-3.1-8B-Instruct,fp16,r1,8.0,149,57,83,0,1,,83,1,False
SteerQuant_Meta-Llama-3-1-8B-Instruct_fp16_sentiment_L16_r1_COMPLETE_20260713|a8.0|i151,SteerQuant_Meta-Llama-3-1-8B-Instruct_fp16_sentiment_L16_r1_COMPLETE_20260713.json,meta-llama/Meta-Llama-3.1-8B-Instruct,fp16,r1,8.0,151,60,17,0,1,,17,1,False
SteerQuant_Meta-Llama-3-1-8B-Instruct_fp16_sentiment_L16_r1_COMPLETE_20260713|a8.0|i152,SteerQuant_Meta-Llama-3-1-8B-Instruct_fp16_sentiment_L16_r1_COMPLETE_20260713.json,meta-llama/Meta-Llama-3.1-8B-Instruct,fp16,r1,8.0,152,146,2125,0,1,,2125,1,False
SteerQuant_Meta-Llama-3-1-8B-Instruct_fp16_sentiment_L16_r1_COMPLETE_20260713|a8.0|i165,SteerQuant_Meta-Llama-3-1-8B-Instruct_fp16_sentiment_L16_r1_COMPLETE_20260713.json,meta-llama/Meta-Llama-3.1-8B-Instruct,fp16,r1,8.0,165,152,4,0,1,,4,1,False
SteerQuant_Meta-Llama-3-1-8B-Instruct_fp16_sentiment_L16_r1_COMPLETE_20260713|a8.0|i172,SteerQuant_Meta-Llama-3-1-8B-Instruct_fp16_sentiment_L16_r1_COMPLETE_20260713.json,meta-llama/Meta-Llama-3.1-8B-Instruct,fp16,r1,8.0,172,64,300,0,1,,300,1,False
SteerQuant_Meta-Llama-3-1-8B-Instruct_fp16_sentiment_L16_r1_COMPLETE_20260713|a8.0|i175,SteerQuant_Meta-Llama-3-1-8B-Instruct_fp16_sentiment_L16_r1_COMPLETE_20260713.json,meta-llama/Meta-Llama-3.1-8B-Instruct,fp16,r1,8.0,175,198,320,0,1,,320,1,False
SteerQuant_Meta-Llama-3-1-8B-Instruct_fp16_sentiment_L16_r1_COMPLETE_20260713|a8.0|i179,SteerQuant_Meta-Llama-3-1-8B-Instruct_fp16_sentiment_L16_r1_COMPLETE_20260713.json,meta-llama/Meta-Llama-3.1-8B-Instruct,fp16,r1,8.0,179,198,320,0,1,,320,1,False
SteerQuant_Meta-Llama-3-1-8B-Instruct_fp16_sentiment_L16_r1_COMPLETE_20260713|a8.0|i181,SteerQuant_Meta-Llama-3-1-8B-Instruct_fp16_sentiment_L16_r1_COMPLETE_20260713.json,meta-llama/Meta-Llama-3.1-8B-Instruct,fp16,r1,8.0,181,85,44,0,1,,44,1,False
SteerQuant_Meta-Llama-3-1-8B-Instruct_fp16_sentiment_L16_r1_COMPLETE_20260713|a8.0|i190,SteerQuant_Meta-Llama-3-1-8B-Instruct_fp16_sentiment_L16_r1_COMPLETE_20260713.json,meta-llama/Meta-Llama-3.1-8B-Instruct,fp16,r1,8.0,190,60,17,0,1,,17,1,False
SteerQuant_Meta-Llama-3-1-8B-Instruct_fp16_sentiment_L16_r1_COMPLETE_20260713|a8.0|i194,SteerQuant_Meta-Llama-3-1-8B-Instruct_fp16_sentiment_L16_r1_COMPLETE_20260713.json,meta-llama/Meta-Llama-3.1-8B-Instruct,fp16,r1,8.0,194,110,45,0,1,,45,1,False
SteerQuant_Meta-Llama-3-1-8B-Instruct_fp16_sentiment_L16_r1_COMPLETE_20260713|a8.0|i196,SteerQuant_Meta-Llama-3-1-8B-Instruct_fp16_sentiment_L16_r1_COMPLETE_20260713.json,meta-llama/Meta-Llama-3.1-8B-Instruct,fp16,r1,8.0,196,110,45,0,1,,45,1,False
SteerQuant_Meta-Llama-3-1-8B-Instruct_fp16_sentiment_L16_r1_COMPLETE_20260713|a10.0|i8,SteerQuant_Meta-Llama-3-1-8B-Instruct_fp16_sentiment_L16_r1_COMPLETE_20260713.json,meta-llama/Meta-Llama-3.1-8B-Instruct,fp16,r1,10.0,8,24,26,0,1,,26,1,False
SteerQuant_Meta-Llama-3-1-8B-Instruct_fp16_sentiment_L16_r1_COMPLETE_20260713|a10.0|i19,SteerQuant_Meta-Llama-3-1-8B-Instruct_fp16_sentiment_L16_r1_COMPLETE_20260713.json,meta-llama/Meta-Llama-3.1-8B-Instruct,fp16,r1,10.0,19,105,20,0,1,,20,1,False
SteerQuant_Meta-Llama-3-1-8B-Instruct_fp16_sentiment_L16_r1_COMPLETE_20260713|a10.0|i48,SteerQuant_Meta-Llama-3-1-8B-Instruct_fp16_sentiment_L16_r1_COMPLETE_20260713.json,meta-llama/Meta-Llama-3.1-8B-Instruct,fp16,r1,10.0,48,42,26,0,1,,26,1,False
SteerQuant_Meta-Llama-3-1-8B-Instruct_fp16_sentiment_L16_r1_COMPLETE_20260713|a10.0|i65,SteerQuant_Meta-Llama-3-1-8B-Instruct_fp16_sentiment_L16_r1_COMPLETE_20260713.json,meta-llama/Meta-Llama-3.1-8B-Instruct,fp16,r1,10.0,65,64,300,0,1,,300,1,False
SteerQuant_Meta-Llama-3-1-8B-Instruct_fp16_sentiment_L16_r1_COMPLETE_20260713|a10.0|i100,SteerQuant_Meta-Llama-3-1-8B-Instruct_fp16_sentiment_L16_r1_COMPLETE_20260713.json,meta-llama/Meta-Llama-3.1-8B-Instruct,fp16,r1,10.0,100,71,60,0,1,,60,1,False
SteerQuant_Meta-Llama-3-1-8B-Instruct_fp16_sentiment_L16_r1_COMPLETE_20260713|a10.0|i108,SteerQuant_Meta-Llama-3-1-8B-Instruct_fp16_sentiment_L16_r1_COMPLETE_20260713.json,meta-llama/Meta-Llama-3.1-8B-Instruct,fp16,r1,10.0,108,103,140,0,1,,140,1,False
SteerQuant_Meta-Llama-3-1-8B-Instruct_fp16_sentiment_L16_r1_COMPLETE_20260713|a10.0|i117,SteerQuant_Meta-Llama-3-1-8B-Instruct_fp16_sentiment_L16_r1_COMPLETE_20260713.json,meta-llama/Meta-Llama-3.1-8B-Instruct,fp16,r1,10.0,117,64,300,0,1,,300,1,False
SteerQuant_Meta-Llama-3-1-8B-Instruct_fp16_sentiment_L16_r1_COMPLETE_20260713|a10.0|i128,SteerQuant_Meta-Llama-3-1-8B-Instruct_fp16_sentiment_L16_r1_COMPLETE_20260713.json,meta-llama/Meta-Llama-3.1-8B-Instruct,fp16,r1,10.0,128,90,225,0,1,,225,1,False
SteerQuant_Meta-Llama-3-1-8B-Instruct_fp16_sentiment_L16_r1_COMPLETE_20260713|a10.0|i137,SteerQuant_Meta-Llama-3-1-8B-Instruct_fp16_sentiment_L16_r1_COMPLETE_20260713.json,meta-llama/Meta-Llama-3.1-8B-Instruct,fp16,r1,10.0,137,71,60,0,1,,60,1,False
SteerQuant_Meta-Llama-3-1-8B-Instruct_fp16_sentiment_L16_r1_COMPLETE_20260713|a10.0|i138,SteerQuant_Meta-Llama-3-1-8B-Instruct_fp16_sentiment_L16_r1_COMPLETE_20260713.json,meta-llama/Meta-Llama-3.1-8B-Instruct,fp16,r1,10.0,138,124,10,0,1,,10,1,False
SteerQuant_Meta-Llama-3-1-8B-Instruct_fp16_sentiment_L16_r1_COMPLETE_20260713|a10.0|i144,SteerQuant_Meta-Llama-3-1-8B-Instruct_fp16_sentiment_L16_r1_COMPLETE_20260713.json,meta-llama/Meta-Llama-3.1-8B-Instruct,fp16,r1,10.0,144,124,10,0,1,,10,1,False
SteerQuant_Meta-Llama-3-1-8B-Instruct_fp16_sentiment_L16_r1_COMPLETE_20260713|a10.0|i172,SteerQuant_Meta-Llama-3-1-8B-Instruct_fp16_sentiment_L16_r1_COMPLETE_20260713.json,meta-llama/Meta-Llama-3.1-8B-Instruct,fp16,r1,10.0,172,64,300,0,1,,300,1,False
SteerQuant_Meta-Llama-3-1-8B-Instruct_fp16_sentiment_L16_r1_COMPLETE_20260713|a10.0|i184,SteerQuant_Meta-Llama-3-1-8B-Instruct_fp16_sentiment_L16_r1_COMPLETE_20260713.json,meta-llama/Meta-Llama-3.1-8B-Instruct,fp16,r1,10.0,184,96,3,0,1,,3,1,False
SteerQuant_Meta-Llama-3-1-8B-Instruct_fp16_sentiment_L16_r2_COMPLETE_20260713|a0.0|i25,SteerQuant_Meta-Llama-3-1-8B-Instruct_fp16_sentiment_L16_r2_COMPLETE_20260713.json,meta-llama/Meta-Llama-3.1-8B-Instruct,fp16,r2,0.0,25,55,14,0,1,,14,1,False
SteerQuant_Meta-Llama-3-1-8B-Instruct_fp16_sentiment_L16_r2_COMPLETE_20260713|a0.0|i39,SteerQuant_Meta-Llama-3-1-8B-Instruct_fp16_sentiment_L16_r2_COMPLETE_20260713.json,meta-llama/Meta-Llama-3.1-8B-Instruct,fp16,r2,0.0,39,23,8,0,1,,8,1,False
SteerQuant_Meta-Llama-3-1-8B-Instruct_fp16_sentiment_L16_r2_COMPLETE_20260713|a0.0|i47,SteerQuant_Meta-Llama-3-1-8B-Instruct_fp16_sentiment_L16_r2_COMPLETE_20260713.json,meta-llama/Meta-Llama-3.1-8B-Instruct,fp16,r2,0.0,47,21,14,0,1,,14,1,False
SteerQuant_Meta-Llama-3-1-8B-Instruct_fp16_sentiment_L16_r2_COMPLETE_20260713|a0.0|i69,SteerQuant_Meta-Llama-3-1-8B-Instruct_fp16_sentiment_L16_r2_COMPLETE_20260713.json,meta-llama/Meta-Llama-3.1-8B-Instruct,fp16,r2,0.0,69,21,14,0,1,,14,1,False
SteerQuant_Meta-Llama-3-1-8B-Instruct_fp16_sentiment_L16_r2_COMPLETE_20260713|a0.0|i114,SteerQuant_Meta-Llama-3-1-8B-Instruct_fp16_sentiment_L16_r2_COMPLETE_20260713.json,meta-llama/Meta-Llama-3.1-8B-Instruct,fp16,r2,0.0,114,124,10,0,1,,10,1,False
SteerQuant_Meta-Llama-3-1-8B-Instruct_fp16_sentiment_L16_r2_COMPLETE_20260713|a0.0|i131,SteerQuant_Meta-Llama-3-1-8B-Instruct_fp16_sentiment_L16_r2_COMPLETE_20260713.json,meta-llama/Meta-Llama-3.1-8B-Instruct,fp16,r2,0.0,131,181,160,0,1,,160,1,False
SteerQuant_Meta-Llama-3-1-8B-Instruct_fp16_sentiment_L16_r2_COMPLETE_20260713|a0.0|i141,SteerQuant_Meta-Llama-3-1-8B-Instruct_fp16_sentiment_L16_r2_COMPLETE_20260713.json,meta-llama/Meta-Llama-3.1-8B-Instruct,fp16,r2,0.0,141,122,48,0,1,,48,1,False
SteerQuant_Meta-Llama-3-1-8B-Instruct_fp16_sentiment_L16_r2_COMPLETE_20260713|a0.0|i152,SteerQuant_Meta-Llama-3-1-8B-Instruct_fp16_sentiment_L16_r2_COMPLETE_20260713.json,meta-llama/Meta-Llama-3.1-8B-Instruct,fp16,r2,0.0,152,21,14,0,1,,14,1,False
SteerQuant_Meta-Llama-3-1-8B-Instruct_fp16_sentiment_L16_r2_COMPLETE_20260713|a0.0|i157,SteerQuant_Meta-Llama-3-1-8B-Instruct_fp16_sentiment_L16_r2_COMPLETE_20260713.json,meta-llama/Meta-Llama-3.1-8B-Instruct,fp16,r2,0.0,157,23,8,0,1,,8,1,False
SteerQuant_Meta-Llama-3-1-8B-Instruct_fp16_sentiment_L16_r2_COMPLETE_20260713|a0.0|i172,SteerQuant_Meta-Llama-3-1-8B-Instruct_fp16_sentiment_L16_r2_COMPLETE_20260713.json,meta-llama/Meta-Llama-3.1-8B-Instruct,fp16,r2,0.0,172,124,10,0,1,,10,1,False
SteerQuant_Meta-Llama-3-1-8B-Instruct_fp16_sentiment_L16_r2_COMPLETE_20260713|a0.0|i176,SteerQuant_Meta-Llama-3-1-8B-Instruct_fp16_sentiment_L16_r2_COMPLETE_20260713.json,meta-llama/Meta-Llama-3.1-8B-Instruct,fp16,r2,0.0,176,122,48,0,1,,48,1,False
SteerQuant_Meta-Llama-3-1-8B-Instruct_fp16_sentiment_L16_r2_COMPLETE_20260713|a0.0|i191,SteerQuant_Meta-Llama-3-1-8B-Instruct_fp16_sentiment_L16_r2_COMPLETE_20260713.json,meta-llama/Meta-Llama-3.1-8B-Instruct,fp16,r2,0.0,191,104,500,0,1,,500,1,False
SteerQuant_Meta-Llama-3-1-8B-Instruct_fp16_sentiment_L16_r2_COMPLETE_20260713|a2.0|i1,SteerQuant_Meta-Llama-3-1-8B-Instruct_fp16_sentiment_L16_r2_COMPLETE_20260713.json,meta-llama/Meta-Llama-3.1-8B-Instruct,fp16,r2,2.0,1,103,140,0,1,,140,1,False
SteerQuant_Meta-Llama-3-1-8B-Instruct_fp16_sentiment_L16_r2_COMPLETE_20260713|a2.0|i22,SteerQuant_Meta-Llama-3-1-8B-Instruct_fp16_sentiment_L16_r2_COMPLETE_20260713.json,meta-llama/Meta-Llama-3.1-8B-Instruct,fp16,r2,2.0,22,195,12,0,1,,12,1,False
SteerQuant_Meta-Llama-3-1-8B-Instruct_fp16_sentiment_L16_r2_COMPLETE_20260713|a2.0|i25,SteerQuant_Meta-Llama-3-1-8B-Instruct_fp16_sentiment_L16_r2_COMPLETE_20260713.json,meta-llama/Meta-Llama-3.1-8B-Instruct,fp16,r2,2.0,25,55,14,0,1,,14,1,False
SteerQuant_Meta-Llama-3-1-8B-Instruct_fp16_sentiment_L16_r2_COMPLETE_20260713|a2.0|i36,SteerQuant_Meta-Llama-3-1-8B-Instruct_fp16_sentiment_L16_r2_COMPLETE_20260713.json,meta-llama/Meta-Llama-3.1-8B-Instruct,fp16,r2,2.0,36,117,360,0,1,,360,1,False
SteerQuant_Meta-Llama-3-1-8B-Instruct_fp16_sentiment_L16_r2_COMPLETE_20260713|a2.0|i47,SteerQuant_Meta-Llama-3-1-8B-Instruct_fp16_sentiment_L16_r2_COMPLETE_20260713.json,meta-llama/Meta-Llama-3.1-8B-Instruct,fp16,r2,2.0,47,21,14,0,1,,14,1,False
SteerQuant_Meta-Llama-3-1-8B-Instruct_fp16_sentiment_L16_r2_COMPLETE_20260713|a2.0|i63,SteerQuant_Meta-Llama-3-1-8B-Instruct_fp16_sentiment_L16_r2_COMPLETE_20260713.json,meta-llama/Meta-Llama-3.1-8B-Instruct,fp16,r2,2.0,63,198,320,0,1,,320,1,False
SteerQuant_Meta-Llama-3-1-8B-Instruct_fp16_sentiment_L16_r2_COMPLETE_20260713|a2.0|i64,SteerQuant_Meta-Llama-3-1-8B-Instruct_fp16_sentiment_L16_r2_COMPLETE_20260713.json,meta-llama/Meta-Llama-3.1-8B-Instruct,fp16,r2,2.0,64,57,83,0,1,,83,1,False
SteerQuant_Meta-Llama-3-1-8B-Instruct_fp16_sentiment_L16_r2_COMPLETE_20260713|a2.0|i69,SteerQuant_Meta-Llama-3-1-8B-Instruct_fp16_sentiment_L16_r2_COMPLETE_20260713.json,meta-llama/Meta-Llama-3.1-8B-Instruct,fp16,r2,2.0,69,21,14,0,1,,14,1,False
SteerQuant_Meta-Llama-3-1-8B-Instruct_fp16_sentiment_L16_r2_COMPLETE_20260713|a2.0|i73,SteerQuant_Meta-Llama-3-1-8B-Instruct_fp16_sentiment_L16_r2_COMPLETE_20260713.json,meta-llama/Meta-Llama-3.1-8B-Instruct,fp16,r2,2.0,73,185,30,0,1,,30,1,False
SteerQuant_Meta-Llama-3-1-8B-Instruct_fp16_sentiment_L16_r2_COMPLETE_20260713|a2.0|i77,SteerQuant_Meta-Llama-3-1-8B-Instruct_fp16_sentiment_L16_r2_COMPLETE_20260713.json,meta-llama/Meta-Llama-3.1-8B-Instruct,fp16,r2,2.0,77,97,12,0,1,,12,1,False
SteerQuant_Meta-Llama-3-1-8B-Instruct_fp16_sentiment_L16_r2_COMPLETE_20260713|a2.0|i85,SteerQuant_Meta-Llama-3-1-8B-Instruct_fp16_sentiment_L16_r2_COMPLETE_20260713.json,meta-llama/Meta-Llama-3.1-8B-Instruct,fp16,r2,2.0,85,195,12,0,1,,12,1,False
SteerQuant_Meta-Llama-3-1-8B-Instruct_fp16_sentiment_L16_r2_COMPLETE_20260713|a2.0|i88,SteerQuant_Meta-Llama-3-1-8B-Instruct_fp16_sentiment_L16_r2_COMPLETE_20260713.json,meta-llama/Meta-Llama-3.1-8B-Instruct,fp16,r2,2.0,88,117,360,0,1,,360,1,False
SteerQuant_Meta-Llama-3-1-8B-Instruct_fp16_sentiment_L16_r2_COMPLETE_20260713|a2.0|i94,SteerQuant_Meta-Llama-3-1-8B-Instruct_fp16_sentiment_L16_r2_COMPLETE_20260713.json,meta-llama/Meta-Llama-3.1-8B-Instruct,fp16,r2,2.0,94,14,60,0,1,,60,1,False
SteerQuant_Meta-Llama-3-1-8B-Instruct_fp16_sentiment_L16_r2_COMPLETE_20260713|a2.0|i122,SteerQuant_Meta-Llama-3-1-8B-Instruct_fp16_sentiment_L16_r2_COMPLETE_20260713.json,meta-llama/Meta-Llama-3.1-8B-Instruct,fp16,r2,2.0,122,198,320,0,1,,320,1,False
SteerQuant_Meta-Llama-3-1-8B-Instruct_fp16_sentiment_L16_r2_COMPLETE_20260713|a2.0|i129,SteerQuant_Meta-Llama-3-1-8B-Instruct_fp16_sentiment_L16_r2_COMPLETE_20260713.json,meta-llama/Meta-Llama-3.1-8B-Instruct,fp16,r2,2.0,129,185,30,0,1,,30,1,False
SteerQuant_Meta-Llama-3-1-8B-Instruct_fp16_sentiment_L16_r2_COMPLETE_20260713|a2.0|i131,SteerQuant_Meta-Llama-3-1-8B-Instruct_fp16_sentiment_L16_r2_COMPLETE_20260713.json,meta-llama/Meta-Llama-3.1-8B-Instruct,fp16,r2,2.0,131,181,160,0,1,,160,1,False
SteerQuant_Meta-Llama-3-1-8B-Instruct_fp16_sentiment_L16_r2_COMPLETE_20260713|a2.0|i136,SteerQuant_Meta-Llama-3-1-8B-Instruct_fp16_sentiment_L16_r2_COMPLETE_20260713.json,meta-llama/Meta-Llama-3.1-8B-Instruct,fp16,r2,2.0,136,117,360,0,1,,360,1,False
SteerQuant_Meta-Llama-3-1-8B-Instruct_fp16_sentiment_L16_r2_COMPLETE_20260713|a2.0|i141,SteerQuant_Meta-Llama-3-1-8B-Instruct_fp16_sentiment_L16_r2_COMPLETE_20260713.json,meta-llama/Meta-Llama-3.1-8B-Instruct,fp16,r2,2.0,141,122,48,0,1,,48,1,False
SteerQuant_Meta-Llama-3-1-8B-Instruct_fp16_sentiment_L16_r2_COMPLETE_20260713|a2.0|i145,SteerQuant_Meta-Llama-3-1-8B-Instruct_fp16_sentiment_L16_r2_COMPLETE_20260713.json,meta-llama/Meta-Llama-3.1-8B-Instruct,fp16,r2,2.0,145,103,140,0,1,,140,1,False
SteerQuant_Meta-Llama-3-1-8B-Instruct_fp16_sentiment_L16_r2_COMPLETE_20260713|a2.0|i152,SteerQuant_Meta-Llama-3-1-8B-Instruct_fp16_sentiment_L16_r2_COMPLETE_20260713.json,meta-llama/Meta-Llama-3.1-8B-Instruct,fp16,r2,2.0,152,21,14,0,1,,14,1,False
SteerQuant_Meta-Llama-3-1-8B-Instruct_fp16_sentiment_L16_r2_COMPLETE_20260713|a2.0|i153,SteerQuant_Meta-Llama-3-1-8B-Instruct_fp16_sentiment_L16_r2_COMPLETE_20260713.json,meta-llama/Meta-Llama-3.1-8B-Instruct,fp16,r2,2.0,153,135,40,0,1,,40,1,False
SteerQuant_Meta-Llama-3-1-8B-Instruct_fp16_sentiment_L16_r2_COMPLETE_20260713|a2.0|i168,SteerQuant_Meta-Llama-3-1-8B-Instruct_fp16_sentiment_L16_r2_COMPLETE_20260713.json,meta-llama/Meta-Llama-3.1-8B-Instruct,fp16,r2,2.0,168,14,60,0,1,,60,1,False
SteerQuant_Meta-Llama-3-1-8B-Instruct_fp16_sentiment_L16_r2_COMPLETE_20260713|a2.0|i176,SteerQuant_Meta-Llama-3-1-8B-Instruct_fp16_sentiment_L16_r2_COMPLETE_20260713.json,meta-llama/Meta-Llama-3.1-8B-Instruct,fp16,r2,2.0,176,122,48,0,1,,48,1,False
SteerQuant_Meta-Llama-3-1-8B-Instruct_fp16_sentiment_L16_r2_COMPLETE_20260713|a2.0|i179,SteerQuant_Meta-Llama-3-1-8B-Instruct_fp16_sentiment_L16_r2_COMPLETE_20260713.json,meta-llama/Meta-Llama-3.1-8B-Instruct,fp16,r2,2.0,179,14,60,0,1,,60,1,False
SteerQuant_Meta-Llama-3-1-8B-Instruct_fp16_sentiment_L16_r2_COMPLETE_20260713|a2.0|i187,SteerQuant_Meta-Llama-3-1-8B-Instruct_fp16_sentiment_L16_r2_COMPLETE_20260713.json,meta-llama/Meta-Llama-3.1-8B-Instruct,fp16,r2,2.0,187,83,600,0,1,,600,1,False
SteerQuant_Meta-Llama-3-1-8B-Instruct_fp16_sentiment_L16_r2_COMPLETE_20260713|a2.0|i191,SteerQuant_Meta-Llama-3-1-8B-Instruct_fp16_sentiment_L16_r2_COMPLETE_20260713.json,meta-llama/Meta-Llama-3.1-8B-Instruct,fp16,r2,2.0,191,104,500,0,1,,500,1,False
SteerQuant_Meta-Llama-3-1-8B-Instruct_fp16_sentiment_L16_r2_COMPLETE_20260713|a4.0|i1,SteerQuant_Meta-Llama-3-1-8B-Instruct_fp16_sentiment_L16_r2_COMPLETE_20260713.json,meta-llama/Meta-Llama-3.1-8B-Instruct,fp16,r2,4.0,1,103,140,0,1,,140,1,False
SteerQuant_Meta-Llama-3-1-8B-Instruct_fp16_sentiment_L16_r2_COMPLETE_20260713|a4.0|i7,SteerQuant_Meta-Llama-3-1-8B-Instruct_fp16_sentiment_L16_r2_COMPLETE_20260713.json,meta-llama/Meta-Llama-3.1-8B-Instruct,fp16,r2,4.0,7,159,15,0,1,,15,1,False
SteerQuant_Meta-Llama-3-1-8B-Instruct_fp16_sentiment_L16_r2_COMPLETE_20260713|a4.0|i13,SteerQuant_Meta-Llama-3-1-8B-Instruct_fp16_sentiment_L16_r2_COMPLETE_20260713.json,meta-llama/Meta-Llama-3.1-8B-Instruct,fp16,r2,4.0,13,159,15,0,1,,15,1,False
SteerQuant_Meta-Llama-3-1-8B-Instruct_fp16_sentiment_L16_r2_COMPLETE_20260713|a4.0|i27,SteerQuant_Meta-Llama-3-1-8B-Instruct_fp16_sentiment_L16_r2_COMPLETE_20260713.json,meta-llama/Meta-Llama-3.1-8B-Instruct,fp16,r2,4.0,27,130,30,0,1,,30,1,False
SteerQuant_Meta-Llama-3-1-8B-Instruct_fp16_sentiment_L16_r2_COMPLETE_20260713|a4.0|i36,SteerQuant_Meta-Llama-3-1-8B-Instruct_fp16_sentiment_L16_r2_COMPLETE_20260713.json,meta-llama/Meta-Llama-3.1-8B-Instruct,fp16,r2,4.0,36,117,360,0,1,,360,1,False
SteerQuant_Meta-Llama-3-1-8B-Instruct_fp16_sentiment_L16_r2_COMPLETE_20260713|a4.0|i64,SteerQuant_Meta-Llama-3-1-8B-Instruct_fp16_sentiment_L16_r2_COMPLETE_20260713.json,meta-llama/Meta-Llama-3.1-8B-Instruct,fp16,r2,4.0,64,57,83,0,1,,83,1,False
SteerQuant_Meta-Llama-3-1-8B-Instruct_fp16_sentiment_L16_r2_COMPLETE_20260713|a4.0|i88,SteerQuant_Meta-Llama-3-1-8B-Instruct_fp16_sentiment_L16_r2_COMPLETE_20260713.json,meta-llama/Meta-Llama-3.1-8B-Instruct,fp16,r2,4.0,88,117,360,0,1,,360,1,False
SteerQuant_Meta-Llama-3-1-8B-Instruct_fp16_sentiment_L16_r2_COMPLETE_20260713|a4.0|i97,SteerQuant_Meta-Llama-3-1-8B-Instruct_fp16_sentiment_L16_r2_COMPLETE_20260713.json,meta-llama/Meta-Llama-3.1-8B-Instruct,fp16,r2,4.0,97,50,294,0,1,,294,1,False
SteerQuant_Meta-Llama-3-1-8B-Instruct_fp16_sentiment_L16_r2_COMPLETE_20260713|a4.0|i112,SteerQuant_Meta-Llama-3-1-8B-Instruct_fp16_sentiment_L16_r2_COMPLETE_20260713.json,meta-llama/Meta-Llama-3.1-8B-Instruct,fp16,r2,4.0,112,93,36,0,1,,36,1,False
SteerQuant_Meta-Llama-3-1-8B-Instruct_fp16_sentiment_L16_r2_COMPLETE_20260713|a4.0|i114,SteerQuant_Meta-Llama-3-1-8B-Instruct_fp16_sentiment_L16_r2_COMPLETE_20260713.json,meta-llama/Meta-Llama-3.1-8B-Instruct,fp16,r2,4.0,114,124,10,0,1,,10,1,False
SteerQuant_Meta-Llama-3-1-8B-Instruct_fp16_sentiment_L16_r2_COMPLETE_20260713|a4.0|i120,SteerQuant_Meta-Llama-3-1-8B-Instruct_fp16_sentiment_L16_r2_COMPLETE_20260713.json,meta-llama/Meta-Llama-3.1-8B-Instruct,fp16,r2,4.0,120,153,48,0,1,,48,1,False
SteerQuant_Meta-Llama-3-1-8B-Instruct_fp16_sentiment_L16_r2_COMPLETE_20260713|a4.0|i127,SteerQuant_Meta-Llama-3-1-8B-Instruct_fp16_sentiment_L16_r2_COMPLETE_20260713.json,meta-llama/Meta-Llama-3.1-8B-Instruct,fp16,r2,4.0,127,156,1400,0,1,,1400,1,False
SteerQuant_Meta-Llama-3-1-8B-Instruct_fp16_sentiment_L16_r2_COMPLETE_20260713|a4.0|i131,SteerQuant_Meta-Llama-3-1-8B-Instruct_fp16_sentiment_L16_r2_COMPLETE_20260713.json,meta-llama/Meta-Llama-3.1-8B-Instruct,fp16,r2,4.0,131,181,160,0,1,,160,1,False
SteerQuant_Meta-Llama-3-1-8B-Instruct_fp16_sentiment_L16_r2_COMPLETE_20260713|a4.0|i136,SteerQuant_Meta-Llama-3-1-8B-Instruct_fp16_sentiment_L16_r2_COMPLETE_20260713.json,meta-llama/Meta-Llama-3.1-8B-Instruct,fp16,r2,4.0,136,117,360,0,1,,360,1,False
SteerQuant_Meta-Llama-3-1-8B-Instruct_fp16_sentiment_L16_r2_COMPLETE_20260713|a4.0|i138,SteerQuant_Meta-Llama-3-1-8B-Instruct_fp16_sentiment_L16_r2_COMPLETE_20260713.json,meta-llama/Meta-Llama-3.1-8B-Instruct,fp16,r2,4.0,138,99,58,0,1,,58,1,False
SteerQuant_Meta-Llama-3-1-8B-Instruct_fp16_sentiment_L16_r2_COMPLETE_20260713|a4.0|i145,SteerQuant_Meta-Llama-3-1-8B-Instruct_fp16_sentiment_L16_r2_COMPLETE_20260713.json,meta-llama/Meta-Llama-3.1-8B-Instruct,fp16,r2,4.0,145,103,140,0,1,,140,1,False
SteerQuant_Meta-Llama-3-1-8B-Instruct_fp16_sentiment_L16_r2_COMPLETE_20260713|a4.0|i146,SteerQuant_Meta-Llama-3-1-8B-Instruct_fp16_sentiment_L16_r2_COMPLETE_20260713.json,meta-llama/Meta-Llama-3.1-8B-Instruct,fp16,r2,4.0,146,176,100,0,1,,100,1,False
SteerQuant_Meta-Llama-3-1-8B-Instruct_fp16_sentiment_L16_r2_COMPLETE_20260713|a4.0|i172,SteerQuant_Meta-Llama-3-1-8B-Instruct_fp16_sentiment_L16_r2_COMPLETE_20260713.json,meta-llama/Meta-Llama-3.1-8B-Instruct,fp16,r2,4.0,172,124,10,0,1,,10,1,False
SteerQuant_Meta-Llama-3-1-8B-Instruct_fp16_sentiment_L16_r2_COMPLETE_20260713|a4.0|i178,SteerQuant_Meta-Llama-3-1-8B-Instruct_fp16_sentiment_L16_r2_COMPLETE_20260713.json,meta-llama/Meta-Llama-3.1-8B-Instruct,fp16,r2,4.0,178,3,540,0,1,,540,1,False
SteerQuant_Meta-Llama-3-1-8B-Instruct_fp16_sentiment_L16_r2_COMPLETE_20260713|a4.0|i187,SteerQuant_Meta-Llama-3-1-8B-Instruct_fp16_sentiment_L16_r2_COMPLETE_20260713.json,meta-llama/Meta-Llama-3.1-8B-Instruct,fp16,r2,4.0,187,83,600,0,1,,600,1,False
SteerQuant_Meta-Llama-3-1-8B-Instruct_fp16_sentiment_L16_r2_COMPLETE_20260713|a4.0|i191,SteerQuant_Meta-Llama-3-1-8B-Instruct_fp16_sentiment_L16_r2_COMPLETE_20260713.json,meta-llama/Meta-Llama-3.1-8B-Instruct,fp16,r2,4.0,191,104,500,0,1,,500,1,False
SteerQuant_Meta-Llama-3-1-8B-Instruct_fp16_sentiment_L16_r2_COMPLETE_20260713|a6.0|i1,SteerQuant_Meta-Llama-3-1-8B-Instruct_fp16_sentiment_L16_r2_COMPLETE_20260713.json,meta-llama/Meta-Llama-3.1-8B-Instruct,fp16,r2,6.0,1,103,140,0,1,,140,1,False
SteerQuant_Meta-Llama-3-1-8B-Instruct_fp16_sentiment_L16_r2_COMPLETE_20260713|a6.0|i2,SteerQuant_Meta-Llama-3-1-8B-Instruct_fp16_sentiment_L16_r2_COMPLETE_20260713.json,meta-llama/Meta-Llama-3.1-8B-Instruct,fp16,r2,6.0,2,197,6277,0,1,,6277,1,False
SteerQuant_Meta-Llama-3-1-8B-Instruct_fp16_sentiment_L16_r2_COMPLETE_20260713|a6.0|i29,SteerQuant_Meta-Llama-3-1-8B-Instruct_fp16_sentiment_L16_r2_COMPLETE_20260713.json,meta-llama/Meta-Llama-3.1-8B-Instruct,fp16,r2,6.0,29,155,280,0,1,,280,1,False
SteerQuant_Meta-Llama-3-1-8B-Instruct_fp16_sentiment_L16_r2_COMPLETE_20260713|a6.0|i30,SteerQuant_Meta-Llama-3-1-8B-Instruct_fp16_sentiment_L16_r2_COMPLETE_20260713.json,meta-llama/Meta-Llama-3.1-8B-Instruct,fp16,r2,6.0,30,88,8000,0,1,,8000,1,False
SteerQuant_Meta-Llama-3-1-8B-Instruct_fp16_sentiment_L16_r2_COMPLETE_20260713|a6.0|i35,SteerQuant_Meta-Llama-3-1-8B-Instruct_fp16_sentiment_L16_r2_COMPLETE_20260713.json,meta-llama/Meta-Llama-3.1-8B-Instruct,fp16,r2,6.0,35,155,280,0,1,,280,1,False
SteerQuant_Meta-Llama-3-1-8B-Instruct_fp16_sentiment_L16_r2_COMPLETE_20260713|a6.0|i64,SteerQuant_Meta-Llama-3-1-8B-Instruct_fp16_sentiment_L16_r2_COMPLETE_20260713.json,meta-llama/Meta-Llama-3.1-8B-Instruct,fp16,r2,6.0,64,57,83,0,1,,83,1,False
SteerQuant_Meta-Llama-3-1-8B-Instruct_fp16_sentiment_L16_r2_COMPLETE_20260713|a6.0|i65,SteerQuant_Meta-Llama-3-1-8B-Instruct_fp16_sentiment_L16_r2_COMPLETE_20260713.json,meta-llama/Meta-Llama-3.1-8B-Instruct,fp16,r2,6.0,65,71,60,0,1,,60,1,False
SteerQuant_Meta-Llama-3-1-8B-Instruct_fp16_sentiment_L16_r2_COMPLETE_20260713|a6.0|i93,SteerQuant_Meta-Llama-3-1-8B-Instruct_fp16_sentiment_L16_r2_COMPLETE_20260713.json,meta-llama/Meta-Llama-3.1-8B-Instruct,fp16,r2,6.0,93,29,104,0,1,,104,1,False
SteerQuant_Meta-Llama-3-1-8B-Instruct_fp16_sentiment_L16_r2_COMPLETE_20260713|a6.0|i97,SteerQuant_Meta-Llama-3-1-8B-Instruct_fp16_sentiment_L16_r2_COMPLETE_20260713.json,meta-llama/Meta-Llama-3.1-8B-Instruct,fp16,r2,6.0,97,50,294,0,1,,294,1,False
SteerQuant_Meta-Llama-3-1-8B-Instruct_fp16_sentiment_L16_r2_COMPLETE_20260713|a6.0|i102,SteerQuant_Meta-Llama-3-1-8B-Instruct_fp16_sentiment_L16_r2_COMPLETE_20260713.json,meta-llama/Meta-Llama-3.1-8B-Instruct,fp16,r2,6.0,102,27,16,0,1,,16,1,False
SteerQuant_Meta-Llama-3-1-8B-Instruct_fp16_sentiment_L16_r2_COMPLETE_20260713|a6.0|i114,SteerQuant_Meta-Llama-3-1-8B-Instruct_fp16_sentiment_L16_r2_COMPLETE_20260713.json,meta-llama/Meta-Llama-3.1-8B-Instruct,fp16,r2,6.0,114,124,10,0,1,,10,1,False
SteerQuant_Meta-Llama-3-1-8B-Instruct_fp16_sentiment_L16_r2_COMPLETE_20260713|a6.0|i121,SteerQuant_Meta-Llama-3-1-8B-Instruct_fp16_sentiment_L16_r2_COMPLETE_20260713.json,meta-llama/Meta-Llama-3.1-8B-Instruct,fp16,r2,6.0,121,88,8000,0,1,,8000,1,False
SteerQuant_Meta-Llama-3-1-8B-Instruct_fp16_sentiment_L16_r2_COMPLETE_20260713|a6.0|i127,SteerQuant_Meta-Llama-3-1-8B-Instruct_fp16_sentiment_L16_r2_COMPLETE_20260713.json,meta-llama/Meta-Llama-3.1-8B-Instruct,fp16,r2,6.0,127,156,1400,0,1,,1400,1,False
SteerQuant_Meta-Llama-3-1-8B-Instruct_fp16_sentiment_L16_r2_COMPLETE_20260713|a6.0|i131,SteerQuant_Meta-Llama-3-1-8B-Instruct_fp16_sentiment_L16_r2_COMPLETE_20260713.json,meta-llama/Meta-Llama-3.1-8B-Instruct,fp16,r2,6.0,131,181,160,0,1,,160,1,False
SteerQuant_Meta-Llama-3-1-8B-Instruct_fp16_sentiment_L16_r2_COMPLETE_20260713|a6.0|i133,SteerQuant_Meta-Llama-3-1-8B-Instruct_fp16_sentiment_L16_r2_COMPLETE_20260713.json,meta-llama/Meta-Llama-3.1-8B-Instruct,fp16,r2,6.0,133,197,6277,0,1,,6277,1,False
SteerQuant_Meta-Llama-3-1-8B-Instruct_fp16_sentiment_L16_r2_COMPLETE_20260713|a6.0|i138,SteerQuant_Meta-Llama-3-1-8B-Instruct_fp16_sentiment_L16_r2_COMPLETE_20260713.json,meta-llama/Meta-Llama-3.1-8B-Instruct,fp16,r2,6.0,138,99,58,0,1,,58,1,False
SteerQuant_Meta-Llama-3-1-8B-Instruct_fp16_sentiment_L16_r2_COMPLETE_20260713|a6.0|i145,SteerQuant_Meta-Llama-3-1-8B-Instruct_fp16_sentiment_L16_r2_COMPLETE_20260713.json,meta-llama/Meta-Llama-3.1-8B-Instruct,fp16,r2,6.0,145,103,140,0,1,,140,1,False
SteerQuant_Meta-Llama-3-1-8B-Instruct_fp16_sentiment_L16_r2_COMPLETE_20260713|a6.0|i146,SteerQuant_Meta-Llama-3-1-8B-Instruct_fp16_sentiment_L16_r2_COMPLETE_20260713.json,meta-llama/Meta-Llama-3.1-8B-Instruct,fp16,r2,6.0,146,176,100,0,1,,100,1,False
SteerQuant_Meta-Llama-3-1-8B-Instruct_fp16_sentiment_L16_r2_COMPLETE_20260713|a6.0|i172,SteerQuant_Meta-Llama-3-1-8B-Instruct_fp16_sentiment_L16_r2_COMPLETE_20260713.json,meta-llama/Meta-Llama-3.1-8B-Instruct,fp16,r2,6.0,172,124,10,0,1,,10,1,False
SteerQuant_Meta-Llama-3-1-8B-Instruct_fp16_sentiment_L16_r2_COMPLETE_20260713|a6.0|i178,SteerQuant_Meta-Llama-3-1-8B-Instruct_fp16_sentiment_L16_r2_COMPLETE_20260713.json,meta-llama/Meta-Llama-3.1-8B-Instruct,fp16,r2,6.0,178,3,540,0,1,,540,1,False
SteerQuant_Meta-Llama-3-1-8B-Instruct_fp16_sentiment_L16_r2_COMPLETE_20260713|a6.0|i187,SteerQuant_Meta-Llama-3-1-8B-Instruct_fp16_sentiment_L16_r2_COMPLETE_20260713.json,meta-llama/Meta-Llama-3.1-8B-Instruct,fp16,r2,6.0,187,83,600,0,1,,600,1,False
SteerQuant_Meta-Llama-3-1-8B-Instruct_fp16_sentiment_L16_r2_COMPLETE_20260713|a6.0|i191,SteerQuant_Meta-Llama-3-1-8B-Instruct_fp16_sentiment_L16_r2_COMPLETE_20260713.json,meta-llama/Meta-Llama-3.1-8B-Instruct,fp16,r2,6.0,191,104,500,0,1,,500,1,False
SteerQuant_Meta-Llama-3-1-8B-Instruct_fp16_sentiment_L16_r3_COMPLETE_20260713|a0.0|i17,SteerQuant_Meta-Llama-3-1-8B-Instruct_fp16_sentiment_L16_r3_COMPLETE_20260713.json,meta-llama/Meta-Llama-3.1-8B-Instruct,fp16,r3,0.0,17,122,48,0,1,,48,1,False
SteerQuant_Meta-Llama-3-1-8B-Instruct_fp16_sentiment_L16_r3_COMPLETE_20260713|a0.0|i34,SteerQuant_Meta-Llama-3-1-8B-Instruct_fp16_sentiment_L16_r3_COMPLETE_20260713.json,meta-llama/Meta-Llama-3.1-8B-Instruct,fp16,r3,0.0,34,55,14,0,1,,14,1,False
SteerQuant_Meta-Llama-3-1-8B-Instruct_fp16_sentiment_L16_r3_COMPLETE_20260713|a0.0|i50,SteerQuant_Meta-Llama-3-1-8B-Instruct_fp16_sentiment_L16_r3_COMPLETE_20260713.json,meta-llama/Meta-Llama-3.1-8B-Instruct,fp16,r3,0.0,50,23,8,0,1,,8,1,False
SteerQuant_Meta-Llama-3-1-8B-Instruct_fp16_sentiment_L16_r3_COMPLETE_20260713|a0.0|i53,SteerQuant_Meta-Llama-3-1-8B-Instruct_fp16_sentiment_L16_r3_COMPLETE_20260713.json,meta-llama/Meta-Llama-3.1-8B-Instruct,fp16,r3,0.0,53,146,2125,0,1,,2125,1,False
SteerQuant_Meta-Llama-3-1-8B-Instruct_fp16_sentiment_L16_r3_COMPLETE_20260713|a0.0|i61,SteerQuant_Meta-Llama-3-1-8B-Instruct_fp16_sentiment_L16_r3_COMPLETE_20260713.json,meta-llama/Meta-Llama-3.1-8B-Instruct,fp16,r3,0.0,61,138,105,0,1,,105,1,False
SteerQuant_Meta-Llama-3-1-8B-Instruct_fp16_sentiment_L16_r3_COMPLETE_20260713|a0.0|i103,SteerQuant_Meta-Llama-3-1-8B-Instruct_fp16_sentiment_L16_r3_COMPLETE_20260713.json,meta-llama/Meta-Llama-3.1-8B-Instruct,fp16,r3,0.0,103,138,105,0,1,,105,1,False
SteerQuant_Meta-Llama-3-1-8B-Instruct_fp16_sentiment_L16_r3_COMPLETE_20260713|a0.0|i141,SteerQuant_Meta-Llama-3-1-8B-Instruct_fp16_sentiment_L16_r3_COMPLETE_20260713.json,meta-llama/Meta-Llama-3.1-8B-Instruct,fp16,r3,0.0,141,181,160,0,1,,160,1,False
SteerQuant_Meta-Llama-3-1-8B-Instruct_fp16_sentiment_L16_r3_COMPLETE_20260713|a0.0|i161,SteerQuant_Meta-Llama-3-1-8B-Instruct_fp16_sentiment_L16_r3_COMPLETE_20260713.json,meta-llama/Meta-Llama-3.1-8B-Instruct,fp16,r3,0.0,161,110,45,0,1,,45,1,False
SteerQuant_Meta-Llama-3-1-8B-Instruct_fp16_sentiment_L16_r3_COMPLETE_20260713|a0.0|i167,SteerQuant_Meta-Llama-3-1-8B-Instruct_fp16_sentiment_L16_r3_COMPLETE_20260713.json,meta-llama/Meta-Llama-3.1-8B-Instruct,fp16,r3,0.0,167,104,500,0,1,,500,1,False
SteerQuant_Meta-Llama-3-1-8B-Instruct_fp16_sentiment_L16_r3_COMPLETE_20260713|a0.0|i187,SteerQuant_Meta-Llama-3-1-8B-Instruct_fp16_sentiment_L16_r3_COMPLETE_20260713.json,meta-llama/Meta-Llama-3.1-8B-Instruct,fp16,r3,0.0,187,21,14,0,1,,14,1,False
SteerQuant_Meta-Llama-3-1-8B-Instruct_fp16_sentiment_L16_r3_COMPLETE_20260713|a2.0|i14,SteerQuant_Meta-Llama-3-1-8B-Instruct_fp16_sentiment_L16_r3_COMPLETE_20260713.json,meta-llama/Meta-Llama-3.1-8B-Instruct,fp16,r3,2.0,14,146,2125,0,1,,2125,1,False
SteerQuant_Meta-Llama-3-1-8B-Instruct_fp16_sentiment_L16_r3_COMPLETE_20260713|a2.0|i17,SteerQuant_Meta-Llama-3-1-8B-Instruct_fp16_sentiment_L16_r3_COMPLETE_20260713.json,meta-llama/Meta-Llama-3.1-8B-Instruct,fp16,r3,2.0,17,122,48,0,1,,48,1,False
SteerQuant_Meta-Llama-3-1-8B-Instruct_fp16_sentiment_L16_r3_COMPLETE_20260713|a2.0|i34,SteerQuant_Meta-Llama-3-1-8B-Instruct_fp16_sentiment_L16_r3_COMPLETE_20260713.json,meta-llama/Meta-Llama-3.1-8B-Instruct,fp16,r3,2.0,34,55,14,0,1,,14,1,False
SteerQuant_Meta-Llama-3-1-8B-Instruct_fp16_sentiment_L16_r3_COMPLETE_20260713|a2.0|i43,SteerQuant_Meta-Llama-3-1-8B-Instruct_fp16_sentiment_L16_r3_COMPLETE_20260713.json,meta-llama/Meta-Llama-3.1-8B-Instruct,fp16,r3,2.0,43,57,83,0,1,,83,1,False
SteerQuant_Meta-Llama-3-1-8B-Instruct_fp16_sentiment_L16_r3_COMPLETE_20260713|a2.0|i50,SteerQuant_Meta-Llama-3-1-8B-Instruct_fp16_sentiment_L16_r3_COMPLETE_20260713.json,meta-llama/Meta-Llama-3.1-8B-Instruct,fp16,r3,2.0,50,23,8,0,1,,8,1,False
SteerQuant_Meta-Llama-3-1-8B-Instruct_fp16_sentiment_L16_r3_COMPLETE_20260713|a2.0|i53,SteerQuant_Meta-Llama-3-1-8B-Instruct_fp16_sentiment_L16_r3_COMPLETE_20260713.json,meta-llama/Meta-Llama-3.1-8B-Instruct,fp16,r3,2.0,53,146,2125,0,1,,2125,1,False
SteerQuant_Meta-Llama-3-1-8B-Instruct_fp16_sentiment_L16_r3_COMPLETE_20260713|a2.0|i61,SteerQuant_Meta-Llama-3-1-8B-Instruct_fp16_sentiment_L16_r3_COMPLETE_20260713.json,meta-llama/Meta-Llama-3.1-8B-Instruct,fp16,r3,2.0,61,138,105,0,1,,105,1,False
SteerQuant_Meta-Llama-3-1-8B-Instruct_fp16_sentiment_L16_r3_COMPLETE_20260713|a2.0|i62,SteerQuant_Meta-Llama-3-1-8B-Instruct_fp16_sentiment_L16_r3_COMPLETE_20260713.json,meta-llama/Meta-Llama-3.1-8B-Instruct,fp16,r3,2.0,62,117,360,0,1,,360,1,False
SteerQuant_Meta-Llama-3-1-8B-Instruct_fp16_sentiment_L16_r3_COMPLETE_20260713|a2.0|i64,SteerQuant_Meta-Llama-3-1-8B-Instruct_fp16_sentiment_L16_r3_COMPLETE_20260713.json,meta-llama/Meta-Llama-3.1-8B-Instruct,fp16,r3,2.0,64,183,2,0,1,,2,1,False
SteerQuant_Meta-Llama-3-1-8B-Instruct_fp16_sentiment_L16_r3_COMPLETE_20260713|a2.0|i69,SteerQuant_Meta-Llama-3-1-8B-Instruct_fp16_sentiment_L16_r3_COMPLETE_20260713.json,meta-llama/Meta-Llama-3.1-8B-Instruct,fp16,r3,2.0,69,117,360,0,1,,360,1,False
SteerQuant_Meta-Llama-3-1-8B-Instruct_fp16_sentiment_L16_r3_COMPLETE_20260713|a2.0|i86,SteerQuant_Meta-Llama-3-1-8B-Instruct_fp16_sentiment_L16_r3_COMPLETE_20260713.json,meta-llama/Meta-Llama-3.1-8B-Instruct,fp16,r3,2.0,86,81,17,0,1,,17,1,False
SteerQuant_Meta-Llama-3-1-8B-Instruct_fp16_sentiment_L16_r3_COMPLETE_20260713|a2.0|i88,SteerQuant_Meta-Llama-3-1-8B-Instruct_fp16_sentiment_L16_r3_COMPLETE_20260713.json,meta-llama/Meta-Llama-3.1-8B-Instruct,fp16,r3,2.0,88,185,30,0,1,,30,1,False
SteerQuant_Meta-Llama-3-1-8B-Instruct_fp16_sentiment_L16_r3_COMPLETE_20260713|a2.0|i93,SteerQuant_Meta-Llama-3-1-8B-Instruct_fp16_sentiment_L16_r3_COMPLETE_20260713.json,meta-llama/Meta-Llama-3.1-8B-Instruct,fp16,r3,2.0,93,67,595,0,1,,595,1,False
SteerQuant_Meta-Llama-3-1-8B-Instruct_fp16_sentiment_L16_r3_COMPLETE_20260713|a2.0|i103,SteerQuant_Meta-Llama-3-1-8B-Instruct_fp16_sentiment_L16_r3_COMPLETE_20260713.json,meta-llama/Meta-Llama-3.1-8B-Instruct,fp16,r3,2.0,103,138,105,0,1,,105,1,False
SteerQuant_Meta-Llama-3-1-8B-Instruct_fp16_sentiment_L16_r3_COMPLETE_20260713|a2.0|i105,SteerQuant_Meta-Llama-3-1-8B-Instruct_fp16_sentiment_L16_r3_COMPLETE_20260713.json,meta-llama/Meta-Llama-3.1-8B-Instruct,fp16,r3,2.0,105,81,17,0,1,,17,1,False
SteerQuant_Meta-Llama-3-1-8B-Instruct_fp16_sentiment_L16_r3_COMPLETE_20260713|a2.0|i121,SteerQuant_Meta-Llama-3-1-8B-Instruct_fp16_sentiment_L16_r3_COMPLETE_20260713.json,meta-llama/Meta-Llama-3.1-8B-Instruct,fp16,r3,2.0,121,81,17,0,1,,17,1,False
SteerQuant_Meta-Llama-3-1-8B-Instruct_fp16_sentiment_L16_r3_COMPLETE_20260713|a2.0|i127,SteerQuant_Meta-Llama-3-1-8B-Instruct_fp16_sentiment_L16_r3_COMPLETE_20260713.json,meta-llama/Meta-Llama-3.1-8B-Instruct,fp16,r3,2.0,127,142,140,0,1,,140,1,False
SteerQuant_Meta-Llama-3-1-8B-Instruct_fp16_sentiment_L16_r3_COMPLETE_20260713|a2.0|i132,SteerQuant_Meta-Llama-3-1-8B-Instruct_fp16_sentiment_L16_r3_COMPLETE_20260713.json,meta-llama/Meta-Llama-3.1-8B-Instruct,fp16,r3,2.0,132,185,30,0,1,,30,1,False
SteerQuant_Meta-Llama-3-1-8B-Instruct_fp16_sentiment_L16_r3_COMPLETE_20260713|a2.0|i140,SteerQuant_Meta-Llama-3-1-8B-Instruct_fp16_sentiment_L16_r3_COMPLETE_20260713.json,meta-llama/Meta-Llama-3.1-8B-Instruct,fp16,r3,2.0,140,67,595,0,1,,595,1,False
SteerQuant_Meta-Llama-3-1-8B-Instruct_fp16_sentiment_L16_r3_COMPLETE_20260713|a2.0|i141,SteerQuant_Meta-Llama-3-1-8B-Instruct_fp16_sentiment_L16_r3_COMPLETE_20260713.json,meta-llama/Meta-Llama-3.1-8B-Instruct,fp16,r3,2.0,141,181,160,0,1,,160,1,False
SteerQuant_Meta-Llama-3-1-8B-Instruct_fp16_sentiment_L16_r3_COMPLETE_20260713|a2.0|i166,SteerQuant_Meta-Llama-3-1-8B-Instruct_fp16_sentiment_L16_r3_COMPLETE_20260713.json,meta-llama/Meta-Llama-3.1-8B-Instruct,fp16,r3,2.0,166,135,40,0,1,,40,1,False
SteerQuant_Meta-Llama-3-1-8B-Instruct_fp16_sentiment_L16_r3_COMPLETE_20260713|a2.0|i177,SteerQuant_Meta-Llama-3-1-8B-Instruct_fp16_sentiment_L16_r3_COMPLETE_20260713.json,meta-llama/Meta-Llama-3.1-8B-Instruct,fp16,r3,2.0,177,81,17,0,1,,17,1,False
SteerQuant_Meta-Llama-3-1-8B-Instruct_fp16_sentiment_L16_r3_COMPLETE_20260713|a4.0|i1,SteerQuant_Meta-Llama-3-1-8B-Instruct_fp16_sentiment_L16_r3_COMPLETE_20260713.json,meta-llama/Meta-Llama-3.1-8B-Instruct,fp16,r3,4.0,1,145,4000,0,1,,4000,1,False
SteerQuant_Meta-Llama-3-1-8B-Instruct_fp16_sentiment_L16_r3_COMPLETE_20260713|a4.0|i9,SteerQuant_Meta-Llama-3-1-8B-Instruct_fp16_sentiment_L16_r3_COMPLETE_20260713.json,meta-llama/Meta-Llama-3.1-8B-Instruct,fp16,r3,4.0,9,134,720,0,1,,720,1,False
SteerQuant_Meta-Llama-3-1-8B-Instruct_fp16_sentiment_L16_r3_COMPLETE_20260713|a4.0|i10,SteerQuant_Meta-Llama-3-1-8B-Instruct_fp16_sentiment_L16_r3_COMPLETE_20260713.json,meta-llama/Meta-Llama-3.1-8B-Instruct,fp16,r3,4.0,10,103,140,0,1,,140,1,False
SteerQuant_Meta-Llama-3-1-8B-Instruct_fp16_sentiment_L16_r3_COMPLETE_20260713|a4.0|i14,SteerQuant_Meta-Llama-3-1-8B-Instruct_fp16_sentiment_L16_r3_COMPLETE_20260713.json,meta-llama/Meta-Llama-3.1-8B-Instruct,fp16,r3,4.0,14,146,2125,0,1,,2125,1,False
SteerQuant_Meta-Llama-3-1-8B-Instruct_fp16_sentiment_L16_r3_COMPLETE_20260713|a4.0|i20,SteerQuant_Meta-Llama-3-1-8B-Instruct_fp16_sentiment_L16_r3_COMPLETE_20260713.json,meta-llama/Meta-Llama-3.1-8B-Instruct,fp16,r3,4.0,20,198,320,0,1,,320,1,False
SteerQuant_Meta-Llama-3-1-8B-Instruct_fp16_sentiment_L16_r3_COMPLETE_20260713|a4.0|i34,SteerQuant_Meta-Llama-3-1-8B-Instruct_fp16_sentiment_L16_r3_COMPLETE_20260713.json,meta-llama/Meta-Llama-3.1-8B-Instruct,fp16,r3,4.0,34,55,14,0,1,,14,1,False
SteerQuant_Meta-Llama-3-1-8B-Instruct_fp16_sentiment_L16_r3_COMPLETE_20260713|a4.0|i36,SteerQuant_Meta-Llama-3-1-8B-Instruct_fp16_sentiment_L16_r3_COMPLETE_20260713.json,meta-llama/Meta-Llama-3.1-8B-Instruct,fp16,r3,4.0,36,184,25,0,1,,25,1,False
SteerQuant_Meta-Llama-3-1-8B-Instruct_fp16_sentiment_L16_r3_COMPLETE_20260713|a4.0|i43,SteerQuant_Meta-Llama-3-1-8B-Instruct_fp16_sentiment_L16_r3_COMPLETE_20260713.json,meta-llama/Meta-Llama-3.1-8B-Instruct,fp16,r3,4.0,43,57,83,0,1,,83,1,False
SteerQuant_Meta-Llama-3-1-8B-Instruct_fp16_sentiment_L16_r3_COMPLETE_20260713|a4.0|i44,SteerQuant_Meta-Llama-3-1-8B-Instruct_fp16_sentiment_L16_r3_COMPLETE_20260713.json,meta-llama/Meta-Llama-3.1-8B-Instruct,fp16,r3,4.0,44,48,8,0,1,,8,1,False
SteerQuant_Meta-Llama-3-1-8B-Instruct_fp16_sentiment_L16_r3_COMPLETE_20260713|a4.0|i50,SteerQuant_Meta-Llama-3-1-8B-Instruct_fp16_sentiment_L16_r3_COMPLETE_20260713.json,meta-llama/Meta-Llama-3.1-8B-Instruct,fp16,r3,4.0,50,23,8,0,1,,8,1,False
SteerQuant_Meta-Llama-3-1-8B-Instruct_fp16_sentiment_L16_r3_COMPLETE_20260713|a4.0|i53,SteerQuant_Meta-Llama-3-1-8B-Instruct_fp16_sentiment_L16_r3_COMPLETE_20260713.json,meta-llama/Meta-Llama-3.1-8B-Instruct,fp16,r3,4.0,53,146,2125,0,1,,2125,1,False
SteerQuant_Meta-Llama-3-1-8B-Instruct_fp16_sentiment_L16_r3_COMPLETE_20260713|a4.0|i61,SteerQuant_Meta-Llama-3-1-8B-Instruct_fp16_sentiment_L16_r3_COMPLETE_20260713.json,meta-llama/Meta-Llama-3.1-8B-Instruct,fp16,r3,4.0,61,138,105,0,1,,105,1,False
SteerQuant_Meta-Llama-3-1-8B-Instruct_fp16_sentiment_L16_r3_COMPLETE_20260713|a4.0|i64,SteerQuant_Meta-Llama-3-1-8B-Instruct_fp16_sentiment_L16_r3_COMPLETE_20260713.json,meta-llama/Meta-Llama-3.1-8B-Instruct,fp16,r3,4.0,64,183,2,0,1,,2,1,False
SteerQuant_Meta-Llama-3-1-8B-Instruct_fp16_sentiment_L16_r3_COMPLETE_20260713|a4.0|i81,SteerQuant_Meta-Llama-3-1-8B-Instruct_fp16_sentiment_L16_r3_COMPLETE_20260713.json,meta-llama/Meta-Llama-3.1-8B-Instruct,fp16,r3,4.0,81,42,26,0,1,,26,1,False
SteerQuant_Meta-Llama-3-1-8B-Instruct_fp16_sentiment_L16_r3_COMPLETE_20260713|a4.0|i88,SteerQuant_Meta-Llama-3-1-8B-Instruct_fp16_sentiment_L16_r3_COMPLETE_20260713.json,meta-llama/Meta-Llama-3.1-8B-Instruct,fp16,r3,4.0,88,185,30,0,1,,30,1,False
SteerQuant_Meta-Llama-3-1-8B-Instruct_fp16_sentiment_L16_r3_COMPLETE_20260713|a4.0|i103,SteerQuant_Meta-Llama-3-1-8B-Instruct_fp16_sentiment_L16_r3_COMPLETE_20260713.json,meta-llama/Meta-Llama-3.1-8B-Instruct,fp16,r3,4.0,103,138,105,0,1,,105,1,False
SteerQuant_Meta-Llama-3-1-8B-Instruct_fp16_sentiment_L16_r3_COMPLETE_20260713|a4.0|i119,SteerQuant_Meta-Llama-3-1-8B-Instruct_fp16_sentiment_L16_r3_COMPLETE_20260713.json,meta-llama/Meta-Llama-3.1-8B-Instruct,fp16,r3,4.0,119,145,4000,0,1,,4000,1,False
SteerQuant_Meta-Llama-3-1-8B-Instruct_fp16_sentiment_L16_r3_COMPLETE_20260713|a4.0|i124,SteerQuant_Meta-Llama-3-1-8B-Instruct_fp16_sentiment_L16_r3_COMPLETE_20260713.json,meta-llama/Meta-Llama-3.1-8B-Instruct,fp16,r3,4.0,124,42,26,0,1,,26,1,False
SteerQuant_Meta-Llama-3-1-8B-Instruct_fp16_sentiment_L16_r3_COMPLETE_20260713|a4.0|i127,SteerQuant_Meta-Llama-3-1-8B-Instruct_fp16_sentiment_L16_r3_COMPLETE_20260713.json,meta-llama/Meta-Llama-3.1-8B-Instruct,fp16,r3,4.0,127,142,140,0,1,,140,1,False
SteerQuant_Meta-Llama-3-1-8B-Instruct_fp16_sentiment_L16_r3_COMPLETE_20260713|a4.0|i132,SteerQuant_Meta-Llama-3-1-8B-Instruct_fp16_sentiment_L16_r3_COMPLETE_20260713.json,meta-llama/Meta-Llama-3.1-8B-Instruct,fp16,r3,4.0,132,185,30,0,1,,30,1,False
SteerQuant_Meta-Llama-3-1-8B-Instruct_fp16_sentiment_L16_r3_COMPLETE_20260713|a4.0|i133,SteerQuant_Meta-Llama-3-1-8B-Instruct_fp16_sentiment_L16_r3_COMPLETE_20260713.json,meta-llama/Meta-Llama-3.1-8B-Instruct,fp16,r3,4.0,133,190,360,0,1,,360,1,False
SteerQuant_Meta-Llama-3-1-8B-Instruct_fp16_sentiment_L16_r3_COMPLETE_20260713|a4.0|i141,SteerQuant_Meta-Llama-3-1-8B-Instruct_fp16_sentiment_L16_r3_COMPLETE_20260713.json,meta-llama/Meta-Llama-3.1-8B-Instruct,fp16,r3,4.0,141,181,160,0,1,,160,1,False
SteerQuant_Meta-Llama-3-1-8B-Instruct_fp16_sentiment_L16_r3_COMPLETE_20260713|a4.0|i163,SteerQuant_Meta-Llama-3-1-8B-Instruct_fp16_sentiment_L16_r3_COMPLETE_20260713.json,meta-llama/Meta-Llama-3.1-8B-Instruct,fp16,r3,4.0,163,42,26,0,1,,26,1,False
SteerQuant_Meta-Llama-3-1-8B-Instruct_fp16_sentiment_L16_r3_COMPLETE_20260713|a4.0|i166,SteerQuant_Meta-Llama-3-1-8B-Instruct_fp16_sentiment_L16_r3_COMPLETE_20260713.json,meta-llama/Meta-Llama-3.1-8B-Instruct,fp16,r3,4.0,166,135,40,0,1,,40,1,False
SteerQuant_Meta-Llama-3-1-8B-Instruct_fp16_sentiment_L16_r3_COMPLETE_20260713|a4.0|i167,SteerQuant_Meta-Llama-3-1-8B-Instruct_fp16_sentiment_L16_r3_COMPLETE_20260713.json,meta-llama/Meta-Llama-3.1-8B-Instruct,fp16,r3,4.0,167,104,500,0,1,,500,1,False
SteerQuant_Meta-Llama-3-1-8B-Instruct_fp16_sentiment_L16_r3_COMPLETE_20260713|a4.0|i181,SteerQuant_Meta-Llama-3-1-8B-Instruct_fp16_sentiment_L16_r3_COMPLETE_20260713.json,meta-llama/Meta-Llama-3.1-8B-Instruct,fp16,r3,4.0,181,184,25,0,1,,25,1,False
SteerQuant_Meta-Llama-3-1-8B-Instruct_fp16_sentiment_L16_r3_COMPLETE_20260713|a4.0|i182,SteerQuant_Meta-Llama-3-1-8B-Instruct_fp16_sentiment_L16_r3_COMPLETE_20260713.json,meta-llama/Meta-Llama-3.1-8B-Instruct,fp16,r3,4.0,182,48,8,0,1,,8,1,False
SteerQuant_Meta-Llama-3-1-8B-Instruct_fp16_sentiment_L16_r3_COMPLETE_20260713|a4.0|i187,SteerQuant_Meta-Llama-3-1-8B-Instruct_fp16_sentiment_L16_r3_COMPLETE_20260713.json,meta-llama/Meta-Llama-3.1-8B-Instruct,fp16,r3,4.0,187,21,14,0,1,,14,1,False
SteerQuant_Meta-Llama-3-1-8B-Instruct_fp16_sentiment_L16_r3_COMPLETE_20260713|a6.0|i9,SteerQuant_Meta-Llama-3-1-8B-Instruct_fp16_sentiment_L16_r3_COMPLETE_20260713.json,meta-llama/Meta-Llama-3.1-8B-Instruct,fp16,r3,6.0,9,134,720,0,1,,720,1,False
SteerQuant_Meta-Llama-3-1-8B-Instruct_fp16_sentiment_L16_r3_COMPLETE_20260713|a6.0|i10,SteerQuant_Meta-Llama-3-1-8B-Instruct_fp16_sentiment_L16_r3_COMPLETE_20260713.json,meta-llama/Meta-Llama-3.1-8B-Instruct,fp16,r3,6.0,10,103,140,0,1,,140,1,False
SteerQuant_Meta-Llama-3-1-8B-Instruct_fp16_sentiment_L16_r3_COMPLETE_20260713|a6.0|i14,SteerQuant_Meta-Llama-3-1-8B-Instruct_fp16_sentiment_L16_r3_COMPLETE_20260713.json,meta-llama/Meta-Llama-3.1-8B-Instruct,fp16,r3,6.0,14,146,2125,0,1,,2125,1,False
SteerQuant_Meta-Llama-3-1-8B-Instruct_fp16_sentiment_L16_r3_COMPLETE_20260713|a6.0|i29,SteerQuant_Meta-Llama-3-1-8B-Instruct_fp16_sentiment_L16_r3_COMPLETE_20260713.json,meta-llama/Meta-Llama-3.1-8B-Instruct,fp16,r3,6.0,29,60,17,0,1,,17,1,False
SteerQuant_Meta-Llama-3-1-8B-Instruct_fp16_sentiment_L16_r3_COMPLETE_20260713|a6.0|i31,SteerQuant_Meta-Llama-3-1-8B-Instruct_fp16_sentiment_L16_r3_COMPLETE_20260713.json,meta-llama/Meta-Llama-3.1-8B-Instruct,fp16,r3,6.0,31,199,7500,0,1,,7500,1,False
SteerQuant_Meta-Llama-3-1-8B-Instruct_fp16_sentiment_L16_r3_COMPLETE_20260713|a6.0|i43,SteerQuant_Meta-Llama-3-1-8B-Instruct_fp16_sentiment_L16_r3_COMPLETE_20260713.json,meta-llama/Meta-Llama-3.1-8B-Instruct,fp16,r3,6.0,43,57,83,0,1,,83,1,False
SteerQuant_Meta-Llama-3-1-8B-Instruct_fp16_sentiment_L16_r3_COMPLETE_20260713|a6.0|i53,SteerQuant_Meta-Llama-3-1-8B-Instruct_fp16_sentiment_L16_r3_COMPLETE_20260713.json,meta-llama/Meta-Llama-3.1-8B-Instruct,fp16,r3,6.0,53,146,2125,0,1,,2125,1,False
SteerQuant_Meta-Llama-3-1-8B-Instruct_fp16_sentiment_L16_r3_COMPLETE_20260713|a6.0|i63,SteerQuant_Meta-Llama-3-1-8B-Instruct_fp16_sentiment_L16_r3_COMPLETE_20260713.json,meta-llama/Meta-Llama-3.1-8B-Instruct,fp16,r3,6.0,63,26,243,0,1,,243,1,False
SteerQuant_Meta-Llama-3-1-8B-Instruct_fp16_sentiment_L16_r3_COMPLETE_20260713|a6.0|i80,SteerQuant_Meta-Llama-3-1-8B-Instruct_fp16_sentiment_L16_r3_COMPLETE_20260713.json,meta-llama/Meta-Llama-3.1-8B-Instruct,fp16,r3,6.0,80,26,243,0,1,,243,1,False
SteerQuant_Meta-Llama-3-1-8B-Instruct_fp16_sentiment_L16_r3_COMPLETE_20260713|a6.0|i81,SteerQuant_Meta-Llama-3-1-8B-Instruct_fp16_sentiment_L16_r3_COMPLETE_20260713.json,meta-llama/Meta-Llama-3.1-8B-Instruct,fp16,r3,6.0,81,42,26,0,1,,26,1,False
SteerQuant_Meta-Llama-3-1-8B-Instruct_fp16_sentiment_L16_r3_COMPLETE_20260713|a6.0|i88,SteerQuant_Meta-Llama-3-1-8B-Instruct_fp16_sentiment_L16_r3_COMPLETE_20260713.json,meta-llama/Meta-Llama-3.1-8B-Instruct,fp16,r3,6.0,88,185,30,0,1,,30,1,False
SteerQuant_Meta-Llama-3-1-8B-Instruct_fp16_sentiment_L16_r3_COMPLETE_20260713|a6.0|i89,SteerQuant_Meta-Llama-3-1-8B-Instruct_fp16_sentiment_L16_r3_COMPLETE_20260713.json,meta-llama/Meta-Llama-3.1-8B-Instruct,fp16,r3,6.0,89,85,44,0,1,,44,1,False
SteerQuant_Meta-Llama-3-1-8B-Instruct_fp16_sentiment_L16_r3_COMPLETE_20260713|a6.0|i117,SteerQuant_Meta-Llama-3-1-8B-Instruct_fp16_sentiment_L16_r3_COMPLETE_20260713.json,meta-llama/Meta-Llama-3.1-8B-Instruct,fp16,r3,6.0,117,85,44,0,1,,44,1,False
SteerQuant_Meta-Llama-3-1-8B-Instruct_fp16_sentiment_L16_r3_COMPLETE_20260713|a6.0|i118,SteerQuant_Meta-Llama-3-1-8B-Instruct_fp16_sentiment_L16_r3_COMPLETE_20260713.json,meta-llama/Meta-Llama-3.1-8B-Instruct,fp16,r3,6.0,118,88,8000,0,1,,8000,1,False
SteerQuant_Meta-Llama-3-1-8B-Instruct_fp16_sentiment_L16_r3_COMPLETE_20260713|a6.0|i124,SteerQuant_Meta-Llama-3-1-8B-Instruct_fp16_sentiment_L16_r3_COMPLETE_20260713.json,meta-llama/Meta-Llama-3.1-8B-Instruct,fp16,r3,6.0,124,42,26,0,1,,26,1,False
SteerQuant_Meta-Llama-3-1-8B-Instruct_fp16_sentiment_L16_r3_COMPLETE_20260713|a6.0|i125,SteerQuant_Meta-Llama-3-1-8B-Instruct_fp16_sentiment_L16_r3_COMPLETE_20260713.json,meta-llama/Meta-Llama-3.1-8B-Instruct,fp16,r3,6.0,125,70,7425,0,1,,7425,1,False
SteerQuant_Meta-Llama-3-1-8B-Instruct_fp16_sentiment_L16_r3_COMPLETE_20260713|a6.0|i126,SteerQuant_Meta-Llama-3-1-8B-Instruct_fp16_sentiment_L16_r3_COMPLETE_20260713.json,meta-llama/Meta-Llama-3.1-8B-Instruct,fp16,r3,6.0,126,100,175,0,1,,175,1,False
SteerQuant_Meta-Llama-3-1-8B-Instruct_fp16_sentiment_L16_r3_COMPLETE_20260713|a6.0|i127,SteerQuant_Meta-Llama-3-1-8B-Instruct_fp16_sentiment_L16_r3_COMPLETE_20260713.json,meta-llama/Meta-Llama-3.1-8B-Instruct,fp16,r3,6.0,127,142,140,0,1,,140,1,False
SteerQuant_Meta-Llama-3-1-8B-Instruct_fp16_sentiment_L16_r3_COMPLETE_20260713|a6.0|i132,SteerQuant_Meta-Llama-3-1-8B-Instruct_fp16_sentiment_L16_r3_COMPLETE_20260713.json,meta-llama/Meta-Llama-3.1-8B-Instruct,fp16,r3,6.0,132,185,30,0,1,,30,1,False
SteerQuant_Meta-Llama-3-1-8B-Instruct_fp16_sentiment_L16_r3_COMPLETE_20260713|a6.0|i133,SteerQuant_Meta-Llama-3-1-8B-Instruct_fp16_sentiment_L16_r3_COMPLETE_20260713.json,meta-llama/Meta-Llama-3.1-8B-Instruct,fp16,r3,6.0,133,190,360,0,1,,360,1,False
SteerQuant_Meta-Llama-3-1-8B-Instruct_fp16_sentiment_L16_r3_COMPLETE_20260713|a6.0|i136,SteerQuant_Meta-Llama-3-1-8B-Instruct_fp16_sentiment_L16_r3_COMPLETE_20260713.json,meta-llama/Meta-Llama-3.1-8B-Instruct,fp16,r3,6.0,136,88,8000,0,1,,8000,1,False
SteerQuant_Meta-Llama-3-1-8B-Instruct_fp16_sentiment_L16_r3_COMPLETE_20260713|a6.0|i141,SteerQuant_Meta-Llama-3-1-8B-Instruct_fp16_sentiment_L16_r3_COMPLETE_20260713.json,meta-llama/Meta-Llama-3.1-8B-Instruct,fp16,r3,6.0,141,181,160,0,1,,160,1,False
SteerQuant_Meta-Llama-3-1-8B-Instruct_fp16_sentiment_L16_r3_COMPLETE_20260713|a6.0|i163,SteerQuant_Meta-Llama-3-1-8B-Instruct_fp16_sentiment_L16_r3_COMPLETE_20260713.json,meta-llama/Meta-Llama-3.1-8B-Instruct,fp16,r3,6.0,163,42,26,0,1,,26,1,False
SteerQuant_Meta-Llama-3-1-8B-Instruct_fp16_sentiment_L16_r3_COMPLETE_20260713|a6.0|i166,SteerQuant_Meta-Llama-3-1-8B-Instruct_fp16_sentiment_L16_r3_COMPLETE_20260713.json,meta-llama/Meta-Llama-3.1-8B-Instruct,fp16,r3,6.0,166,135,40,0,1,,40,1,False
SteerQuant_Meta-Llama-3-1-8B-Instruct_fp16_sentiment_L16_r3_COMPLETE_20260713|a6.0|i167,SteerQuant_Meta-Llama-3-1-8B-Instruct_fp16_sentiment_L16_r3_COMPLETE_20260713.json,meta-llama/Meta-Llama-3.1-8B-Instruct,fp16,r3,6.0,167,104,500,0,1,,500,1,False
SteerQuant_Meta-Llama-3-1-8B-Instruct_fp16_sentiment_L16_r3_COMPLETE_20260713|a6.0|i171,SteerQuant_Meta-Llama-3-1-8B-Instruct_fp16_sentiment_L16_r3_COMPLETE_20260713.json,meta-llama/Meta-Llama-3.1-8B-Instruct,fp16,r3,6.0,171,86,22,0,1,,22,1,False
SteerQuant_Meta-Llama-3-1-8B-Instruct_fp16_sentiment_L16_r3_COMPLETE_20260713|a6.0|i188,SteerQuant_Meta-Llama-3-1-8B-Instruct_fp16_sentiment_L16_r3_COMPLETE_20260713.json,meta-llama/Meta-Llama-3.1-8B-Instruct,fp16,r3,6.0,188,156,1400,0,1,,1400,1,False
SteerQuant_Meta-Llama-3-1-8B-Instruct_fp16_sentiment_L16_r3_COMPLETE_20260713|a6.0|i192,SteerQuant_Meta-Llama-3-1-8B-Instruct_fp16_sentiment_L16_r3_COMPLETE_20260713.json,meta-llama/Meta-Llama-3.1-8B-Instruct,fp16,r3,6.0,192,31,80,0,1,,80,1,False
SteerQuant_Meta-Llama-3-1-8B-Instruct_fp16_sentiment_L16_r3_COMPLETE_20260713|a6.0|i193,SteerQuant_Meta-Llama-3-1-8B-Instruct_fp16_sentiment_L16_r3_COMPLETE_20260713.json,meta-llama/Meta-Llama-3.1-8B-Instruct,fp16,r3,6.0,193,31,80,0,1,,80,1,False
SteerQuant_Meta-Llama-3-1-8B-Instruct_fp16_sentiment_L16_r3_COMPLETE_20260713|a8.0|i3,SteerQuant_Meta-Llama-3-1-8B-Instruct_fp16_sentiment_L16_r3_COMPLETE_20260713.json,meta-llama/Meta-Llama-3.1-8B-Instruct,fp16,r3,8.0,3,167,16,0,1,,16,1,False
SteerQuant_Meta-Llama-3-1-8B-Instruct_fp16_sentiment_L16_r3_COMPLETE_20260713|a8.0|i9,SteerQuant_Meta-Llama-3-1-8B-Instruct_fp16_sentiment_L16_r3_COMPLETE_20260713.json,meta-llama/Meta-Llama-3.1-8B-Instruct,fp16,r3,8.0,9,134,720,0,1,,720,1,False
SteerQuant_Meta-Llama-3-1-8B-Instruct_fp16_sentiment_L16_r3_COMPLETE_20260713|a8.0|i10,SteerQuant_Meta-Llama-3-1-8B-Instruct_fp16_sentiment_L16_r3_COMPLETE_20260713.json,meta-llama/Meta-Llama-3.1-8B-Instruct,fp16,r3,8.0,10,103,140,0,1,,140,1,False
SteerQuant_Meta-Llama-3-1-8B-Instruct_fp16_sentiment_L16_r3_COMPLETE_20260713|a8.0|i11,SteerQuant_Meta-Llama-3-1-8B-Instruct_fp16_sentiment_L16_r3_COMPLETE_20260713.json,meta-llama/Meta-Llama-3.1-8B-Instruct,fp16,r3,8.0,11,120,240,0,1,,240,1,False
SteerQuant_Meta-Llama-3-1-8B-Instruct_fp16_sentiment_L16_r3_COMPLETE_20260713|a8.0|i14,SteerQuant_Meta-Llama-3-1-8B-Instruct_fp16_sentiment_L16_r3_COMPLETE_20260713.json,meta-llama/Meta-Llama-3.1-8B-Instruct,fp16,r3,8.0,14,146,2125,0,1,,2125,1,False
SteerQuant_Meta-Llama-3-1-8B-Instruct_fp16_sentiment_L16_r3_COMPLETE_20260713|a8.0|i18,SteerQuant_Meta-Llama-3-1-8B-Instruct_fp16_sentiment_L16_r3_COMPLETE_20260713.json,meta-llama/Meta-Llama-3.1-8B-Instruct,fp16,r3,8.0,18,192,91,0,1,,91,1,False
SteerQuant_Meta-Llama-3-1-8B-Instruct_fp16_sentiment_L16_r3_COMPLETE_20260713|a8.0|i20,SteerQuant_Meta-Llama-3-1-8B-Instruct_fp16_sentiment_L16_r3_COMPLETE_20260713.json,meta-llama/Meta-Llama-3.1-8B-Instruct,fp16,r3,8.0,20,198,320,0,1,,320,1,False
SteerQuant_Meta-Llama-3-1-8B-Instruct_fp16_sentiment_L16_r3_COMPLETE_20260713|a8.0|i21,SteerQuant_Meta-Llama-3-1-8B-Instruct_fp16_sentiment_L16_r3_COMPLETE_20260713.json,meta-llama/Meta-Llama-3.1-8B-Instruct,fp16,r3,8.0,21,41,200,0,1,,200,1,False
SteerQuant_Meta-Llama-3-1-8B-Instruct_fp16_sentiment_L16_r3_COMPLETE_20260713|a8.0|i22,SteerQuant_Meta-Llama-3-1-8B-Instruct_fp16_sentiment_L16_r3_COMPLETE_20260713.json,meta-llama/Meta-Llama-3.1-8B-Instruct,fp16,r3,8.0,22,120,240,0,1,,240,1,False
SteerQuant_Meta-Llama-3-1-8B-Instruct_fp16_sentiment_L16_r3_COMPLETE_20260713|a8.0|i31,SteerQuant_Meta-Llama-3-1-8B-Instruct_fp16_sentiment_L16_r3_COMPLETE_20260713.json,meta-llama/Meta-Llama-3.1-8B-Instruct,fp16,r3,8.0,31,199,7500,0,1,,7500,1,False
SteerQuant_Meta-Llama-3-1-8B-Instruct_fp16_sentiment_L16_r3_COMPLETE_20260713|a8.0|i32,SteerQuant_Meta-Llama-3-1-8B-Instruct_fp16_sentiment_L16_r3_COMPLETE_20260713.json,meta-llama/Meta-Llama-3.1-8B-Instruct,fp16,r3,8.0,32,64,300,0,1,,300,1,False
SteerQuant_Meta-Llama-3-1-8B-Instruct_fp16_sentiment_L16_r3_COMPLETE_20260713|a8.0|i43,SteerQuant_Meta-Llama-3-1-8B-Instruct_fp16_sentiment_L16_r3_COMPLETE_20260713.json,meta-llama/Meta-Llama-3.1-8B-Instruct,fp16,r3,8.0,43,57,83,0,1,,83,1,False
SteerQuant_Meta-Llama-3-1-8B-Instruct_fp16_sentiment_L16_r3_COMPLETE_20260713|a8.0|i46,SteerQuant_Meta-Llama-3-1-8B-Instruct_fp16_sentiment_L16_r3_COMPLETE_20260713.json,meta-llama/Meta-Llama-3.1-8B-Instruct,fp16,r3,8.0,46,197,6277,0,1,,6277,1,False
SteerQuant_Meta-Llama-3-1-8B-Instruct_fp16_sentiment_L16_r3_COMPLETE_20260713|a8.0|i53,SteerQuant_Meta-Llama-3-1-8B-Instruct_fp16_sentiment_L16_r3_COMPLETE_20260713.json,meta-llama/Meta-Llama-3.1-8B-Instruct,fp16,r3,8.0,53,146,2125,0,1,,2125,1,False
SteerQuant_Meta-Llama-3-1-8B-Instruct_fp16_sentiment_L16_r3_COMPLETE_20260713|a8.0|i61,SteerQuant_Meta-Llama-3-1-8B-Instruct_fp16_sentiment_L16_r3_COMPLETE_20260713.json,meta-llama/Meta-Llama-3.1-8B-Instruct,fp16,r3,8.0,61,138,105,0,1,,105,1,False
SteerQuant_Meta-Llama-3-1-8B-Instruct_fp16_sentiment_L16_r3_COMPLETE_20260713|a8.0|i62,SteerQuant_Meta-Llama-3-1-8B-Instruct_fp16_sentiment_L16_r3_COMPLETE_20260713.json,meta-llama/Meta-Llama-3.1-8B-Instruct,fp16,r3,8.0,62,117,360,0,1,,360,1,False
SteerQuant_Meta-Llama-3-1-8B-Instruct_fp16_sentiment_L16_r3_COMPLETE_20260713|a8.0|i65,SteerQuant_Meta-Llama-3-1-8B-Instruct_fp16_sentiment_L16_r3_COMPLETE_20260713.json,meta-llama/Meta-Llama-3.1-8B-Instruct,fp16,r3,8.0,65,161,32,0,1,,32,1,False
SteerQuant_Meta-Llama-3-1-8B-Instruct_fp16_sentiment_L16_r3_COMPLETE_20260713|a8.0|i69,SteerQuant_Meta-Llama-3-1-8B-Instruct_fp16_sentiment_L16_r3_COMPLETE_20260713.json,meta-llama/Meta-Llama-3.1-8B-Instruct,fp16,r3,8.0,69,117,360,0,1,,360,1,False
SteerQuant_Meta-Llama-3-1-8B-Instruct_fp16_sentiment_L16_r3_COMPLETE_20260713|a8.0|i91,SteerQuant_Meta-Llama-3-1-8B-Instruct_fp16_sentiment_L16_r3_COMPLETE_20260713.json,meta-llama/Meta-Llama-3.1-8B-Instruct,fp16,r3,8.0,91,64,300,0,1,,300,1,False
SteerQuant_Meta-Llama-3-1-8B-Instruct_fp16_sentiment_L16_r3_COMPLETE_20260713|a8.0|i96,SteerQuant_Meta-Llama-3-1-8B-Instruct_fp16_sentiment_L16_r3_COMPLETE_20260713.json,meta-llama/Meta-Llama-3.1-8B-Instruct,fp16,r3,8.0,96,197,6277,0,1,,6277,1,False
SteerQuant_Meta-Llama-3-1-8B-Instruct_fp16_sentiment_L16_r3_COMPLETE_20260713|a8.0|i103,SteerQuant_Meta-Llama-3-1-8B-Instruct_fp16_sentiment_L16_r3_COMPLETE_20260713.json,meta-llama/Meta-Llama-3.1-8B-Instruct,fp16,r3,8.0,103,138,105,0,1,,105,1,False
SteerQuant_Meta-Llama-3-1-8B-Instruct_fp16_sentiment_L16_r3_COMPLETE_20260713|a8.0|i116,SteerQuant_Meta-Llama-3-1-8B-Instruct_fp16_sentiment_L16_r3_COMPLETE_20260713.json,meta-llama/Meta-Llama-3.1-8B-Instruct,fp16,r3,8.0,116,116,42,0,1,,42,1,False
SteerQuant_Meta-Llama-3-1-8B-Instruct_fp16_sentiment_L16_r3_COMPLETE_20260713|a8.0|i118,SteerQuant_Meta-Llama-3-1-8B-Instruct_fp16_sentiment_L16_r3_COMPLETE_20260713.json,meta-llama/Meta-Llama-3.1-8B-Instruct,fp16,r3,8.0,118,88,8000,0,1,,8000,1,False
SteerQuant_Meta-Llama-3-1-8B-Instruct_fp16_sentiment_L16_r3_COMPLETE_20260713|a8.0|i125,SteerQuant_Meta-Llama-3-1-8B-Instruct_fp16_sentiment_L16_r3_COMPLETE_20260713.json,meta-llama/Meta-Llama-3.1-8B-Instruct,fp16,r3,8.0,125,70,7425,0,1,,7425,1,False
SteerQuant_Meta-Llama-3-1-8B-Instruct_fp16_sentiment_L16_r3_COMPLETE_20260713|a8.0|i127,SteerQuant_Meta-Llama-3-1-8B-Instruct_fp16_sentiment_L16_r3_COMPLETE_20260713.json,meta-llama/Meta-Llama-3.1-8B-Instruct,fp16,r3,8.0,127,142,140,0,1,,140,1,False
SteerQuant_Meta-Llama-3-1-8B-Instruct_fp16_sentiment_L16_r3_COMPLETE_20260713|a8.0|i128,SteerQuant_Meta-Llama-3-1-8B-Instruct_fp16_sentiment_L16_r3_COMPLETE_20260713.json,meta-llama/Meta-Llama-3.1-8B-Instruct,fp16,r3,8.0,128,43,48,0,1,,48,1,False
SteerQuant_Meta-Llama-3-1-8B-Instruct_fp16_sentiment_L16_r3_COMPLETE_20260713|a8.0|i133,SteerQuant_Meta-Llama-3-1-8B-Instruct_fp16_sentiment_L16_r3_COMPLETE_20260713.json,meta-llama/Meta-Llama-3.1-8B-Instruct,fp16,r3,8.0,133,190,360,0,1,,360,1,False
SteerQuant_Meta-Llama-3-1-8B-Instruct_fp16_sentiment_L16_r3_COMPLETE_20260713|a8.0|i135,SteerQuant_Meta-Llama-3-1-8B-Instruct_fp16_sentiment_L16_r3_COMPLETE_20260713.json,meta-llama/Meta-Llama-3.1-8B-Instruct,fp16,r3,8.0,135,120,240,0,1,,240,1,False
SteerQuant_Meta-Llama-3-1-8B-Instruct_fp16_sentiment_L16_r3_COMPLETE_20260713|a8.0|i136,SteerQuant_Meta-Llama-3-1-8B-Instruct_fp16_sentiment_L16_r3_COMPLETE_20260713.json,meta-llama/Meta-Llama-3.1-8B-Instruct,fp16,r3,8.0,136,88,8000,0,1,,8000,1,False
SteerQuant_Meta-Llama-3-1-8B-Instruct_fp16_sentiment_L16_r3_COMPLETE_20260713|a8.0|i141,SteerQuant_Meta-Llama-3-1-8B-Instruct_fp16_sentiment_L16_r3_COMPLETE_20260713.json,meta-llama/Meta-Llama-3.1-8B-Instruct,fp16,r3,8.0,141,181,160,0,1,,160,1,False
SteerQuant_Meta-Llama-3-1-8B-Instruct_fp16_sentiment_L16_r3_COMPLETE_20260713|a8.0|i147,SteerQuant_Meta-Llama-3-1-8B-Instruct_fp16_sentiment_L16_r3_COMPLETE_20260713.json,meta-llama/Meta-Llama-3.1-8B-Instruct,fp16,r3,8.0,147,197,6277,0,1,,6277,1,False
SteerQuant_Meta-Llama-3-1-8B-Instruct_fp16_sentiment_L16_r3_COMPLETE_20260713|a8.0|i164,SteerQuant_Meta-Llama-3-1-8B-Instruct_fp16_sentiment_L16_r3_COMPLETE_20260713.json,meta-llama/Meta-Llama-3.1-8B-Instruct,fp16,r3,8.0,164,167,16,0,1,,16,1,False
SteerQuant_Meta-Llama-3-1-8B-Instruct_fp16_sentiment_L16_r3_COMPLETE_20260713|a8.0|i167,SteerQuant_Meta-Llama-3-1-8B-Instruct_fp16_sentiment_L16_r3_COMPLETE_20260713.json,meta-llama/Meta-Llama-3.1-8B-Instruct,fp16,r3,8.0,167,104,500,0,1,,500,1,False
SteerQuant_Meta-Llama-3-1-8B-Instruct_fp16_sentiment_L16_r3_COMPLETE_20260713|a8.0|i169,SteerQuant_Meta-Llama-3-1-8B-Instruct_fp16_sentiment_L16_r3_COMPLETE_20260713.json,meta-llama/Meta-Llama-3.1-8B-Instruct,fp16,r3,8.0,169,0,18,0,1,,18,1,False
SteerQuant_Meta-Llama-3-1-8B-Instruct_fp16_sentiment_L16_r3_COMPLETE_20260713|a8.0|i176,SteerQuant_Meta-Llama-3-1-8B-Instruct_fp16_sentiment_L16_r3_COMPLETE_20260713.json,meta-llama/Meta-Llama-3.1-8B-Instruct,fp16,r3,8.0,176,66,48,0,1,,48,1,False
SteerQuant_Meta-Llama-3-1-8B-Instruct_fp16_sentiment_L16_r3_COMPLETE_20260713|a8.0|i185,SteerQuant_Meta-Llama-3-1-8B-Instruct_fp16_sentiment_L16_r3_COMPLETE_20260713.json,meta-llama/Meta-Llama-3.1-8B-Instruct,fp16,r3,8.0,185,192,91,0,1,,91,1,False
SteerQuant_Meta-Llama-3-1-8B-Instruct_fp16_sentiment_L16_r3_COMPLETE_20260713|a8.0|i187,SteerQuant_Meta-Llama-3-1-8B-Instruct_fp16_sentiment_L16_r3_COMPLETE_20260713.json,meta-llama/Meta-Llama-3.1-8B-Instruct,fp16,r3,8.0,187,21,14,0,1,,14,1,False
SteerQuant_Meta-Llama-3-1-8B-Instruct_fp16_sentiment_L16_r3_COMPLETE_20260713|a8.0|i188,SteerQuant_Meta-Llama-3-1-8B-Instruct_fp16_sentiment_L16_r3_COMPLETE_20260713.json,meta-llama/Meta-Llama-3.1-8B-Instruct,fp16,r3,8.0,188,156,1400,0,1,,1400,1,False
SteerQuant_Meta-Llama-3-1-8B-Instruct_fp16_sentiment_L16_r3_COMPLETE_20260713|a10.0|i43,SteerQuant_Meta-Llama-3-1-8B-Instruct_fp16_sentiment_L16_r3_COMPLETE_20260713.json,meta-llama/Meta-Llama-3.1-8B-Instruct,fp16,r3,10.0,43,57,83,0,1,,83,1,False
SteerQuant_Meta-Llama-3-1-8B-Instruct_fp16_sentiment_L16_r3_COMPLETE_20260713|a10.0|i46,SteerQuant_Meta-Llama-3-1-8B-Instruct_fp16_sentiment_L16_r3_COMPLETE_20260713.json,meta-llama/Meta-Llama-3.1-8B-Instruct,fp16,r3,10.0,46,197,6277,0,1,,6277,1,False
SteerQuant_Meta-Llama-3-1-8B-Instruct_fp16_sentiment_L16_r3_COMPLETE_20260713|a10.0|i55,SteerQuant_Meta-Llama-3-1-8B-Instruct_fp16_sentiment_L16_r3_COMPLETE_20260713.json,meta-llama/Meta-Llama-3.1-8B-Instruct,fp16,r3,10.0,55,169,120,0,1,,120,1,False
SteerQuant_Meta-Llama-3-1-8B-Instruct_fp16_sentiment_L16_r3_COMPLETE_20260713|a10.0|i89,SteerQuant_Meta-Llama-3-1-8B-Instruct_fp16_sentiment_L16_r3_COMPLETE_20260713.json,meta-llama/Meta-Llama-3.1-8B-Instruct,fp16,r3,10.0,89,85,44,0,1,,44,1,False
SteerQuant_Meta-Llama-3-1-8B-Instruct_fp16_sentiment_L16_r3_COMPLETE_20260713|a10.0|i117,SteerQuant_Meta-Llama-3-1-8B-Instruct_fp16_sentiment_L16_r3_COMPLETE_20260713.json,meta-llama/Meta-Llama-3.1-8B-Instruct,fp16,r3,10.0,117,85,44,0,1,,44,1,False
SteerQuant_Meta-Llama-3-1-8B-Instruct_fp16_sentiment_L16_r3_COMPLETE_20260713|a10.0|i118,SteerQuant_Meta-Llama-3-1-8B-Instruct_fp16_sentiment_L16_r3_COMPLETE_20260713.json,meta-llama/Meta-Llama-3.1-8B-Instruct,fp16,r3,10.0,118,88,8000,0,1,,8000,1,False
SteerQuant_Meta-Llama-3-1-8B-Instruct_fp16_sentiment_L16_r3_COMPLETE_20260713|a10.0|i136,SteerQuant_Meta-Llama-3-1-8B-Instruct_fp16_sentiment_L16_r3_COMPLETE_20260713.json,meta-llama/Meta-Llama-3.1-8B-Instruct,fp16,r3,10.0,136,88,8000,0,1,,8000,1,False
SteerQuant_Meta-Llama-3-1-8B-Instruct_fp16_sentiment_L16_r3_COMPLETE_20260713|a10.0|i150,SteerQuant_Meta-Llama-3-1-8B-Instruct_fp16_sentiment_L16_r3_COMPLETE_20260713.json,meta-llama/Meta-Llama-3.1-8B-Instruct,fp16,r3,10.0,150,96,3,0,1,,3,1,False
SteerQuant_Meta-Llama-3-1-8B-Instruct_fp16_sentiment_L16_r3_COMPLETE_20260713|a10.0|i167,SteerQuant_Meta-Llama-3-1-8B-Instruct_fp16_sentiment_L16_r3_COMPLETE_20260713.json,meta-llama/Meta-Llama-3.1-8B-Instruct,fp16,r3,10.0,167,104,500,0,1,,500,1,False
SteerQuant_Meta-Llama-3-1-8B-Instruct_fp16_sentiment_L16_r3_COMPLETE_20260713|a10.0|i176,SteerQuant_Meta-Llama-3-1-8B-Instruct_fp16_sentiment_L16_r3_COMPLETE_20260713.json,meta-llama/Meta-Llama-3.1-8B-Instruct,fp16,r3,10.0,176,66,48,0,1,,48,1,False
SteerQuant_Meta-Llama-3-1-8B-Instruct_fp16_sentiment_L16_r3_COMPLETE_20260713|a10.0|i179,SteerQuant_Meta-Llama-3-1-8B-Instruct_fp16_sentiment_L16_r3_COMPLETE_20260713.json,meta-llama/Meta-Llama-3.1-8B-Instruct,fp16,r3,10.0,179,96,3,0,1,,3,1,False
SteerQuant_Meta-Llama-3-1-8B-Instruct_fp16_sentiment_L16_r3_COMPLETE_20260713|a10.0|i188,SteerQuant_Meta-Llama-3-1-8B-Instruct_fp16_sentiment_L16_r3_COMPLETE_20260713.json,meta-llama/Meta-Llama-3.1-8B-Instruct,fp16,r3,10.0,188,156,1400,0,1,,1400,1,False
SteerQuant_Meta-Llama-3-1-8B-Instruct_fp16_sentiment_L16_r3_COMPLETE_20260713|a10.0|i192,SteerQuant_Meta-Llama-3-1-8B-Instruct_fp16_sentiment_L16_r3_COMPLETE_20260713.json,meta-llama/Meta-Llama-3.1-8B-Instruct,fp16,r3,10.0,192,31,80,0,1,,80,1,False
SteerQuant_Meta-Llama-3-1-8B-Instruct_fp16_sentiment_L16_r3_COMPLETE_20260713|a10.0|i193,SteerQuant_Meta-Llama-3-1-8B-Instruct_fp16_sentiment_L16_r3_COMPLETE_20260713.json,meta-llama/Meta-Llama-3.1-8B-Instruct,fp16,r3,10.0,193,31,80,0,1,,80,1,False
SteerQuant_Meta-Llama-3-1-8B-Instruct_fp16_sentiment_L16_r4_COMPLETE_20260714|a0.0|i69,SteerQuant_Meta-Llama-3-1-8B-Instruct_fp16_sentiment_L16_r4_COMPLETE_20260714.json,meta-llama/Meta-Llama-3.1-8B-Instruct,fp16,r4,0.0,69,23,8,0,1,,8,1,False
SteerQuant_Meta-Llama-3-1-8B-Instruct_fp16_sentiment_L16_r4_COMPLETE_20260714|a0.0|i85,SteerQuant_Meta-Llama-3-1-8B-Instruct_fp16_sentiment_L16_r4_COMPLETE_20260714.json,meta-llama/Meta-Llama-3.1-8B-Instruct,fp16,r4,0.0,85,110,45,0,1,,45,1,False
SteerQuant_Meta-Llama-3-1-8B-Instruct_fp16_sentiment_L16_r4_COMPLETE_20260714|a0.0|i87,SteerQuant_Meta-Llama-3-1-8B-Instruct_fp16_sentiment_L16_r4_COMPLETE_20260714.json,meta-llama/Meta-Llama-3.1-8B-Instruct,fp16,r4,0.0,87,21,14,0,1,,14,1,False
SteerQuant_Meta-Llama-3-1-8B-Instruct_fp16_sentiment_L16_r4_COMPLETE_20260714|a0.0|i144,SteerQuant_Meta-Llama-3-1-8B-Instruct_fp16_sentiment_L16_r4_COMPLETE_20260714.json,meta-llama/Meta-Llama-3.1-8B-Instruct,fp16,r4,0.0,144,55,14,0,1,,14,1,False
SteerQuant_Meta-Llama-3-1-8B-Instruct_fp16_sentiment_L16_r4_COMPLETE_20260714|a0.0|i155,SteerQuant_Meta-Llama-3-1-8B-Instruct_fp16_sentiment_L16_r4_COMPLETE_20260714.json,meta-llama/Meta-Llama-3.1-8B-Instruct,fp16,r4,0.0,155,138,105,0,1,,105,1,False
SteerQuant_Meta-Llama-3-1-8B-Instruct_fp16_sentiment_L16_r4_COMPLETE_20260714|a0.0|i158,SteerQuant_Meta-Llama-3-1-8B-Instruct_fp16_sentiment_L16_r4_COMPLETE_20260714.json,meta-llama/Meta-Llama-3.1-8B-Instruct,fp16,r4,0.0,158,55,14,0,1,,14,1,False
SteerQuant_Meta-Llama-3-1-8B-Instruct_fp16_sentiment_L16_r4_COMPLETE_20260714|a0.0|i164,SteerQuant_Meta-Llama-3-1-8B-Instruct_fp16_sentiment_L16_r4_COMPLETE_20260714.json,meta-llama/Meta-Llama-3.1-8B-Instruct,fp16,r4,0.0,164,10,366,0,1,,366,1,False
SteerQuant_Meta-Llama-3-1-8B-Instruct_fp16_sentiment_L16_r4_COMPLETE_20260714|a0.0|i167,SteerQuant_Meta-Llama-3-1-8B-Instruct_fp16_sentiment_L16_r4_COMPLETE_20260714.json,meta-llama/Meta-Llama-3.1-8B-Instruct,fp16,r4,0.0,167,57,83,0,1,,83,1,False
SteerQuant_Meta-Llama-3-1-8B-Instruct_fp16_sentiment_L16_r4_COMPLETE_20260714|a2.0|i65,SteerQuant_Meta-Llama-3-1-8B-Instruct_fp16_sentiment_L16_r4_COMPLETE_20260714.json,meta-llama/Meta-Llama-3.1-8B-Instruct,fp16,r4,2.0,65,14,60,0,1,,60,1,False
SteerQuant_Meta-Llama-3-1-8B-Instruct_fp16_sentiment_L16_r4_COMPLETE_20260714|a2.0|i78,SteerQuant_Meta-Llama-3-1-8B-Instruct_fp16_sentiment_L16_r4_COMPLETE_20260714.json,meta-llama/Meta-Llama-3.1-8B-Instruct,fp16,r4,2.0,78,28,25,0,1,,25,1,False
SteerQuant_Meta-Llama-3-1-8B-Instruct_fp16_sentiment_L16_r4_COMPLETE_20260714|a2.0|i84,SteerQuant_Meta-Llama-3-1-8B-Instruct_fp16_sentiment_L16_r4_COMPLETE_20260714.json,meta-llama/Meta-Llama-3.1-8B-Instruct,fp16,r4,2.0,84,117,360,0,1,,360,1,False
SteerQuant_Meta-Llama-3-1-8B-Instruct_fp16_sentiment_L16_r4_COMPLETE_20260714|a2.0|i87,SteerQuant_Meta-Llama-3-1-8B-Instruct_fp16_sentiment_L16_r4_COMPLETE_20260714.json,meta-llama/Meta-Llama-3.1-8B-Instruct,fp16,r4,2.0,87,21,14,0,1,,14,1,False
SteerQuant_Meta-Llama-3-1-8B-Instruct_fp16_sentiment_L16_r4_COMPLETE_20260714|a2.0|i106,SteerQuant_Meta-Llama-3-1-8B-Instruct_fp16_sentiment_L16_r4_COMPLETE_20260714.json,meta-llama/Meta-Llama-3.1-8B-Instruct,fp16,r4,2.0,106,117,360,0,1,,360,1,False
SteerQuant_Meta-Llama-3-1-8B-Instruct_fp16_sentiment_L16_r4_COMPLETE_20260714|a2.0|i124,SteerQuant_Meta-Llama-3-1-8B-Instruct_fp16_sentiment_L16_r4_COMPLETE_20260714.json,meta-llama/Meta-Llama-3.1-8B-Instruct,fp16,r4,2.0,124,198,320,0,1,,320,1,False
SteerQuant_Meta-Llama-3-1-8B-Instruct_fp16_sentiment_L16_r4_COMPLETE_20260714|a2.0|i125,SteerQuant_Meta-Llama-3-1-8B-Instruct_fp16_sentiment_L16_r4_COMPLETE_20260714.json,meta-llama/Meta-Llama-3.1-8B-Instruct,fp16,r4,2.0,125,14,60,0,1,,60,1,False
SteerQuant_Meta-Llama-3-1-8B-Instruct_fp16_sentiment_L16_r4_COMPLETE_20260714|a2.0|i137,SteerQuant_Meta-Llama-3-1-8B-Instruct_fp16_sentiment_L16_r4_COMPLETE_20260714.json,meta-llama/Meta-Llama-3.1-8B-Instruct,fp16,r4,2.0,137,103,140,0,1,,140,1,False
SteerQuant_Meta-Llama-3-1-8B-Instruct_fp16_sentiment_L16_r4_COMPLETE_20260714|a2.0|i143,SteerQuant_Meta-Llama-3-1-8B-Instruct_fp16_sentiment_L16_r4_COMPLETE_20260714.json,meta-llama/Meta-Llama-3.1-8B-Instruct,fp16,r4,2.0,143,183,2,0,1,,2,1,False
SteerQuant_Meta-Llama-3-1-8B-Instruct_fp16_sentiment_L16_r4_COMPLETE_20260714|a2.0|i144,SteerQuant_Meta-Llama-3-1-8B-Instruct_fp16_sentiment_L16_r4_COMPLETE_20260714.json,meta-llama/Meta-Llama-3.1-8B-Instruct,fp16,r4,2.0,144,55,14,0,1,,14,1,False
SteerQuant_Meta-Llama-3-1-8B-Instruct_fp16_sentiment_L16_r4_COMPLETE_20260714|a2.0|i155,SteerQuant_Meta-Llama-3-1-8B-Instruct_fp16_sentiment_L16_r4_COMPLETE_20260714.json,meta-llama/Meta-Llama-3.1-8B-Instruct,fp16,r4,2.0,155,138,105,0,1,,105,1,False
SteerQuant_Meta-Llama-3-1-8B-Instruct_fp16_sentiment_L16_r4_COMPLETE_20260714|a2.0|i158,SteerQuant_Meta-Llama-3-1-8B-Instruct_fp16_sentiment_L16_r4_COMPLETE_20260714.json,meta-llama/Meta-Llama-3.1-8B-Instruct,fp16,r4,2.0,158,55,14,0,1,,14,1,False
SteerQuant_Meta-Llama-3-1-8B-Instruct_fp16_sentiment_L16_r4_COMPLETE_20260714|a2.0|i162,SteerQuant_Meta-Llama-3-1-8B-Instruct_fp16_sentiment_L16_r4_COMPLETE_20260714.json,meta-llama/Meta-Llama-3.1-8B-Instruct,fp16,r4,2.0,162,14,60,0,1,,60,1,False
SteerQuant_Meta-Llama-3-1-8B-Instruct_fp16_sentiment_L16_r4_COMPLETE_20260714|a2.0|i164,SteerQuant_Meta-Llama-3-1-8B-Instruct_fp16_sentiment_L16_r4_COMPLETE_20260714.json,meta-llama/Meta-Llama-3.1-8B-Instruct,fp16,r4,2.0,164,10,366,0,1,,366,1,False
SteerQuant_Meta-Llama-3-1-8B-Instruct_fp16_sentiment_L16_r4_COMPLETE_20260714|a2.0|i167,SteerQuant_Meta-Llama-3-1-8B-Instruct_fp16_sentiment_L16_r4_COMPLETE_20260714.json,meta-llama/Meta-Llama-3.1-8B-Instruct,fp16,r4,2.0,167,57,83,0,1,,83,1,False
SteerQuant_Meta-Llama-3-1-8B-Instruct_fp16_sentiment_L16_r4_COMPLETE_20260714|a2.0|i172,SteerQuant_Meta-Llama-3-1-8B-Instruct_fp16_sentiment_L16_r4_COMPLETE_20260714.json,meta-llama/Meta-Llama-3.1-8B-Instruct,fp16,r4,2.0,172,198,320,0,1,,320,1,False
SteerQuant_Meta-Llama-3-1-8B-Instruct_fp16_sentiment_L16_r4_COMPLETE_20260714|a2.0|i180,SteerQuant_Meta-Llama-3-1-8B-Instruct_fp16_sentiment_L16_r4_COMPLETE_20260714.json,meta-llama/Meta-Llama-3.1-8B-Instruct,fp16,r4,2.0,180,142,140,0,1,,140,1,False
SteerQuant_Meta-Llama-3-1-8B-Instruct_fp16_sentiment_L16_r4_COMPLETE_20260714|a2.0|i194,SteerQuant_Meta-Llama-3-1-8B-Instruct_fp16_sentiment_L16_r4_COMPLETE_20260714.json,meta-llama/Meta-Llama-3.1-8B-Instruct,fp16,r4,2.0,194,14,60,0,1,,60,1,False
SteerQuant_Meta-Llama-3-1-8B-Instruct_fp16_sentiment_L16_r4_COMPLETE_20260714|a4.0|i30,SteerQuant_Meta-Llama-3-1-8B-Instruct_fp16_sentiment_L16_r4_COMPLETE_20260714.json,meta-llama/Meta-Llama-3.1-8B-Instruct,fp16,r4,4.0,30,19,6,0,1,,6,1,False
SteerQuant_Meta-Llama-3-1-8B-Instruct_fp16_sentiment_L16_r4_COMPLETE_20260714|a4.0|i40,SteerQuant_Meta-Llama-3-1-8B-Instruct_fp16_sentiment_L16_r4_COMPLETE_20260714.json,meta-llama/Meta-Llama-3.1-8B-Instruct,fp16,r4,4.0,40,134,720,0,1,,720,1,False
SteerQuant_Meta-Llama-3-1-8B-Instruct_fp16_sentiment_L16_r4_COMPLETE_20260714|a4.0|i69,SteerQuant_Meta-Llama-3-1-8B-Instruct_fp16_sentiment_L16_r4_COMPLETE_20260714.json,meta-llama/Meta-Llama-3.1-8B-Instruct,fp16,r4,4.0,69,23,8,0,1,,8,1,False
SteerQuant_Meta-Llama-3-1-8B-Instruct_fp16_sentiment_L16_r4_COMPLETE_20260714|a4.0|i94,SteerQuant_Meta-Llama-3-1-8B-Instruct_fp16_sentiment_L16_r4_COMPLETE_20260714.json,meta-llama/Meta-Llama-3.1-8B-Instruct,fp16,r4,4.0,94,99,58,0,1,,58,1,False
SteerQuant_Meta-Llama-3-1-8B-Instruct_fp16_sentiment_L16_r4_COMPLETE_20260714|a4.0|i99,SteerQuant_Meta-Llama-3-1-8B-Instruct_fp16_sentiment_L16_r4_COMPLETE_20260714.json,meta-llama/Meta-Llama-3.1-8B-Instruct,fp16,r4,4.0,99,135,40,0,1,,40,1,False
SteerQuant_Meta-Llama-3-1-8B-Instruct_fp16_sentiment_L16_r4_COMPLETE_20260714|a4.0|i108,SteerQuant_Meta-Llama-3-1-8B-Instruct_fp16_sentiment_L16_r4_COMPLETE_20260714.json,meta-llama/Meta-Llama-3.1-8B-Instruct,fp16,r4,4.0,108,99,58,0,1,,58,1,False
SteerQuant_Meta-Llama-3-1-8B-Instruct_fp16_sentiment_L16_r4_COMPLETE_20260714|a4.0|i137,SteerQuant_Meta-Llama-3-1-8B-Instruct_fp16_sentiment_L16_r4_COMPLETE_20260714.json,meta-llama/Meta-Llama-3.1-8B-Instruct,fp16,r4,4.0,137,103,140,0,1,,140,1,False
SteerQuant_Meta-Llama-3-1-8B-Instruct_fp16_sentiment_L16_r4_COMPLETE_20260714|a4.0|i143,SteerQuant_Meta-Llama-3-1-8B-Instruct_fp16_sentiment_L16_r4_COMPLETE_20260714.json,meta-llama/Meta-Llama-3.1-8B-Instruct,fp16,r4,4.0,143,183,2,0,1,,2,1,False
SteerQuant_Meta-Llama-3-1-8B-Instruct_fp16_sentiment_L16_r4_COMPLETE_20260714|a4.0|i146,SteerQuant_Meta-Llama-3-1-8B-Instruct_fp16_sentiment_L16_r4_COMPLETE_20260714.json,meta-llama/Meta-Llama-3.1-8B-Instruct,fp16,r4,4.0,146,136,6,0,1,,6,1,False
SteerQuant_Meta-Llama-3-1-8B-Instruct_fp16_sentiment_L16_r4_COMPLETE_20260714|a4.0|i147,SteerQuant_Meta-Llama-3-1-8B-Instruct_fp16_sentiment_L16_r4_COMPLETE_20260714.json,meta-llama/Meta-Llama-3.1-8B-Instruct,fp16,r4,4.0,147,83,600,0,1,,600,1,False
SteerQuant_Meta-Llama-3-1-8B-Instruct_fp16_sentiment_L16_r4_COMPLETE_20260714|a4.0|i149,SteerQuant_Meta-Llama-3-1-8B-Instruct_fp16_sentiment_L16_r4_COMPLETE_20260714.json,meta-llama/Meta-Llama-3.1-8B-Instruct,fp16,r4,4.0,149,136,6,0,1,,6,1,False
SteerQuant_Meta-Llama-3-1-8B-Instruct_fp16_sentiment_L16_r4_COMPLETE_20260714|a4.0|i153,SteerQuant_Meta-Llama-3-1-8B-Instruct_fp16_sentiment_L16_r4_COMPLETE_20260714.json,meta-llama/Meta-Llama-3.1-8B-Instruct,fp16,r4,4.0,153,99,58,0,1,,58,1,False
SteerQuant_Meta-Llama-3-1-8B-Instruct_fp16_sentiment_L16_r4_COMPLETE_20260714|a4.0|i164,SteerQuant_Meta-Llama-3-1-8B-Instruct_fp16_sentiment_L16_r4_COMPLETE_20260714.json,meta-llama/Meta-Llama-3.1-8B-Instruct,fp16,r4,4.0,164,10,366,0,1,,366,1,False
SteerQuant_Meta-Llama-3-1-8B-Instruct_fp16_sentiment_L16_r4_COMPLETE_20260714|a4.0|i167,SteerQuant_Meta-Llama-3-1-8B-Instruct_fp16_sentiment_L16_r4_COMPLETE_20260714.json,meta-llama/Meta-Llama-3.1-8B-Instruct,fp16,r4,4.0,167,57,83,0,1,,83,1,False
SteerQuant_Meta-Llama-3-1-8B-Instruct_fp16_sentiment_L16_r4_COMPLETE_20260714|a4.0|i174,SteerQuant_Meta-Llama-3-1-8B-Instruct_fp16_sentiment_L16_r4_COMPLETE_20260714.json,meta-llama/Meta-Llama-3.1-8B-Instruct,fp16,r4,4.0,174,83,600,0,1,,600,1,False
SteerQuant_Meta-Llama-3-1-8B-Instruct_fp16_sentiment_L16_r4_COMPLETE_20260714|a4.0|i176,SteerQuant_Meta-Llama-3-1-8B-Instruct_fp16_sentiment_L16_r4_COMPLETE_20260714.json,meta-llama/Meta-Llama-3.1-8B-Instruct,fp16,r4,4.0,176,134,720,0,1,,720,1,False
SteerQuant_Meta-Llama-3-1-8B-Instruct_fp16_sentiment_L16_r4_COMPLETE_20260714|a4.0|i180,SteerQuant_Meta-Llama-3-1-8B-Instruct_fp16_sentiment_L16_r4_COMPLETE_20260714.json,meta-llama/Meta-Llama-3.1-8B-Instruct,fp16,r4,4.0,180,142,140,0,1,,140,1,False
SteerQuant_Meta-Llama-3-1-8B-Instruct_fp16_sentiment_L16_r4_COMPLETE_20260714|a4.0|i199,SteerQuant_Meta-Llama-3-1-8B-Instruct_fp16_sentiment_L16_r4_COMPLETE_20260714.json,meta-llama/Meta-Llama-3.1-8B-Instruct,fp16,r4,4.0,199,176,100,0,1,,100,1,False
SteerQuant_Meta-Llama-3-1-8B-Instruct_fp16_sentiment_L16_r4_COMPLETE_20260714|a6.0|i1,SteerQuant_Meta-Llama-3-1-8B-Instruct_fp16_sentiment_L16_r4_COMPLETE_20260714.json,meta-llama/Meta-Llama-3.1-8B-Instruct,fp16,r4,6.0,1,64,300,0,1,,300,1,False
SteerQuant_Meta-Llama-3-1-8B-Instruct_fp16_sentiment_L16_r4_COMPLETE_20260714|a6.0|i5,SteerQuant_Meta-Llama-3-1-8B-Instruct_fp16_sentiment_L16_r4_COMPLETE_20260714.json,meta-llama/Meta-Llama-3.1-8B-Instruct,fp16,r4,6.0,5,50,294,0,1,,294,1,False
SteerQuant_Meta-Llama-3-1-8B-Instruct_fp16_sentiment_L16_r4_COMPLETE_20260714|a6.0|i16,SteerQuant_Meta-Llama-3-1-8B-Instruct_fp16_sentiment_L16_r4_COMPLETE_20260714.json,meta-llama/Meta-Llama-3.1-8B-Instruct,fp16,r4,6.0,16,71,60,0,1,,60,1,False
SteerQuant_Meta-Llama-3-1-8B-Instruct_fp16_sentiment_L16_r4_COMPLETE_20260714|a6.0|i21,SteerQuant_Meta-Llama-3-1-8B-Instruct_fp16_sentiment_L16_r4_COMPLETE_20260714.json,meta-llama/Meta-Llama-3.1-8B-Instruct,fp16,r4,6.0,21,31,80,0,1,,80,1,False
SteerQuant_Meta-Llama-3-1-8B-Instruct_fp16_sentiment_L16_r4_COMPLETE_20260714|a6.0|i40,SteerQuant_Meta-Llama-3-1-8B-Instruct_fp16_sentiment_L16_r4_COMPLETE_20260714.json,meta-llama/Meta-Llama-3.1-8B-Instruct,fp16,r4,6.0,40,134,720,0,1,,720,1,False
SteerQuant_Meta-Llama-3-1-8B-Instruct_fp16_sentiment_L16_r4_COMPLETE_20260714|a6.0|i55,SteerQuant_Meta-Llama-3-1-8B-Instruct_fp16_sentiment_L16_r4_COMPLETE_20260714.json,meta-llama/Meta-Llama-3.1-8B-Instruct,fp16,r4,6.0,55,151,5,0,1,,5,1,False
SteerQuant_Meta-Llama-3-1-8B-Instruct_fp16_sentiment_L16_r4_COMPLETE_20260714|a6.0|i69,SteerQuant_Meta-Llama-3-1-8B-Instruct_fp16_sentiment_L16_r4_COMPLETE_20260714.json,meta-llama/Meta-Llama-3.1-8B-Instruct,fp16,r4,6.0,69,23,8,0,1,,8,1,False
SteerQuant_Meta-Llama-3-1-8B-Instruct_fp16_sentiment_L16_r4_COMPLETE_20260714|a6.0|i86,SteerQuant_Meta-Llama-3-1-8B-Instruct_fp16_sentiment_L16_r4_COMPLETE_20260714.json,meta-llama/Meta-Llama-3.1-8B-Instruct,fp16,r4,6.0,86,145,4000,0,1,,4000,1,False
SteerQuant_Meta-Llama-3-1-8B-Instruct_fp16_sentiment_L16_r4_COMPLETE_20260714|a6.0|i99,SteerQuant_Meta-Llama-3-1-8B-Instruct_fp16_sentiment_L16_r4_COMPLETE_20260714.json,meta-llama/Meta-Llama-3.1-8B-Instruct,fp16,r4,6.0,99,135,40,0,1,,40,1,False
SteerQuant_Meta-Llama-3-1-8B-Instruct_fp16_sentiment_L16_r4_COMPLETE_20260714|a6.0|i101,SteerQuant_Meta-Llama-3-1-8B-Instruct_fp16_sentiment_L16_r4_COMPLETE_20260714.json,meta-llama/Meta-Llama-3.1-8B-Instruct,fp16,r4,6.0,101,0,18,0,1,,18,1,False
SteerQuant_Meta-Llama-3-1-8B-Instruct_fp16_sentiment_L16_r4_COMPLETE_20260714|a6.0|i109,SteerQuant_Meta-Llama-3-1-8B-Instruct_fp16_sentiment_L16_r4_COMPLETE_20260714.json,meta-llama/Meta-Llama-3.1-8B-Instruct,fp16,r4,6.0,109,50,294,0,1,,294,1,False
SteerQuant_Meta-Llama-3-1-8B-Instruct_fp16_sentiment_L16_r4_COMPLETE_20260714|a6.0|i111,SteerQuant_Meta-Llama-3-1-8B-Instruct_fp16_sentiment_L16_r4_COMPLETE_20260714.json,meta-llama/Meta-Llama-3.1-8B-Instruct,fp16,r4,6.0,111,145,4000,0,1,,4000,1,False
SteerQuant_Meta-Llama-3-1-8B-Instruct_fp16_sentiment_L16_r4_COMPLETE_20260714|a6.0|i137,SteerQuant_Meta-Llama-3-1-8B-Instruct_fp16_sentiment_L16_r4_COMPLETE_20260714.json,meta-llama/Meta-Llama-3.1-8B-Instruct,fp16,r4,6.0,137,103,140,0,1,,140,1,False
SteerQuant_Meta-Llama-3-1-8B-Instruct_fp16_sentiment_L16_r4_COMPLETE_20260714|a6.0|i147,SteerQuant_Meta-Llama-3-1-8B-Instruct_fp16_sentiment_L16_r4_COMPLETE_20260714.json,meta-llama/Meta-Llama-3.1-8B-Instruct,fp16,r4,6.0,147,83,600,0,1,,600,1,False
SteerQuant_Meta-Llama-3-1-8B-Instruct_fp16_sentiment_L16_r4_COMPLETE_20260714|a6.0|i160,SteerQuant_Meta-Llama-3-1-8B-Instruct_fp16_sentiment_L16_r4_COMPLETE_20260714.json,meta-llama/Meta-Llama-3.1-8B-Instruct,fp16,r4,6.0,160,50,294,0,1,,294,1,False
SteerQuant_Meta-Llama-3-1-8B-Instruct_fp16_sentiment_L16_r4_COMPLETE_20260714|a6.0|i167,SteerQuant_Meta-Llama-3-1-8B-Instruct_fp16_sentiment_L16_r4_COMPLETE_20260714.json,meta-llama/Meta-Llama-3.1-8B-Instruct,fp16,r4,6.0,167,57,83,0,1,,83,1,False
SteerQuant_Meta-Llama-3-1-8B-Instruct_fp16_sentiment_L16_r4_COMPLETE_20260714|a6.0|i169,SteerQuant_Meta-Llama-3-1-8B-Instruct_fp16_sentiment_L16_r4_COMPLETE_20260714.json,meta-llama/Meta-Llama-3.1-8B-Instruct,fp16,r4,6.0,169,0,18,0,1,,18,1,False
SteerQuant_Meta-Llama-3-1-8B-Instruct_fp16_sentiment_L16_r4_COMPLETE_20260714|a6.0|i170,SteerQuant_Meta-Llama-3-1-8B-Instruct_fp16_sentiment_L16_r4_COMPLETE_20260714.json,meta-llama/Meta-Llama-3.1-8B-Instruct,fp16,r4,6.0,170,50,294,0,1,,294,1,False
SteerQuant_Meta-Llama-3-1-8B-Instruct_fp16_sentiment_L16_r4_COMPLETE_20260714|a6.0|i174,SteerQuant_Meta-Llama-3-1-8B-Instruct_fp16_sentiment_L16_r4_COMPLETE_20260714.json,meta-llama/Meta-Llama-3.1-8B-Instruct,fp16,r4,6.0,174,83,600,0,1,,600,1,False
SteerQuant_Meta-Llama-3-1-8B-Instruct_fp16_sentiment_L16_r4_COMPLETE_20260714|a6.0|i176,SteerQuant_Meta-Llama-3-1-8B-Instruct_fp16_sentiment_L16_r4_COMPLETE_20260714.json,meta-llama/Meta-Llama-3.1-8B-Instruct,fp16,r4,6.0,176,134,720,0,1,,720,1,False
SteerQuant_Meta-Llama-3-1-8B-Instruct_fp16_sentiment_L16_r4_COMPLETE_20260714|a6.0|i180,SteerQuant_Meta-Llama-3-1-8B-Instruct_fp16_sentiment_L16_r4_COMPLETE_20260714.json,meta-llama/Meta-Llama-3.1-8B-Instruct,fp16,r4,6.0,180,142,140,0,1,,140,1,False
SteerQuant_Meta-Llama-3-1-8B-Instruct_fp16_sentiment_L16_r4_COMPLETE_20260714|a6.0|i199,SteerQuant_Meta-Llama-3-1-8B-Instruct_fp16_sentiment_L16_r4_COMPLETE_20260714.json,meta-llama/Meta-Llama-3.1-8B-Instruct,fp16,r4,6.0,199,176,100,0,1,,100,1,False
SteerQuant_Meta-Llama-3-1-8B-Instruct_fp16_sentiment_L16_r4_COMPLETE_20260714|a8.0|i1,SteerQuant_Meta-Llama-3-1-8B-Instruct_fp16_sentiment_L16_r4_COMPLETE_20260714.json,meta-llama/Meta-Llama-3.1-8B-Instruct,fp16,r4,8.0,1,64,300,0,1,,300,1,False
SteerQuant_Meta-Llama-3-1-8B-Instruct_fp16_sentiment_L16_r4_COMPLETE_20260714|a8.0|i5,SteerQuant_Meta-Llama-3-1-8B-Instruct_fp16_sentiment_L16_r4_COMPLETE_20260714.json,meta-llama/Meta-Llama-3.1-8B-Instruct,fp16,r4,8.0,5,50,294,0,1,,294,1,False
SteerQuant_Meta-Llama-3-1-8B-Instruct_fp16_sentiment_L16_r4_COMPLETE_20260714|a8.0|i11,SteerQuant_Meta-Llama-3-1-8B-Instruct_fp16_sentiment_L16_r4_COMPLETE_20260714.json,meta-llama/Meta-Llama-3.1-8B-Instruct,fp16,r4,8.0,11,96,3,0,1,,3,1,False
SteerQuant_Meta-Llama-3-1-8B-Instruct_fp16_sentiment_L16_r4_COMPLETE_20260714|a8.0|i40,SteerQuant_Meta-Llama-3-1-8B-Instruct_fp16_sentiment_L16_r4_COMPLETE_20260714.json,meta-llama/Meta-Llama-3.1-8B-Instruct,fp16,r4,8.0,40,134,720,0,1,,720,1,False
SteerQuant_Meta-Llama-3-1-8B-Instruct_fp16_sentiment_L16_r4_COMPLETE_20260714|a8.0|i65,SteerQuant_Meta-Llama-3-1-8B-Instruct_fp16_sentiment_L16_r4_COMPLETE_20260714.json,meta-llama/Meta-Llama-3.1-8B-Instruct,fp16,r4,8.0,65,14,60,0,1,,60,1,False
SteerQuant_Meta-Llama-3-1-8B-Instruct_fp16_sentiment_L16_r4_COMPLETE_20260714|a8.0|i92,SteerQuant_Meta-Llama-3-1-8B-Instruct_fp16_sentiment_L16_r4_COMPLETE_20260714.json,meta-llama/Meta-Llama-3.1-8B-Instruct,fp16,r4,8.0,92,95,40,0,1,,40,1,False
SteerQuant_Meta-Llama-3-1-8B-Instruct_fp16_sentiment_L16_r4_COMPLETE_20260714|a8.0|i99,SteerQuant_Meta-Llama-3-1-8B-Instruct_fp16_sentiment_L16_r4_COMPLETE_20260714.json,meta-llama/Meta-Llama-3.1-8B-Instruct,fp16,r4,8.0,99,135,40,0,1,,40,1,False
SteerQuant_Meta-Llama-3-1-8B-Instruct_fp16_sentiment_L16_r4_COMPLETE_20260714|a8.0|i101,SteerQuant_Meta-Llama-3-1-8B-Instruct_fp16_sentiment_L16_r4_COMPLETE_20260714.json,meta-llama/Meta-Llama-3.1-8B-Instruct,fp16,r4,8.0,101,0,18,0,1,,18,1,False
SteerQuant_Meta-Llama-3-1-8B-Instruct_fp16_sentiment_L16_r4_COMPLETE_20260714|a8.0|i109,SteerQuant_Meta-Llama-3-1-8B-Instruct_fp16_sentiment_L16_r4_COMPLETE_20260714.json,meta-llama/Meta-Llama-3.1-8B-Instruct,fp16,r4,8.0,109,50,294,0,1,,294,1,False
SteerQuant_Meta-Llama-3-1-8B-Instruct_fp16_sentiment_L16_r4_COMPLETE_20260714|a8.0|i125,SteerQuant_Meta-Llama-3-1-8B-Instruct_fp16_sentiment_L16_r4_COMPLETE_20260714.json,meta-llama/Meta-Llama-3.1-8B-Instruct,fp16,r4,8.0,125,14,60,0,1,,60,1,False
SteerQuant_Meta-Llama-3-1-8B-Instruct_fp16_sentiment_L16_r4_COMPLETE_20260714|a8.0|i137,SteerQuant_Meta-Llama-3-1-8B-Instruct_fp16_sentiment_L16_r4_COMPLETE_20260714.json,meta-llama/Meta-Llama-3.1-8B-Instruct,fp16,r4,8.0,137,103,140,0,1,,140,1,False
SteerQuant_Meta-Llama-3-1-8B-Instruct_fp16_sentiment_L16_r4_COMPLETE_20260714|a8.0|i147,SteerQuant_Meta-Llama-3-1-8B-Instruct_fp16_sentiment_L16_r4_COMPLETE_20260714.json,meta-llama/Meta-Llama-3.1-8B-Instruct,fp16,r4,8.0,147,83,600,0,1,,600,1,False
SteerQuant_Meta-Llama-3-1-8B-Instruct_fp16_sentiment_L16_r4_COMPLETE_20260714|a8.0|i160,SteerQuant_Meta-Llama-3-1-8B-Instruct_fp16_sentiment_L16_r4_COMPLETE_20260714.json,meta-llama/Meta-Llama-3.1-8B-Instruct,fp16,r4,8.0,160,50,294,0,1,,294,1,False
SteerQuant_Meta-Llama-3-1-8B-Instruct_fp16_sentiment_L16_r4_COMPLETE_20260714|a8.0|i162,SteerQuant_Meta-Llama-3-1-8B-Instruct_fp16_sentiment_L16_r4_COMPLETE_20260714.json,meta-llama/Meta-Llama-3.1-8B-Instruct,fp16,r4,8.0,162,14,60,0,1,,60,1,False
SteerQuant_Meta-Llama-3-1-8B-Instruct_fp16_sentiment_L16_r4_COMPLETE_20260714|a8.0|i169,SteerQuant_Meta-Llama-3-1-8B-Instruct_fp16_sentiment_L16_r4_COMPLETE_20260714.json,meta-llama/Meta-Llama-3.1-8B-Instruct,fp16,r4,8.0,169,0,18,0,1,,18,1,False
SteerQuant_Meta-Llama-3-1-8B-Instruct_fp16_sentiment_L16_r4_COMPLETE_20260714|a8.0|i170,SteerQuant_Meta-Llama-3-1-8B-Instruct_fp16_sentiment_L16_r4_COMPLETE_20260714.json,meta-llama/Meta-Llama-3.1-8B-Instruct,fp16,r4,8.0,170,50,294,0,1,,294,1,False
SteerQuant_Meta-Llama-3-1-8B-Instruct_fp16_sentiment_L16_r4_COMPLETE_20260714|a8.0|i174,SteerQuant_Meta-Llama-3-1-8B-Instruct_fp16_sentiment_L16_r4_COMPLETE_20260714.json,meta-llama/Meta-Llama-3.1-8B-Instruct,fp16,r4,8.0,174,83,600,0,1,,600,1,False
SteerQuant_Meta-Llama-3-1-8B-Instruct_fp16_sentiment_L16_r4_COMPLETE_20260714|a8.0|i176,SteerQuant_Meta-Llama-3-1-8B-Instruct_fp16_sentiment_L16_r4_COMPLETE_20260714.json,meta-llama/Meta-Llama-3.1-8B-Instruct,fp16,r4,8.0,176,134,720,0,1,,720,1,False
SteerQuant_Meta-Llama-3-1-8B-Instruct_fp16_sentiment_L16_r4_COMPLETE_20260714|a8.0|i194,SteerQuant_Meta-Llama-3-1-8B-Instruct_fp16_sentiment_L16_r4_COMPLETE_20260714.json,meta-llama/Meta-Llama-3.1-8B-Instruct,fp16,r4,8.0,194,14,60,0,1,,60,1,False
SteerQuant_Meta-Llama-3-1-8B-Instruct_fp16_sentiment_L16_r4_COMPLETE_20260714|a8.0|i198,SteerQuant_Meta-Llama-3-1-8B-Instruct_fp16_sentiment_L16_r4_COMPLETE_20260714.json,meta-llama/Meta-Llama-3.1-8B-Instruct,fp16,r4,8.0,198,95,40,0,1,,40,1,False
SteerQuant_Meta-Llama-3-1-8B-Instruct_fp16_sentiment_L16_r5_COMPLETE_20260714|a-10.0|i10,SteerQuant_Meta-Llama-3-1-8B-Instruct_fp16_sentiment_L16_r5_COMPLETE_20260714.json,meta-llama/Meta-Llama-3.1-8B-Instruct,fp16,r5,-10.0,10,116,42,0,1,,42,1,False
SteerQuant_Meta-Llama-3-1-8B-Instruct_fp16_sentiment_L16_r5_COMPLETE_20260714|a-10.0|i44,SteerQuant_Meta-Llama-3-1-8B-Instruct_fp16_sentiment_L16_r5_COMPLETE_20260714.json,meta-llama/Meta-Llama-3.1-8B-Instruct,fp16,r5,-10.0,44,135,40,0,1,,40,1,False
SteerQuant_Meta-Llama-3-1-8B-Instruct_fp16_sentiment_L16_r5_COMPLETE_20260714|a-10.0|i74,SteerQuant_Meta-Llama-3-1-8B-Instruct_fp16_sentiment_L16_r5_COMPLETE_20260714.json,meta-llama/Meta-Llama-3.1-8B-Instruct,fp16,r5,-10.0,74,81,17,0,1,,17,1,False
SteerQuant_Meta-Llama-3-1-8B-Instruct_fp16_sentiment_L16_r5_COMPLETE_20260714|a-10.0|i75,SteerQuant_Meta-Llama-3-1-8B-Instruct_fp16_sentiment_L16_r5_COMPLETE_20260714.json,meta-llama/Meta-Llama-3.1-8B-Instruct,fp16,r5,-10.0,75,116,42,0,1,,42,1,False
SteerQuant_Meta-Llama-3-1-8B-Instruct_fp16_sentiment_L16_r5_COMPLETE_20260714|a-10.0|i79,SteerQuant_Meta-Llama-3-1-8B-Instruct_fp16_sentiment_L16_r5_COMPLETE_20260714.json,meta-llama/Meta-Llama-3.1-8B-Instruct,fp16,r5,-10.0,79,116,42,0,1,,42,1,False
SteerQuant_Meta-Llama-3-1-8B-Instruct_fp16_sentiment_L16_r5_COMPLETE_20260714|a-10.0|i128,SteerQuant_Meta-Llama-3-1-8B-Instruct_fp16_sentiment_L16_r5_COMPLETE_20260714.json,meta-llama/Meta-Llama-3.1-8B-Instruct,fp16,r5,-10.0,128,102,26,0,1,,26,1,False
SteerQuant_Meta-Llama-3-1-8B-Instruct_fp16_sentiment_L16_r5_COMPLETE_20260714|a-10.0|i156,SteerQuant_Meta-Llama-3-1-8B-Instruct_fp16_sentiment_L16_r5_COMPLETE_20260714.json,meta-llama/Meta-Llama-3.1-8B-Instruct,fp16,r5,-10.0,156,169,120,0,1,,120,1,False
SteerQuant_Meta-Llama-3-1-8B-Instruct_fp16_sentiment_L16_r5_COMPLETE_20260714|a-10.0|i173,SteerQuant_Meta-Llama-3-1-8B-Instruct_fp16_sentiment_L16_r5_COMPLETE_20260714.json,meta-llama/Meta-Llama-3.1-8B-Instruct,fp16,r5,-10.0,173,68,36,0,1,,36,1,False
SteerQuant_Meta-Llama-3-1-8B-Instruct_fp16_sentiment_L16_r5_COMPLETE_20260714|a-10.0|i199,SteerQuant_Meta-Llama-3-1-8B-Instruct_fp16_sentiment_L16_r5_COMPLETE_20260714.json,meta-llama/Meta-Llama-3.1-8B-Instruct,fp16,r5,-10.0,199,168,18,0,1,,18,1,False
SteerQuant_Meta-Llama-3-1-8B-Instruct_fp16_sentiment_L16_r5_COMPLETE_20260714|a-8.0|i7,SteerQuant_Meta-Llama-3-1-8B-Instruct_fp16_sentiment_L16_r5_COMPLETE_20260714.json,meta-llama/Meta-Llama-3.1-8B-Instruct,fp16,r5,-8.0,7,91,28,0,1,,28,1,False
SteerQuant_Meta-Llama-3-1-8B-Instruct_fp16_sentiment_L16_r5_COMPLETE_20260714|a-8.0|i124,SteerQuant_Meta-Llama-3-1-8B-Instruct_fp16_sentiment_L16_r5_COMPLETE_20260714.json,meta-llama/Meta-Llama-3.1-8B-Instruct,fp16,r5,-8.0,124,159,15,0,1,,15,1,False
SteerQuant_Meta-Llama-3-1-8B-Instruct_fp16_sentiment_L16_r5_COMPLETE_20260714|a-8.0|i133,SteerQuant_Meta-Llama-3-1-8B-Instruct_fp16_sentiment_L16_r5_COMPLETE_20260714.json,meta-llama/Meta-Llama-3.1-8B-Instruct,fp16,r5,-8.0,133,103,140,0,1,,140,1,False
SteerQuant_Meta-Llama-3-1-8B-Instruct_fp16_sentiment_L16_r5_COMPLETE_20260714|a-8.0|i138,SteerQuant_Meta-Llama-3-1-8B-Instruct_fp16_sentiment_L16_r5_COMPLETE_20260714.json,meta-llama/Meta-Llama-3.1-8B-Instruct,fp16,r5,-8.0,138,190,360,0,1,,360,1,False
SteerQuant_Meta-Llama-3-1-8B-Instruct_fp16_sentiment_L16_r5_COMPLETE_20260714|a-8.0|i153,SteerQuant_Meta-Llama-3-1-8B-Instruct_fp16_sentiment_L16_r5_COMPLETE_20260714.json,meta-llama/Meta-Llama-3.1-8B-Instruct,fp16,r5,-8.0,153,66,48,0,1,,48,1,False
SteerQuant_Meta-Llama-3-1-8B-Instruct_fp16_sentiment_L16_r5_COMPLETE_20260714|a-6.0|i7,SteerQuant_Meta-Llama-3-1-8B-Instruct_fp16_sentiment_L16_r5_COMPLETE_20260714.json,meta-llama/Meta-Llama-3.1-8B-Instruct,fp16,r5,-6.0,7,91,28,0,1,,28,1,False
SteerQuant_Meta-Llama-3-1-8B-Instruct_fp16_sentiment_L16_r5_COMPLETE_20260714|a-6.0|i10,SteerQuant_Meta-Llama-3-1-8B-Instruct_fp16_sentiment_L16_r5_COMPLETE_20260714.json,meta-llama/Meta-Llama-3.1-8B-Instruct,fp16,r5,-6.0,10,116,42,0,1,,42,1,False
SteerQuant_Meta-Llama-3-1-8B-Instruct_fp16_sentiment_L16_r5_COMPLETE_20260714|a-4.0|i102,SteerQuant_Meta-Llama-3-1-8B-Instruct_fp16_sentiment_L16_r5_COMPLETE_20260714.json,meta-llama/Meta-Llama-3.1-8B-Instruct,fp16,r5,-4.0,102,55,14,0,1,,14,1,False
SteerQuant_Meta-Llama-3-1-8B-Instruct_fp16_sentiment_L16_r5_COMPLETE_20260714|a-4.0|i133,SteerQuant_Meta-Llama-3-1-8B-Instruct_fp16_sentiment_L16_r5_COMPLETE_20260714.json,meta-llama/Meta-Llama-3.1-8B-Instruct,fp16,r5,-4.0,133,103,140,0,1,,140,1,False
SteerQuant_Meta-Llama-3-1-8B-Instruct_fp16_sentiment_L16_r5_COMPLETE_20260714|a-2.0|i37,SteerQuant_Meta-Llama-3-1-8B-Instruct_fp16_sentiment_L16_r5_COMPLETE_20260714.json,meta-llama/Meta-Llama-3.1-8B-Instruct,fp16,r5,-2.0,37,110,45,0,1,,45,1,False
SteerQuant_Meta-Llama-3-1-8B-Instruct_fp16_sentiment_L16_r5_COMPLETE_20260714|a-2.0|i65,SteerQuant_Meta-Llama-3-1-8B-Instruct_fp16_sentiment_L16_r5_COMPLETE_20260714.json,meta-llama/Meta-Llama-3.1-8B-Instruct,fp16,r5,-2.0,65,130,30,0,1,,30,1,False
SteerQuant_Meta-Llama-3-1-8B-Instruct_fp16_sentiment_L16_r5_COMPLETE_20260714|a-2.0|i102,SteerQuant_Meta-Llama-3-1-8B-Instruct_fp16_sentiment_L16_r5_COMPLETE_20260714.json,meta-llama/Meta-Llama-3.1-8B-Instruct,fp16,r5,-2.0,102,55,14,0,1,,14,1,False
SteerQuant_Meta-Llama-3-1-8B-Instruct_fp16_sentiment_L16_r5_COMPLETE_20260714|a-2.0|i109,SteerQuant_Meta-Llama-3-1-8B-Instruct_fp16_sentiment_L16_r5_COMPLETE_20260714.json,meta-llama/Meta-Llama-3.1-8B-Instruct,fp16,r5,-2.0,109,110,45,0,1,,45,1,False
SteerQuant_Meta-Llama-3-1-8B-Instruct_fp16_sentiment_L16_r5_COMPLETE_20260714|a-2.0|i181,SteerQuant_Meta-Llama-3-1-8B-Instruct_fp16_sentiment_L16_r5_COMPLETE_20260714.json,meta-llama/Meta-Llama-3.1-8B-Instruct,fp16,r5,-2.0,181,10,366,0,1,,366,1,False
SteerQuant_Meta-Llama-3-1-8B-Instruct_fp16_sentiment_L16_r5_COMPLETE_20260714|a0.0|i23,SteerQuant_Meta-Llama-3-1-8B-Instruct_fp16_sentiment_L16_r5_COMPLETE_20260714.json,meta-llama/Meta-Llama-3.1-8B-Instruct,fp16,r5,0.0,23,57,83,0,1,,83,1,False
SteerQuant_Meta-Llama-3-1-8B-Instruct_fp16_sentiment_L16_r5_COMPLETE_20260714|a0.0|i37,SteerQuant_Meta-Llama-3-1-8B-Instruct_fp16_sentiment_L16_r5_COMPLETE_20260714.json,meta-llama/Meta-Llama-3.1-8B-Instruct,fp16,r5,0.0,37,110,45,0,1,,45,1,False
SteerQuant_Meta-Llama-3-1-8B-Instruct_fp16_sentiment_L16_r5_COMPLETE_20260714|a0.0|i42,SteerQuant_Meta-Llama-3-1-8B-Instruct_fp16_sentiment_L16_r5_COMPLETE_20260714.json,meta-llama/Meta-Llama-3.1-8B-Instruct,fp16,r5,0.0,42,124,10,0,1,,10,1,False
SteerQuant_Meta-Llama-3-1-8B-Instruct_fp16_sentiment_L16_r5_COMPLETE_20260714|a0.0|i47,SteerQuant_Meta-Llama-3-1-8B-Instruct_fp16_sentiment_L16_r5_COMPLETE_20260714.json,meta-llama/Meta-Llama-3.1-8B-Instruct,fp16,r5,0.0,47,181,160,0,1,,160,1,False
SteerQuant_Meta-Llama-3-1-8B-Instruct_fp16_sentiment_L16_r5_COMPLETE_20260714|a0.0|i102,SteerQuant_Meta-Llama-3-1-8B-Instruct_fp16_sentiment_L16_r5_COMPLETE_20260714.json,meta-llama/Meta-Llama-3.1-8B-Instruct,fp16,r5,0.0,102,55,14,0,1,,14,1,False
SteerQuant_Meta-Llama-3-1-8B-Instruct_fp16_sentiment_L16_r5_COMPLETE_20260714|a0.0|i104,SteerQuant_Meta-Llama-3-1-8B-Instruct_fp16_sentiment_L16_r5_COMPLETE_20260714.json,meta-llama/Meta-Llama-3.1-8B-Instruct,fp16,r5,0.0,104,21,14,0,1,,14,1,False
SteerQuant_Meta-Llama-3-1-8B-Instruct_fp16_sentiment_L16_r5_COMPLETE_20260714|a0.0|i109,SteerQuant_Meta-Llama-3-1-8B-Instruct_fp16_sentiment_L16_r5_COMPLETE_20260714.json,meta-llama/Meta-Llama-3.1-8B-Instruct,fp16,r5,0.0,109,110,45,0,1,,45,1,False
SteerQuant_Meta-Llama-3-1-8B-Instruct_fp16_sentiment_L16_r5_COMPLETE_20260714|a0.0|i149,SteerQuant_Meta-Llama-3-1-8B-Instruct_fp16_sentiment_L16_r5_COMPLETE_20260714.json,meta-llama/Meta-Llama-3.1-8B-Instruct,fp16,r5,0.0,149,21,14,0,1,,14,1,False
SteerQuant_Meta-Llama-3-1-8B-Instruct_fp16_sentiment_L16_r5_COMPLETE_20260714|a0.0|i181,SteerQuant_Meta-Llama-3-1-8B-Instruct_fp16_sentiment_L16_r5_COMPLETE_20260714.json,meta-llama/Meta-Llama-3.1-8B-Instruct,fp16,r5,0.0,181,10,366,0,1,,366,1,False
SteerQuant_Meta-Llama-3-1-8B-Instruct_w4a16_bnb_nf4_sentiment_L16_r1_COMPLETE_20260714|a0.0|i10,SteerQuant_Meta-Llama-3-1-8B-Instruct_w4a16_bnb_nf4_sentiment_L16_r1_COMPLETE_20260714.json,meta-llama/Meta-Llama-3.1-8B-Instruct,w4a16_bnb_nf4,r1,0.0,10,158,34,0,1,,34,1,False
SteerQuant_Meta-Llama-3-1-8B-Instruct_w4a16_bnb_nf4_sentiment_L16_r1_COMPLETE_20260714|a0.0|i18,SteerQuant_Meta-Llama-3-1-8B-Instruct_w4a16_bnb_nf4_sentiment_L16_r1_COMPLETE_20260714.json,meta-llama/Meta-Llama-3.1-8B-Instruct,w4a16_bnb_nf4,r1,0.0,18,198,320,0,1,,320,1,False
SteerQuant_Meta-Llama-3-1-8B-Instruct_w4a16_bnb_nf4_sentiment_L16_r1_COMPLETE_20260714|a0.0|i32,SteerQuant_Meta-Llama-3-1-8B-Instruct_w4a16_bnb_nf4_sentiment_L16_r1_COMPLETE_20260714.json,meta-llama/Meta-Llama-3.1-8B-Instruct,w4a16_bnb_nf4,r1,0.0,32,172,51,0,1,,51,1,False
SteerQuant_Meta-Llama-3-1-8B-Instruct_w4a16_bnb_nf4_sentiment_L16_r1_COMPLETE_20260714|a0.0|i39,SteerQuant_Meta-Llama-3-1-8B-Instruct_w4a16_bnb_nf4_sentiment_L16_r1_COMPLETE_20260714.json,meta-llama/Meta-Llama-3.1-8B-Instruct,w4a16_bnb_nf4,r1,0.0,39,100,175,0,1,,175,1,False
SteerQuant_Meta-Llama-3-1-8B-Instruct_w4a16_bnb_nf4_sentiment_L16_r1_COMPLETE_20260714|a0.0|i40,SteerQuant_Meta-Llama-3-1-8B-Instruct_w4a16_bnb_nf4_sentiment_L16_r1_COMPLETE_20260714.json,meta-llama/Meta-Llama-3.1-8B-Instruct,w4a16_bnb_nf4,r1,0.0,40,58,57,0,1,,57,1,False
SteerQuant_Meta-Llama-3-1-8B-Instruct_w4a16_bnb_nf4_sentiment_L16_r1_COMPLETE_20260714|a0.0|i43,SteerQuant_Meta-Llama-3-1-8B-Instruct_w4a16_bnb_nf4_sentiment_L16_r1_COMPLETE_20260714.json,meta-llama/Meta-Llama-3.1-8B-Instruct,w4a16_bnb_nf4,r1,0.0,43,174,95,0,1,,95,1,False
SteerQuant_Meta-Llama-3-1-8B-Instruct_w4a16_bnb_nf4_sentiment_L16_r1_COMPLETE_20260714|a0.0|i48,SteerQuant_Meta-Llama-3-1-8B-Instruct_w4a16_bnb_nf4_sentiment_L16_r1_COMPLETE_20260714.json,meta-llama/Meta-Llama-3.1-8B-Instruct,w4a16_bnb_nf4,r1,0.0,48,42,26,0,1,,26,1,False
SteerQuant_Meta-Llama-3-1-8B-Instruct_w4a16_bnb_nf4_sentiment_L16_r1_COMPLETE_20260714|a0.0|i63,SteerQuant_Meta-Llama-3-1-8B-Instruct_w4a16_bnb_nf4_sentiment_L16_r1_COMPLETE_20260714.json,meta-llama/Meta-Llama-3.1-8B-Instruct,w4a16_bnb_nf4,r1,0.0,63,56,3,0,1,,3,1,False
SteerQuant_Meta-Llama-3-1-8B-Instruct_w4a16_bnb_nf4_sentiment_L16_r1_COMPLETE_20260714|a0.0|i65,SteerQuant_Meta-Llama-3-1-8B-Instruct_w4a16_bnb_nf4_sentiment_L16_r1_COMPLETE_20260714.json,meta-llama/Meta-Llama-3.1-8B-Instruct,w4a16_bnb_nf4,r1,0.0,65,64,300,0,1,,300,1,False
SteerQuant_Meta-Llama-3-1-8B-Instruct_w4a16_bnb_nf4_sentiment_L16_r1_COMPLETE_20260714|a0.0|i72,SteerQuant_Meta-Llama-3-1-8B-Instruct_w4a16_bnb_nf4_sentiment_L16_r1_COMPLETE_20260714.json,meta-llama/Meta-Llama-3.1-8B-Instruct,w4a16_bnb_nf4,r1,0.0,72,146,2125,0,1,,2125,1,False
SteerQuant_Meta-Llama-3-1-8B-Instruct_w4a16_bnb_nf4_sentiment_L16_r1_COMPLETE_20260714|a0.0|i88,SteerQuant_Meta-Llama-3-1-8B-Instruct_w4a16_bnb_nf4_sentiment_L16_r1_COMPLETE_20260714.json,meta-llama/Meta-Llama-3.1-8B-Instruct,w4a16_bnb_nf4,r1,0.0,88,152,4,0,1,,4,1,False
SteerQuant_Meta-Llama-3-1-8B-Instruct_w4a16_bnb_nf4_sentiment_L16_r1_COMPLETE_20260714|a0.0|i92,SteerQuant_Meta-Llama-3-1-8B-Instruct_w4a16_bnb_nf4_sentiment_L16_r1_COMPLETE_20260714.json,meta-llama/Meta-Llama-3.1-8B-Instruct,w4a16_bnb_nf4,r1,0.0,92,190,360,0,1,,360,1,False
SteerQuant_Meta-Llama-3-1-8B-Instruct_w4a16_bnb_nf4_sentiment_L16_r1_COMPLETE_20260714|a0.0|i98,SteerQuant_Meta-Llama-3-1-8B-Instruct_w4a16_bnb_nf4_sentiment_L16_r1_COMPLETE_20260714.json,meta-llama/Meta-Llama-3.1-8B-Instruct,w4a16_bnb_nf4,r1,0.0,98,146,2125,0,1,,2125,1,False
SteerQuant_Meta-Llama-3-1-8B-Instruct_w4a16_bnb_nf4_sentiment_L16_r1_COMPLETE_20260714|a0.0|i117,SteerQuant_Meta-Llama-3-1-8B-Instruct_w4a16_bnb_nf4_sentiment_L16_r1_COMPLETE_20260714.json,meta-llama/Meta-Llama-3.1-8B-Instruct,w4a16_bnb_nf4,r1,0.0,117,64,300,0,1,,300,1,False
SteerQuant_Meta-Llama-3-1-8B-Instruct_w4a16_bnb_nf4_sentiment_L16_r1_COMPLETE_20260714|a0.0|i123,SteerQuant_Meta-Llama-3-1-8B-Instruct_w4a16_bnb_nf4_sentiment_L16_r1_COMPLETE_20260714.json,meta-llama/Meta-Llama-3.1-8B-Instruct,w4a16_bnb_nf4,r1,0.0,123,55,14,0,1,,14,1,False
SteerQuant_Meta-Llama-3-1-8B-Instruct_w4a16_bnb_nf4_sentiment_L16_r1_COMPLETE_20260714|a0.0|i138,SteerQuant_Meta-Llama-3-1-8B-Instruct_w4a16_bnb_nf4_sentiment_L16_r1_COMPLETE_20260714.json,meta-llama/Meta-Llama-3.1-8B-Instruct,w4a16_bnb_nf4,r1,0.0,138,124,10,0,1,,10,1,False
SteerQuant_Meta-Llama-3-1-8B-Instruct_w4a16_bnb_nf4_sentiment_L16_r1_COMPLETE_20260714|a0.0|i144,SteerQuant_Meta-Llama-3-1-8B-Instruct_w4a16_bnb_nf4_sentiment_L16_r1_COMPLETE_20260714.json,meta-llama/Meta-Llama-3.1-8B-Instruct,w4a16_bnb_nf4,r1,0.0,144,124,10,0,1,,10,1,False
SteerQuant_Meta-Llama-3-1-8B-Instruct_w4a16_bnb_nf4_sentiment_L16_r1_COMPLETE_20260714|a0.0|i152,SteerQuant_Meta-Llama-3-1-8B-Instruct_w4a16_bnb_nf4_sentiment_L16_r1_COMPLETE_20260714.json,meta-llama/Meta-Llama-3.1-8B-Instruct,w4a16_bnb_nf4,r1,0.0,152,146,2125,0,1,,2125,1,False
SteerQuant_Meta-Llama-3-1-8B-Instruct_w4a16_bnb_nf4_sentiment_L16_r1_COMPLETE_20260714|a0.0|i165,SteerQuant_Meta-Llama-3-1-8B-Instruct_w4a16_bnb_nf4_sentiment_L16_r1_COMPLETE_20260714.json,meta-llama/Meta-Llama-3.1-8B-Instruct,w4a16_bnb_nf4,r1,0.0,165,152,4,0,1,,4,1,False
SteerQuant_Meta-Llama-3-1-8B-Instruct_w4a16_bnb_nf4_sentiment_L16_r1_COMPLETE_20260714|a0.0|i167,SteerQuant_Meta-Llama-3-1-8B-Instruct_w4a16_bnb_nf4_sentiment_L16_r1_COMPLETE_20260714.json,meta-llama/Meta-Llama-3.1-8B-Instruct,w4a16_bnb_nf4,r1,0.0,167,100,175,0,1,,175,1,False
SteerQuant_Meta-Llama-3-1-8B-Instruct_w4a16_bnb_nf4_sentiment_L16_r1_COMPLETE_20260714|a2.0|i5,SteerQuant_Meta-Llama-3-1-8B-Instruct_w4a16_bnb_nf4_sentiment_L16_r1_COMPLETE_20260714.json,meta-llama/Meta-Llama-3.1-8B-Instruct,w4a16_bnb_nf4,r1,2.0,5,93,36,0,1,,36,1,False
SteerQuant_Meta-Llama-3-1-8B-Instruct_w4a16_bnb_nf4_sentiment_L16_r1_COMPLETE_20260714|a2.0|i10,SteerQuant_Meta-Llama-3-1-8B-Instruct_w4a16_bnb_nf4_sentiment_L16_r1_COMPLETE_20260714.json,meta-llama/Meta-Llama-3.1-8B-Instruct,w4a16_bnb_nf4,r1,2.0,10,158,34,0,1,,34,1,False
SteerQuant_Meta-Llama-3-1-8B-Instruct_w4a16_bnb_nf4_sentiment_L16_r1_COMPLETE_20260714|a2.0|i18,SteerQuant_Meta-Llama-3-1-8B-Instruct_w4a16_bnb_nf4_sentiment_L16_r1_COMPLETE_20260714.json,meta-llama/Meta-Llama-3.1-8B-Instruct,w4a16_bnb_nf4,r1,2.0,18,198,320,0,1,,320,1,False
SteerQuant_Meta-Llama-3-1-8B-Instruct_w4a16_bnb_nf4_sentiment_L16_r1_COMPLETE_20260714|a2.0|i20,SteerQuant_Meta-Llama-3-1-8B-Instruct_w4a16_bnb_nf4_sentiment_L16_r1_COMPLETE_20260714.json,meta-llama/Meta-Llama-3.1-8B-Instruct,w4a16_bnb_nf4,r1,2.0,20,10,366,0,1,,366,1,False
SteerQuant_Meta-Llama-3-1-8B-Instruct_w4a16_bnb_nf4_sentiment_L16_r1_COMPLETE_20260714|a2.0|i31,SteerQuant_Meta-Llama-3-1-8B-Instruct_w4a16_bnb_nf4_sentiment_L16_r1_COMPLETE_20260714.json,meta-llama/Meta-Llama-3.1-8B-Instruct,w4a16_bnb_nf4,r1,2.0,31,10,366,0,1,,366,1,False
SteerQuant_Meta-Llama-3-1-8B-Instruct_w4a16_bnb_nf4_sentiment_L16_r1_COMPLETE_20260714|a2.0|i47,SteerQuant_Meta-Llama-3-1-8B-Instruct_w4a16_bnb_nf4_sentiment_L16_r1_COMPLETE_20260714.json,meta-llama/Meta-Llama-3.1-8B-Instruct,w4a16_bnb_nf4,r1,2.0,47,50,294,0,1,,294,1,False
SteerQuant_Meta-Llama-3-1-8B-Instruct_w4a16_bnb_nf4_sentiment_L16_r1_COMPLETE_20260714|a2.0|i48,SteerQuant_Meta-Llama-3-1-8B-Instruct_w4a16_bnb_nf4_sentiment_L16_r1_COMPLETE_20260714.json,meta-llama/Meta-Llama-3.1-8B-Instruct,w4a16_bnb_nf4,r1,2.0,48,42,26,0,1,,26,1,False
SteerQuant_Meta-Llama-3-1-8B-Instruct_w4a16_bnb_nf4_sentiment_L16_r1_COMPLETE_20260714|a2.0|i57,SteerQuant_Meta-Llama-3-1-8B-Instruct_w4a16_bnb_nf4_sentiment_L16_r1_COMPLETE_20260714.json,meta-llama/Meta-Llama-3.1-8B-Instruct,w4a16_bnb_nf4,r1,2.0,57,111,16,0,1,,16,1,False
SteerQuant_Meta-Llama-3-1-8B-Instruct_w4a16_bnb_nf4_sentiment_L16_r1_COMPLETE_20260714|a2.0|i72,SteerQuant_Meta-Llama-3-1-8B-Instruct_w4a16_bnb_nf4_sentiment_L16_r1_COMPLETE_20260714.json,meta-llama/Meta-Llama-3.1-8B-Instruct,w4a16_bnb_nf4,r1,2.0,72,146,2125,0,1,,2125,1,False
SteerQuant_Meta-Llama-3-1-8B-Instruct_w4a16_bnb_nf4_sentiment_L16_r1_COMPLETE_20260714|a2.0|i82,SteerQuant_Meta-Llama-3-1-8B-Instruct_w4a16_bnb_nf4_sentiment_L16_r1_COMPLETE_20260714.json,meta-llama/Meta-Llama-3.1-8B-Instruct,w4a16_bnb_nf4,r1,2.0,82,28,25,0,1,,25,1,False
SteerQuant_Meta-Llama-3-1-8B-Instruct_w4a16_bnb_nf4_sentiment_L16_r1_COMPLETE_20260714|a2.0|i90,SteerQuant_Meta-Llama-3-1-8B-Instruct_w4a16_bnb_nf4_sentiment_L16_r1_COMPLETE_20260714.json,meta-llama/Meta-Llama-3.1-8B-Instruct,w4a16_bnb_nf4,r1,2.0,90,83,600,0,1,,600,1,False
SteerQuant_Meta-Llama-3-1-8B-Instruct_w4a16_bnb_nf4_sentiment_L16_r1_COMPLETE_20260714|a2.0|i98,SteerQuant_Meta-Llama-3-1-8B-Instruct_w4a16_bnb_nf4_sentiment_L16_r1_COMPLETE_20260714.json,meta-llama/Meta-Llama-3.1-8B-Instruct,w4a16_bnb_nf4,r1,2.0,98,146,2125,0,1,,2125,1,False
SteerQuant_Meta-Llama-3-1-8B-Instruct_w4a16_bnb_nf4_sentiment_L16_r1_COMPLETE_20260714|a2.0|i108,SteerQuant_Meta-Llama-3-1-8B-Instruct_w4a16_bnb_nf4_sentiment_L16_r1_COMPLETE_20260714.json,meta-llama/Meta-Llama-3.1-8B-Instruct,w4a16_bnb_nf4,r1,2.0,108,103,140,0,1,,140,1,False
SteerQuant_Meta-Llama-3-1-8B-Instruct_w4a16_bnb_nf4_sentiment_L16_r1_COMPLETE_20260714|a2.0|i116,SteerQuant_Meta-Llama-3-1-8B-Instruct_w4a16_bnb_nf4_sentiment_L16_r1_COMPLETE_20260714.json,meta-llama/Meta-Llama-3.1-8B-Instruct,w4a16_bnb_nf4,r1,2.0,116,83,600,0,1,,600,1,False
SteerQuant_Meta-Llama-3-1-8B-Instruct_w4a16_bnb_nf4_sentiment_L16_r1_COMPLETE_20260714|a2.0|i119,SteerQuant_Meta-Llama-3-1-8B-Instruct_w4a16_bnb_nf4_sentiment_L16_r1_COMPLETE_20260714.json,meta-llama/Meta-Llama-3.1-8B-Instruct,w4a16_bnb_nf4,r1,2.0,119,28,25,0,1,,25,1,False
SteerQuant_Meta-Llama-3-1-8B-Instruct_w4a16_bnb_nf4_sentiment_L16_r1_COMPLETE_20260714|a2.0|i120,SteerQuant_Meta-Llama-3-1-8B-Instruct_w4a16_bnb_nf4_sentiment_L16_r1_COMPLETE_20260714.json,meta-llama/Meta-Llama-3.1-8B-Instruct,w4a16_bnb_nf4,r1,2.0,120,99,58,0,1,,58,1,False
SteerQuant_Meta-Llama-3-1-8B-Instruct_w4a16_bnb_nf4_sentiment_L16_r1_COMPLETE_20260714|a2.0|i138,SteerQuant_Meta-Llama-3-1-8B-Instruct_w4a16_bnb_nf4_sentiment_L16_r1_COMPLETE_20260714.json,meta-llama/Meta-Llama-3.1-8B-Instruct,w4a16_bnb_nf4,r1,2.0,138,124,10,0,1,,10,1,False
SteerQuant_Meta-Llama-3-1-8B-Instruct_w4a16_bnb_nf4_sentiment_L16_r1_COMPLETE_20260714|a2.0|i144,SteerQuant_Meta-Llama-3-1-8B-Instruct_w4a16_bnb_nf4_sentiment_L16_r1_COMPLETE_20260714.json,meta-llama/Meta-Llama-3.1-8B-Instruct,w4a16_bnb_nf4,r1,2.0,144,124,10,0,1,,10,1,False
SteerQuant_Meta-Llama-3-1-8B-Instruct_w4a16_bnb_nf4_sentiment_L16_r1_COMPLETE_20260714|a2.0|i152,SteerQuant_Meta-Llama-3-1-8B-Instruct_w4a16_bnb_nf4_sentiment_L16_r1_COMPLETE_20260714.json,meta-llama/Meta-Llama-3.1-8B-Instruct,w4a16_bnb_nf4,r1,2.0,152,146,2125,0,1,,2125,1,False
SteerQuant_Meta-Llama-3-1-8B-Instruct_w4a16_bnb_nf4_sentiment_L16_r1_COMPLETE_20260714|a2.0|i161,SteerQuant_Meta-Llama-3-1-8B-Instruct_w4a16_bnb_nf4_sentiment_L16_r1_COMPLETE_20260714.json,meta-llama/Meta-Llama-3.1-8B-Instruct,w4a16_bnb_nf4,r1,2.0,161,35,9,0,1,,9,1,False
SteerQuant_Meta-Llama-3-1-8B-Instruct_w4a16_bnb_nf4_sentiment_L16_r1_COMPLETE_20260714|a2.0|i165,SteerQuant_Meta-Llama-3-1-8B-Instruct_w4a16_bnb_nf4_sentiment_L16_r1_COMPLETE_20260714.json,meta-llama/Meta-Llama-3.1-8B-Instruct,w4a16_bnb_nf4,r1,2.0,165,152,4,0,1,,4,1,False
SteerQuant_Meta-Llama-3-1-8B-Instruct_w4a16_bnb_nf4_sentiment_L16_r1_COMPLETE_20260714|a2.0|i179,SteerQuant_Meta-Llama-3-1-8B-Instruct_w4a16_bnb_nf4_sentiment_L16_r1_COMPLETE_20260714.json,meta-llama/Meta-Llama-3.1-8B-Instruct,w4a16_bnb_nf4,r1,2.0,179,198,320,0,1,,320,1,False
SteerQuant_Meta-Llama-3-1-8B-Instruct_w4a16_bnb_nf4_sentiment_L16_r1_COMPLETE_20260714|a2.0|i186,SteerQuant_Meta-Llama-3-1-8B-Instruct_w4a16_bnb_nf4_sentiment_L16_r1_COMPLETE_20260714.json,meta-llama/Meta-Llama-3.1-8B-Instruct,w4a16_bnb_nf4,r1,2.0,186,46,163,0,1,,163,1,False
SteerQuant_Meta-Llama-3-1-8B-Instruct_w4a16_bnb_nf4_sentiment_L16_r1_COMPLETE_20260714|a4.0|i20,SteerQuant_Meta-Llama-3-1-8B-Instruct_w4a16_bnb_nf4_sentiment_L16_r1_COMPLETE_20260714.json,meta-llama/Meta-Llama-3.1-8B-Instruct,w4a16_bnb_nf4,r1,4.0,20,10,366,0,1,,366,1,False
SteerQuant_Meta-Llama-3-1-8B-Instruct_w4a16_bnb_nf4_sentiment_L16_r1_COMPLETE_20260714|a4.0|i29,SteerQuant_Meta-Llama-3-1-8B-Instruct_w4a16_bnb_nf4_sentiment_L16_r1_COMPLETE_20260714.json,meta-llama/Meta-Llama-3.1-8B-Instruct,w4a16_bnb_nf4,r1,4.0,29,49,30,0,1,,30,1,False
SteerQuant_Meta-Llama-3-1-8B-Instruct_w4a16_bnb_nf4_sentiment_L16_r1_COMPLETE_20260714|a4.0|i31,SteerQuant_Meta-Llama-3-1-8B-Instruct_w4a16_bnb_nf4_sentiment_L16_r1_COMPLETE_20260714.json,meta-llama/Meta-Llama-3.1-8B-Instruct,w4a16_bnb_nf4,r1,4.0,31,10,366,0,1,,366,1,False
SteerQuant_Meta-Llama-3-1-8B-Instruct_w4a16_bnb_nf4_sentiment_L16_r1_COMPLETE_20260714|a4.0|i57,SteerQuant_Meta-Llama-3-1-8B-Instruct_w4a16_bnb_nf4_sentiment_L16_r1_COMPLETE_20260714.json,meta-llama/Meta-Llama-3.1-8B-Instruct,w4a16_bnb_nf4,r1,4.0,57,111,16,0,1,,16,1,False
SteerQuant_Meta-Llama-3-1-8B-Instruct_w4a16_bnb_nf4_sentiment_L16_r1_COMPLETE_20260714|a4.0|i68,SteerQuant_Meta-Llama-3-1-8B-Instruct_w4a16_bnb_nf4_sentiment_L16_r1_COMPLETE_20260714.json,meta-llama/Meta-Llama-3.1-8B-Instruct,w4a16_bnb_nf4,r1,4.0,68,28,25,0,1,,25,1,False
SteerQuant_Meta-Llama-3-1-8B-Instruct_w4a16_bnb_nf4_sentiment_L16_r1_COMPLETE_20260714|a4.0|i72,SteerQuant_Meta-Llama-3-1-8B-Instruct_w4a16_bnb_nf4_sentiment_L16_r1_COMPLETE_20260714.json,meta-llama/Meta-Llama-3.1-8B-Instruct,w4a16_bnb_nf4,r1,4.0,72,146,2125,0,1,,2125,1,False
SteerQuant_Meta-Llama-3-1-8B-Instruct_w4a16_bnb_nf4_sentiment_L16_r1_COMPLETE_20260714|a4.0|i82,SteerQuant_Meta-Llama-3-1-8B-Instruct_w4a16_bnb_nf4_sentiment_L16_r1_COMPLETE_20260714.json,meta-llama/Meta-Llama-3.1-8B-Instruct,w4a16_bnb_nf4,r1,4.0,82,28,25,0,1,,25,1,False
SteerQuant_Meta-Llama-3-1-8B-Instruct_w4a16_bnb_nf4_sentiment_L16_r1_COMPLETE_20260714|a4.0|i87,SteerQuant_Meta-Llama-3-1-8B-Instruct_w4a16_bnb_nf4_sentiment_L16_r1_COMPLETE_20260714.json,meta-llama/Meta-Llama-3.1-8B-Instruct,w4a16_bnb_nf4,r1,4.0,87,0,18,0,1,,18,1,False
SteerQuant_Meta-Llama-3-1-8B-Instruct_w4a16_bnb_nf4_sentiment_L16_r1_COMPLETE_20260714|a4.0|i90,SteerQuant_Meta-Llama-3-1-8B-Instruct_w4a16_bnb_nf4_sentiment_L16_r1_COMPLETE_20260714.json,meta-llama/Meta-Llama-3.1-8B-Instruct,w4a16_bnb_nf4,r1,4.0,90,83,600,0,1,,600,1,False
SteerQuant_Meta-Llama-3-1-8B-Instruct_w4a16_bnb_nf4_sentiment_L16_r1_COMPLETE_20260714|a4.0|i108,SteerQuant_Meta-Llama-3-1-8B-Instruct_w4a16_bnb_nf4_sentiment_L16_r1_COMPLETE_20260714.json,meta-llama/Meta-Llama-3.1-8B-Instruct,w4a16_bnb_nf4,r1,4.0,108,103,140,0,1,,140,1,False
SteerQuant_Meta-Llama-3-1-8B-Instruct_w4a16_bnb_nf4_sentiment_L16_r1_COMPLETE_20260714|a4.0|i114,SteerQuant_Meta-Llama-3-1-8B-Instruct_w4a16_bnb_nf4_sentiment_L16_r1_COMPLETE_20260714.json,meta-llama/Meta-Llama-3.1-8B-Instruct,w4a16_bnb_nf4,r1,4.0,114,23,8,0,1,,8,1,False
SteerQuant_Meta-Llama-3-1-8B-Instruct_w4a16_bnb_nf4_sentiment_L16_r1_COMPLETE_20260714|a4.0|i116,SteerQuant_Meta-Llama-3-1-8B-Instruct_w4a16_bnb_nf4_sentiment_L16_r1_COMPLETE_20260714.json,meta-llama/Meta-Llama-3.1-8B-Instruct,w4a16_bnb_nf4,r1,4.0,116,83,600,0,1,,600,1,False
SteerQuant_Meta-Llama-3-1-8B-Instruct_w4a16_bnb_nf4_sentiment_L16_r1_COMPLETE_20260714|a4.0|i117,SteerQuant_Meta-Llama-3-1-8B-Instruct_w4a16_bnb_nf4_sentiment_L16_r1_COMPLETE_20260714.json,meta-llama/Meta-Llama-3.1-8B-Instruct,w4a16_bnb_nf4,r1,4.0,117,64,300,0,1,,300,1,False
SteerQuant_Meta-Llama-3-1-8B-Instruct_w4a16_bnb_nf4_sentiment_L16_r1_COMPLETE_20260714|a4.0|i119,SteerQuant_Meta-Llama-3-1-8B-Instruct_w4a16_bnb_nf4_sentiment_L16_r1_COMPLETE_20260714.json,meta-llama/Meta-Llama-3.1-8B-Instruct,w4a16_bnb_nf4,r1,4.0,119,28,25,0,1,,25,1,False
SteerQuant_Meta-Llama-3-1-8B-Instruct_w4a16_bnb_nf4_sentiment_L16_r1_COMPLETE_20260714|a4.0|i136,SteerQuant_Meta-Llama-3-1-8B-Instruct_w4a16_bnb_nf4_sentiment_L16_r1_COMPLETE_20260714.json,meta-llama/Meta-Llama-3.1-8B-Instruct,w4a16_bnb_nf4,r1,4.0,136,116,42,0,1,,42,1,False
SteerQuant_Meta-Llama-3-1-8B-Instruct_w4a16_bnb_nf4_sentiment_L16_r1_COMPLETE_20260714|a4.0|i138,SteerQuant_Meta-Llama-3-1-8B-Instruct_w4a16_bnb_nf4_sentiment_L16_r1_COMPLETE_20260714.json,meta-llama/Meta-Llama-3.1-8B-Instruct,w4a16_bnb_nf4,r1,4.0,138,124,10,0,1,,10,1,False
SteerQuant_Meta-Llama-3-1-8B-Instruct_w4a16_bnb_nf4_sentiment_L16_r1_COMPLETE_20260714|a4.0|i144,SteerQuant_Meta-Llama-3-1-8B-Instruct_w4a16_bnb_nf4_sentiment_L16_r1_COMPLETE_20260714.json,meta-llama/Meta-Llama-3.1-8B-Instruct,w4a16_bnb_nf4,r1,4.0,144,124,10,0,1,,10,1,False
SteerQuant_Meta-Llama-3-1-8B-Instruct_w4a16_bnb_nf4_sentiment_L16_r1_COMPLETE_20260714|a4.0|i152,SteerQuant_Meta-Llama-3-1-8B-Instruct_w4a16_bnb_nf4_sentiment_L16_r1_COMPLETE_20260714.json,meta-llama/Meta-Llama-3.1-8B-Instruct,w4a16_bnb_nf4,r1,4.0,152,146,2125,0,1,,2125,1,False
SteerQuant_Meta-Llama-3-1-8B-Instruct_w4a16_bnb_nf4_sentiment_L16_r1_COMPLETE_20260714|a4.0|i154,SteerQuant_Meta-Llama-3-1-8B-Instruct_w4a16_bnb_nf4_sentiment_L16_r1_COMPLETE_20260714.json,meta-llama/Meta-Llama-3.1-8B-Instruct,w4a16_bnb_nf4,r1,4.0,154,80,10,0,1,,10,1,False
SteerQuant_Meta-Llama-3-1-8B-Instruct_w4a16_bnb_nf4_sentiment_L16_r1_COMPLETE_20260714|a4.0|i161,SteerQuant_Meta-Llama-3-1-8B-Instruct_w4a16_bnb_nf4_sentiment_L16_r1_COMPLETE_20260714.json,meta-llama/Meta-Llama-3.1-8B-Instruct,w4a16_bnb_nf4,r1,4.0,161,35,9,0,1,,9,1,False
SteerQuant_Meta-Llama-3-1-8B-Instruct_w4a16_bnb_nf4_sentiment_L16_r1_COMPLETE_20260714|a4.0|i172,SteerQuant_Meta-Llama-3-1-8B-Instruct_w4a16_bnb_nf4_sentiment_L16_r1_COMPLETE_20260714.json,meta-llama/Meta-Llama-3.1-8B-Instruct,w4a16_bnb_nf4,r1,4.0,172,64,300,0,1,,300,1,False
SteerQuant_Meta-Llama-3-1-8B-Instruct_w4a16_bnb_nf4_sentiment_L16_r1_COMPLETE_20260714|a6.0|i20,SteerQuant_Meta-Llama-3-1-8B-Instruct_w4a16_bnb_nf4_sentiment_L16_r1_COMPLETE_20260714.json,meta-llama/Meta-Llama-3.1-8B-Instruct,w4a16_bnb_nf4,r1,6.0,20,10,366,0,1,,366,1,False
SteerQuant_Meta-Llama-3-1-8B-Instruct_w4a16_bnb_nf4_sentiment_L16_r1_COMPLETE_20260714|a6.0|i29,SteerQuant_Meta-Llama-3-1-8B-Instruct_w4a16_bnb_nf4_sentiment_L16_r1_COMPLETE_20260714.json,meta-llama/Meta-Llama-3.1-8B-Instruct,w4a16_bnb_nf4,r1,6.0,29,49,30,0,1,,30,1,False
SteerQuant_Meta-Llama-3-1-8B-Instruct_w4a16_bnb_nf4_sentiment_L16_r1_COMPLETE_20260714|a6.0|i31,SteerQuant_Meta-Llama-3-1-8B-Instruct_w4a16_bnb_nf4_sentiment_L16_r1_COMPLETE_20260714.json,meta-llama/Meta-Llama-3.1-8B-Instruct,w4a16_bnb_nf4,r1,6.0,31,10,366,0,1,,366,1,False
SteerQuant_Meta-Llama-3-1-8B-Instruct_w4a16_bnb_nf4_sentiment_L16_r1_COMPLETE_20260714|a6.0|i39,SteerQuant_Meta-Llama-3-1-8B-Instruct_w4a16_bnb_nf4_sentiment_L16_r1_COMPLETE_20260714.json,meta-llama/Meta-Llama-3.1-8B-Instruct,w4a16_bnb_nf4,r1,6.0,39,100,175,0,1,,175,1,False
SteerQuant_Meta-Llama-3-1-8B-Instruct_w4a16_bnb_nf4_sentiment_L16_r1_COMPLETE_20260714|a6.0|i90,SteerQuant_Meta-Llama-3-1-8B-Instruct_w4a16_bnb_nf4_sentiment_L16_r1_COMPLETE_20260714.json,meta-llama/Meta-Llama-3.1-8B-Instruct,w4a16_bnb_nf4,r1,6.0,90,83,600,0,1,,600,1,False
SteerQuant_Meta-Llama-3-1-8B-Instruct_w4a16_bnb_nf4_sentiment_L16_r1_COMPLETE_20260714|a6.0|i92,SteerQuant_Meta-Llama-3-1-8B-Instruct_w4a16_bnb_nf4_sentiment_L16_r1_COMPLETE_20260714.json,meta-llama/Meta-Llama-3.1-8B-Instruct,w4a16_bnb_nf4,r1,6.0,92,190,360,0,1,,360,1,False
SteerQuant_Meta-Llama-3-1-8B-Instruct_w4a16_bnb_nf4_sentiment_L16_r1_COMPLETE_20260714|a6.0|i108,SteerQuant_Meta-Llama-3-1-8B-Instruct_w4a16_bnb_nf4_sentiment_L16_r1_COMPLETE_20260714.json,meta-llama/Meta-Llama-3.1-8B-Instruct,w4a16_bnb_nf4,r1,6.0,108,103,140,0,1,,140,1,False
SteerQuant_Meta-Llama-3-1-8B-Instruct_w4a16_bnb_nf4_sentiment_L16_r1_COMPLETE_20260714|a6.0|i118,SteerQuant_Meta-Llama-3-1-8B-Instruct_w4a16_bnb_nf4_sentiment_L16_r1_COMPLETE_20260714.json,meta-llama/Meta-Llama-3.1-8B-Instruct,w4a16_bnb_nf4,r1,6.0,118,199,7500,0,1,,7500,1,False
SteerQuant_Meta-Llama-3-1-8B-Instruct_w4a16_bnb_nf4_sentiment_L16_r1_COMPLETE_20260714|a6.0|i136,SteerQuant_Meta-Llama-3-1-8B-Instruct_w4a16_bnb_nf4_sentiment_L16_r1_COMPLETE_20260714.json,meta-llama/Meta-Llama-3.1-8B-Instruct,w4a16_bnb_nf4,r1,6.0,136,116,42,0,1,,42,1,False
SteerQuant_Meta-Llama-3-1-8B-Instruct_w4a16_bnb_nf4_sentiment_L16_r1_COMPLETE_20260714|a6.0|i138,SteerQuant_Meta-Llama-3-1-8B-Instruct_w4a16_bnb_nf4_sentiment_L16_r1_COMPLETE_20260714.json,meta-llama/Meta-Llama-3.1-8B-Instruct,w4a16_bnb_nf4,r1,6.0,138,124,10,0,1,,10,1,False
SteerQuant_Meta-Llama-3-1-8B-Instruct_w4a16_bnb_nf4_sentiment_L16_r1_COMPLETE_20260714|a6.0|i141,SteerQuant_Meta-Llama-3-1-8B-Instruct_w4a16_bnb_nf4_sentiment_L16_r1_COMPLETE_20260714.json,meta-llama/Meta-Llama-3.1-8B-Instruct,w4a16_bnb_nf4,r1,6.0,141,149,16,0,1,,16,1,False
SteerQuant_Meta-Llama-3-1-8B-Instruct_w4a16_bnb_nf4_sentiment_L16_r1_COMPLETE_20260714|a6.0|i143,SteerQuant_Meta-Llama-3-1-8B-Instruct_w4a16_bnb_nf4_sentiment_L16_r1_COMPLETE_20260714.json,meta-llama/Meta-Llama-3.1-8B-Instruct,w4a16_bnb_nf4,r1,6.0,143,149,16,0,1,,16,1,False
SteerQuant_Meta-Llama-3-1-8B-Instruct_w4a16_bnb_nf4_sentiment_L16_r1_COMPLETE_20260714|a6.0|i146,SteerQuant_Meta-Llama-3-1-8B-Instruct_w4a16_bnb_nf4_sentiment_L16_r1_COMPLETE_20260714.json,meta-llama/Meta-Llama-3.1-8B-Instruct,w4a16_bnb_nf4,r1,6.0,146,199,7500,0,1,,7500,1,False
SteerQuant_Meta-Llama-3-1-8B-Instruct_w4a16_bnb_nf4_sentiment_L16_r1_COMPLETE_20260714|a6.0|i147,SteerQuant_Meta-Llama-3-1-8B-Instruct_w4a16_bnb_nf4_sentiment_L16_r1_COMPLETE_20260714.json,meta-llama/Meta-Llama-3.1-8B-Instruct,w4a16_bnb_nf4,r1,6.0,147,199,7500,0,1,,7500,1,False
SteerQuant_Meta-Llama-3-1-8B-Instruct_w4a16_bnb_nf4_sentiment_L16_r1_COMPLETE_20260714|a6.0|i154,SteerQuant_Meta-Llama-3-1-8B-Instruct_w4a16_bnb_nf4_sentiment_L16_r1_COMPLETE_20260714.json,meta-llama/Meta-Llama-3.1-8B-Instruct,w4a16_bnb_nf4,r1,6.0,154,80,10,0,1,,10,1,False
SteerQuant_Meta-Llama-3-1-8B-Instruct_w4a16_bnb_nf4_sentiment_L16_r1_COMPLETE_20260714|a6.0|i169,SteerQuant_Meta-Llama-3-1-8B-Instruct_w4a16_bnb_nf4_sentiment_L16_r1_COMPLETE_20260714.json,meta-llama/Meta-Llama-3.1-8B-Instruct,w4a16_bnb_nf4,r1,6.0,169,149,16,0,1,,16,1,False
SteerQuant_Meta-Llama-3-1-8B-Instruct_w4a16_bnb_nf4_sentiment_L16_r1_COMPLETE_20260714|a6.0|i170,SteerQuant_Meta-Llama-3-1-8B-Instruct_w4a16_bnb_nf4_sentiment_L16_r1_COMPLETE_20260714.json,meta-llama/Meta-Llama-3.1-8B-Instruct,w4a16_bnb_nf4,r1,6.0,170,122,48,0,1,,48,1,False
SteerQuant_Meta-Llama-3-1-8B-Instruct_w4a16_bnb_nf4_sentiment_L16_r1_COMPLETE_20260714|a8.0|i6,SteerQuant_Meta-Llama-3-1-8B-Instruct_w4a16_bnb_nf4_sentiment_L16_r1_COMPLETE_20260714.json,meta-llama/Meta-Llama-3.1-8B-Instruct,w4a16_bnb_nf4,r1,8.0,6,41,200,0,1,,200,1,False
SteerQuant_Meta-Llama-3-1-8B-Instruct_w4a16_bnb_nf4_sentiment_L16_r1_COMPLETE_20260714|a8.0|i28,SteerQuant_Meta-Llama-3-1-8B-Instruct_w4a16_bnb_nf4_sentiment_L16_r1_COMPLETE_20260714.json,meta-llama/Meta-Llama-3.1-8B-Instruct,w4a16_bnb_nf4,r1,8.0,28,137,29,0,1,,29,1,False
SteerQuant_Meta-Llama-3-1-8B-Instruct_w4a16_bnb_nf4_sentiment_L16_r1_COMPLETE_20260714|a8.0|i30,SteerQuant_Meta-Llama-3-1-8B-Instruct_w4a16_bnb_nf4_sentiment_L16_r1_COMPLETE_20260714.json,meta-llama/Meta-Llama-3.1-8B-Instruct,w4a16_bnb_nf4,r1,8.0,30,137,29,0,1,,29,1,False
SteerQuant_Meta-Llama-3-1-8B-Instruct_w4a16_bnb_nf4_sentiment_L16_r1_COMPLETE_20260714|a8.0|i65,SteerQuant_Meta-Llama-3-1-8B-Instruct_w4a16_bnb_nf4_sentiment_L16_r1_COMPLETE_20260714.json,meta-llama/Meta-Llama-3.1-8B-Instruct,w4a16_bnb_nf4,r1,8.0,65,64,300,0,1,,300,1,False
SteerQuant_Meta-Llama-3-1-8B-Instruct_w4a16_bnb_nf4_sentiment_L16_r1_COMPLETE_20260714|a8.0|i79,SteerQuant_Meta-Llama-3-1-8B-Instruct_w4a16_bnb_nf4_sentiment_L16_r1_COMPLETE_20260714.json,meta-llama/Meta-Llama-3.1-8B-Instruct,w4a16_bnb_nf4,r1,8.0,79,41,200,0,1,,200,1,False
SteerQuant_Meta-Llama-3-1-8B-Instruct_w4a16_bnb_nf4_sentiment_L16_r1_COMPLETE_20260714|a8.0|i108,SteerQuant_Meta-Llama-3-1-8B-Instruct_w4a16_bnb_nf4_sentiment_L16_r1_COMPLETE_20260714.json,meta-llama/Meta-Llama-3.1-8B-Instruct,w4a16_bnb_nf4,r1,8.0,108,103,140,0,1,,140,1,False
SteerQuant_Meta-Llama-3-1-8B-Instruct_w4a16_bnb_nf4_sentiment_L16_r1_COMPLETE_20260714|a8.0|i117,SteerQuant_Meta-Llama-3-1-8B-Instruct_w4a16_bnb_nf4_sentiment_L16_r1_COMPLETE_20260714.json,meta-llama/Meta-Llama-3.1-8B-Instruct,w4a16_bnb_nf4,r1,8.0,117,64,300,0,1,,300,1,False
SteerQuant_Meta-Llama-3-1-8B-Instruct_w4a16_bnb_nf4_sentiment_L16_r1_COMPLETE_20260714|a8.0|i172,SteerQuant_Meta-Llama-3-1-8B-Instruct_w4a16_bnb_nf4_sentiment_L16_r1_COMPLETE_20260714.json,meta-llama/Meta-Llama-3.1-8B-Instruct,w4a16_bnb_nf4,r1,8.0,172,64,300,0,1,,300,1,False
SteerQuant_Meta-Llama-3-1-8B-Instruct_w4a16_bnb_nf4_sentiment_L16_r1_COMPLETE_20260714|a10.0|i28,SteerQuant_Meta-Llama-3-1-8B-Instruct_w4a16_bnb_nf4_sentiment_L16_r1_COMPLETE_20260714.json,meta-llama/Meta-Llama-3.1-8B-Instruct,w4a16_bnb_nf4,r1,10.0,28,137,29,0,1,,29,1,False
SteerQuant_Meta-Llama-3-1-8B-Instruct_w4a16_bnb_nf4_sentiment_L16_r1_COMPLETE_20260714|a10.0|i30,SteerQuant_Meta-Llama-3-1-8B-Instruct_w4a16_bnb_nf4_sentiment_L16_r1_COMPLETE_20260714.json,meta-llama/Meta-Llama-3.1-8B-Instruct,w4a16_bnb_nf4,r1,10.0,30,137,29,0,1,,29,1,False
SteerQuant_Meta-Llama-3-1-8B-Instruct_w4a16_bnb_nf4_sentiment_L16_r1_COMPLETE_20260714|a10.0|i87,SteerQuant_Meta-Llama-3-1-8B-Instruct_w4a16_bnb_nf4_sentiment_L16_r1_COMPLETE_20260714.json,meta-llama/Meta-Llama-3.1-8B-Instruct,w4a16_bnb_nf4,r1,10.0,87,0,18,0,1,,18,1,False
SteerQuant_Meta-Llama-3-1-8B-Instruct_w4a16_bnb_nf4_sentiment_L16_r2_COMPLETE_20260714|a0.0|i7,SteerQuant_Meta-Llama-3-1-8B-Instruct_w4a16_bnb_nf4_sentiment_L16_r2_COMPLETE_20260714.json,meta-llama/Meta-Llama-3.1-8B-Instruct,w4a16_bnb_nf4,r2,0.0,7,159,15,0,1,,15,1,False
SteerQuant_Meta-Llama-3-1-8B-Instruct_w4a16_bnb_nf4_sentiment_L16_r2_COMPLETE_20260714|a0.0|i8,SteerQuant_Meta-Llama-3-1-8B-Instruct_w4a16_bnb_nf4_sentiment_L16_r2_COMPLETE_20260714.json,meta-llama/Meta-Llama-3.1-8B-Instruct,w4a16_bnb_nf4,r2,0.0,8,6,260,0,1,,260,1,False
SteerQuant_Meta-Llama-3-1-8B-Instruct_w4a16_bnb_nf4_sentiment_L16_r2_COMPLETE_20260714|a0.0|i10,SteerQuant_Meta-Llama-3-1-8B-Instruct_w4a16_bnb_nf4_sentiment_L16_r2_COMPLETE_20260714.json,meta-llama/Meta-Llama-3.1-8B-Instruct,w4a16_bnb_nf4,r2,0.0,10,56,3,0,1,,3,1,False
SteerQuant_Meta-Llama-3-1-8B-Instruct_w4a16_bnb_nf4_sentiment_L16_r2_COMPLETE_20260714|a0.0|i13,SteerQuant_Meta-Llama-3-1-8B-Instruct_w4a16_bnb_nf4_sentiment_L16_r2_COMPLETE_20260714.json,meta-llama/Meta-Llama-3.1-8B-Instruct,w4a16_bnb_nf4,r2,0.0,13,159,15,0,1,,15,1,False
SteerQuant_Meta-Llama-3-1-8B-Instruct_w4a16_bnb_nf4_sentiment_L16_r2_COMPLETE_20260714|a0.0|i27,SteerQuant_Meta-Llama-3-1-8B-Instruct_w4a16_bnb_nf4_sentiment_L16_r2_COMPLETE_20260714.json,meta-llama/Meta-Llama-3.1-8B-Instruct,w4a16_bnb_nf4,r2,0.0,27,130,30,0,1,,30,1,False
SteerQuant_Meta-Llama-3-1-8B-Instruct_w4a16_bnb_nf4_sentiment_L16_r2_COMPLETE_20260714|a0.0|i62,SteerQuant_Meta-Llama-3-1-8B-Instruct_w4a16_bnb_nf4_sentiment_L16_r2_COMPLETE_20260714.json,meta-llama/Meta-Llama-3.1-8B-Instruct,w4a16_bnb_nf4,r2,0.0,62,56,3,0,1,,3,1,False
SteerQuant_Meta-Llama-3-1-8B-Instruct_w4a16_bnb_nf4_sentiment_L16_r2_COMPLETE_20260714|a0.0|i67,SteerQuant_Meta-Llama-3-1-8B-Instruct_w4a16_bnb_nf4_sentiment_L16_r2_COMPLETE_20260714.json,meta-llama/Meta-Llama-3.1-8B-Instruct,w4a16_bnb_nf4,r2,0.0,67,31,80,0,1,,80,1,False
SteerQuant_Meta-Llama-3-1-8B-Instruct_w4a16_bnb_nf4_sentiment_L16_r2_COMPLETE_20260714|a0.0|i72,SteerQuant_Meta-Llama-3-1-8B-Instruct_w4a16_bnb_nf4_sentiment_L16_r2_COMPLETE_20260714.json,meta-llama/Meta-Llama-3.1-8B-Instruct,w4a16_bnb_nf4,r2,0.0,72,64,300,0,1,,300,1,False
SteerQuant_Meta-Llama-3-1-8B-Instruct_w4a16_bnb_nf4_sentiment_L16_r2_COMPLETE_20260714|a0.0|i73,SteerQuant_Meta-Llama-3-1-8B-Instruct_w4a16_bnb_nf4_sentiment_L16_r2_COMPLETE_20260714.json,meta-llama/Meta-Llama-3.1-8B-Instruct,w4a16_bnb_nf4,r2,0.0,73,185,30,0,1,,30,1,False
SteerQuant_Meta-Llama-3-1-8B-Instruct_w4a16_bnb_nf4_sentiment_L16_r2_COMPLETE_20260714|a0.0|i76,SteerQuant_Meta-Llama-3-1-8B-Instruct_w4a16_bnb_nf4_sentiment_L16_r2_COMPLETE_20260714.json,meta-llama/Meta-Llama-3.1-8B-Instruct,w4a16_bnb_nf4,r2,0.0,76,33,70,0,1,,70,1,False
SteerQuant_Meta-Llama-3-1-8B-Instruct_w4a16_bnb_nf4_sentiment_L16_r2_COMPLETE_20260714|a0.0|i98,SteerQuant_Meta-Llama-3-1-8B-Instruct_w4a16_bnb_nf4_sentiment_L16_r2_COMPLETE_20260714.json,meta-llama/Meta-Llama-3.1-8B-Instruct,w4a16_bnb_nf4,r2,0.0,98,33,70,0,1,,70,1,False
SteerQuant_Meta-Llama-3-1-8B-Instruct_w4a16_bnb_nf4_sentiment_L16_r2_COMPLETE_20260714|a0.0|i114,SteerQuant_Meta-Llama-3-1-8B-Instruct_w4a16_bnb_nf4_sentiment_L16_r2_COMPLETE_20260714.json,meta-llama/Meta-Llama-3.1-8B-Instruct,w4a16_bnb_nf4,r2,0.0,114,124,10,0,1,,10,1,False
SteerQuant_Meta-Llama-3-1-8B-Instruct_w4a16_bnb_nf4_sentiment_L16_r2_COMPLETE_20260714|a0.0|i122,SteerQuant_Meta-Llama-3-1-8B-Instruct_w4a16_bnb_nf4_sentiment_L16_r2_COMPLETE_20260714.json,meta-llama/Meta-Llama-3.1-8B-Instruct,w4a16_bnb_nf4,r2,0.0,122,198,320,0,1,,320,1,False
SteerQuant_Meta-Llama-3-1-8B-Instruct_w4a16_bnb_nf4_sentiment_L16_r2_COMPLETE_20260714|a0.0|i125,SteerQuant_Meta-Llama-3-1-8B-Instruct_w4a16_bnb_nf4_sentiment_L16_r2_COMPLETE_20260714.json,meta-llama/Meta-Llama-3.1-8B-Instruct,w4a16_bnb_nf4,r2,0.0,125,6,260,0,1,,260,1,False
SteerQuant_Meta-Llama-3-1-8B-Instruct_w4a16_bnb_nf4_sentiment_L16_r2_COMPLETE_20260714|a0.0|i129,SteerQuant_Meta-Llama-3-1-8B-Instruct_w4a16_bnb_nf4_sentiment_L16_r2_COMPLETE_20260714.json,meta-llama/Meta-Llama-3.1-8B-Instruct,w4a16_bnb_nf4,r2,0.0,129,185,30,0,1,,30,1,False
SteerQuant_Meta-Llama-3-1-8B-Instruct_w4a16_bnb_nf4_sentiment_L16_r2_COMPLETE_20260714|a0.0|i161,SteerQuant_Meta-Llama-3-1-8B-Instruct_w4a16_bnb_nf4_sentiment_L16_r2_COMPLETE_20260714.json,meta-llama/Meta-Llama-3.1-8B-Instruct,w4a16_bnb_nf4,r2,0.0,161,98,5,0,1,,5,1,False
SteerQuant_Meta-Llama-3-1-8B-Instruct_w4a16_bnb_nf4_sentiment_L16_r2_COMPLETE_20260714|a0.0|i166,SteerQuant_Meta-Llama-3-1-8B-Instruct_w4a16_bnb_nf4_sentiment_L16_r2_COMPLETE_20260714.json,meta-llama/Meta-Llama-3.1-8B-Instruct,w4a16_bnb_nf4,r2,0.0,166,56,3,0,1,,3,1,False
SteerQuant_Meta-Llama-3-1-8B-Instruct_w4a16_bnb_nf4_sentiment_L16_r2_COMPLETE_20260714|a0.0|i172,SteerQuant_Meta-Llama-3-1-8B-Instruct_w4a16_bnb_nf4_sentiment_L16_r2_COMPLETE_20260714.json,meta-llama/Meta-Llama-3.1-8B-Instruct,w4a16_bnb_nf4,r2,0.0,172,124,10,0,1,,10,1,False
SteerQuant_Meta-Llama-3-1-8B-Instruct_w4a16_bnb_nf4_sentiment_L16_r2_COMPLETE_20260714|a0.0|i186,SteerQuant_Meta-Llama-3-1-8B-Instruct_w4a16_bnb_nf4_sentiment_L16_r2_COMPLETE_20260714.json,meta-llama/Meta-Llama-3.1-8B-Instruct,w4a16_bnb_nf4,r2,0.0,186,56,3,0,1,,3,1,False
SteerQuant_Meta-Llama-3-1-8B-Instruct_w4a16_bnb_nf4_sentiment_L16_r2_COMPLETE_20260714|a0.0|i190,SteerQuant_Meta-Llama-3-1-8B-Instruct_w4a16_bnb_nf4_sentiment_L16_r2_COMPLETE_20260714.json,meta-llama/Meta-Llama-3.1-8B-Instruct,w4a16_bnb_nf4,r2,0.0,190,6,260,0,1,,260,1,False
SteerQuant_Meta-Llama-3-1-8B-Instruct_w4a16_bnb_nf4_sentiment_L16_r2_COMPLETE_20260714|a2.0|i1,SteerQuant_Meta-Llama-3-1-8B-Instruct_w4a16_bnb_nf4_sentiment_L16_r2_COMPLETE_20260714.json,meta-llama/Meta-Llama-3.1-8B-Instruct,w4a16_bnb_nf4,r2,2.0,1,103,140,0,1,,140,1,False
SteerQuant_Meta-Llama-3-1-8B-Instruct_w4a16_bnb_nf4_sentiment_L16_r2_COMPLETE_20260714|a2.0|i27,SteerQuant_Meta-Llama-3-1-8B-Instruct_w4a16_bnb_nf4_sentiment_L16_r2_COMPLETE_20260714.json,meta-llama/Meta-Llama-3.1-8B-Instruct,w4a16_bnb_nf4,r2,2.0,27,130,30,0,1,,30,1,False
SteerQuant_Meta-Llama-3-1-8B-Instruct_w4a16_bnb_nf4_sentiment_L16_r2_COMPLETE_20260714|a2.0|i30,SteerQuant_Meta-Llama-3-1-8B-Instruct_w4a16_bnb_nf4_sentiment_L16_r2_COMPLETE_20260714.json,meta-llama/Meta-Llama-3.1-8B-Instruct,w4a16_bnb_nf4,r2,2.0,30,88,8000,0,1,,8000,1,False
SteerQuant_Meta-Llama-3-1-8B-Instruct_w4a16_bnb_nf4_sentiment_L16_r2_COMPLETE_20260714|a2.0|i55,SteerQuant_Meta-Llama-3-1-8B-Instruct_w4a16_bnb_nf4_sentiment_L16_r2_COMPLETE_20260714.json,meta-llama/Meta-Llama-3.1-8B-Instruct,w4a16_bnb_nf4,r2,2.0,55,80,10,0,1,,10,1,False
SteerQuant_Meta-Llama-3-1-8B-Instruct_w4a16_bnb_nf4_sentiment_L16_r2_COMPLETE_20260714|a2.0|i58,SteerQuant_Meta-Llama-3-1-8B-Instruct_w4a16_bnb_nf4_sentiment_L16_r2_COMPLETE_20260714.json,meta-llama/Meta-Llama-3.1-8B-Instruct,w4a16_bnb_nf4,r2,2.0,58,133,13,0,1,,13,1,False
SteerQuant_Meta-Llama-3-1-8B-Instruct_w4a16_bnb_nf4_sentiment_L16_r2_COMPLETE_20260714|a2.0|i73,SteerQuant_Meta-Llama-3-1-8B-Instruct_w4a16_bnb_nf4_sentiment_L16_r2_COMPLETE_20260714.json,meta-llama/Meta-Llama-3.1-8B-Instruct,w4a16_bnb_nf4,r2,2.0,73,185,30,0,1,,30,1,False
SteerQuant_Meta-Llama-3-1-8B-Instruct_w4a16_bnb_nf4_sentiment_L16_r2_COMPLETE_20260714|a2.0|i80,SteerQuant_Meta-Llama-3-1-8B-Instruct_w4a16_bnb_nf4_sentiment_L16_r2_COMPLETE_20260714.json,meta-llama/Meta-Llama-3.1-8B-Instruct,w4a16_bnb_nf4,r2,2.0,80,80,10,0,1,,10,1,False
SteerQuant_Meta-Llama-3-1-8B-Instruct_w4a16_bnb_nf4_sentiment_L16_r2_COMPLETE_20260714|a2.0|i84,SteerQuant_Meta-Llama-3-1-8B-Instruct_w4a16_bnb_nf4_sentiment_L16_r2_COMPLETE_20260714.json,meta-llama/Meta-Llama-3.1-8B-Instruct,w4a16_bnb_nf4,r2,2.0,84,80,10,0,1,,10,1,False
SteerQuant_Meta-Llama-3-1-8B-Instruct_w4a16_bnb_nf4_sentiment_L16_r2_COMPLETE_20260714|a2.0|i91,SteerQuant_Meta-Llama-3-1-8B-Instruct_w4a16_bnb_nf4_sentiment_L16_r2_COMPLETE_20260714.json,meta-llama/Meta-Llama-3.1-8B-Instruct,w4a16_bnb_nf4,r2,2.0,91,35,9,0,1,,9,1,False
SteerQuant_Meta-Llama-3-1-8B-Instruct_w4a16_bnb_nf4_sentiment_L16_r2_COMPLETE_20260714|a2.0|i97,SteerQuant_Meta-Llama-3-1-8B-Instruct_w4a16_bnb_nf4_sentiment_L16_r2_COMPLETE_20260714.json,meta-llama/Meta-Llama-3.1-8B-Instruct,w4a16_bnb_nf4,r2,2.0,97,50,294,0,1,,294,1,False
SteerQuant_Meta-Llama-3-1-8B-Instruct_w4a16_bnb_nf4_sentiment_L16_r2_COMPLETE_20260714|a2.0|i112,SteerQuant_Meta-Llama-3-1-8B-Instruct_w4a16_bnb_nf4_sentiment_L16_r2_COMPLETE_20260714.json,meta-llama/Meta-Llama-3.1-8B-Instruct,w4a16_bnb_nf4,r2,2.0,112,93,36,0,1,,36,1,False
SteerQuant_Meta-Llama-3-1-8B-Instruct_w4a16_bnb_nf4_sentiment_L16_r2_COMPLETE_20260714|a2.0|i114,SteerQuant_Meta-Llama-3-1-8B-Instruct_w4a16_bnb_nf4_sentiment_L16_r2_COMPLETE_20260714.json,meta-llama/Meta-Llama-3.1-8B-Instruct,w4a16_bnb_nf4,r2,2.0,114,124,10,0,1,,10,1,False
SteerQuant_Meta-Llama-3-1-8B-Instruct_w4a16_bnb_nf4_sentiment_L16_r2_COMPLETE_20260714|a2.0|i121,SteerQuant_Meta-Llama-3-1-8B-Instruct_w4a16_bnb_nf4_sentiment_L16_r2_COMPLETE_20260714.json,meta-llama/Meta-Llama-3.1-8B-Instruct,w4a16_bnb_nf4,r2,2.0,121,88,8000,0,1,,8000,1,False
SteerQuant_Meta-Llama-3-1-8B-Instruct_w4a16_bnb_nf4_sentiment_L16_r2_COMPLETE_20260714|a2.0|i122,SteerQuant_Meta-Llama-3-1-8B-Instruct_w4a16_bnb_nf4_sentiment_L16_r2_COMPLETE_20260714.json,meta-llama/Meta-Llama-3.1-8B-Instruct,w4a16_bnb_nf4,r2,2.0,122,198,320,0,1,,320,1,False
SteerQuant_Meta-Llama-3-1-8B-Instruct_w4a16_bnb_nf4_sentiment_L16_r2_COMPLETE_20260714|a2.0|i129,SteerQuant_Meta-Llama-3-1-8B-Instruct_w4a16_bnb_nf4_sentiment_L16_r2_COMPLETE_20260714.json,meta-llama/Meta-Llama-3.1-8B-Instruct,w4a16_bnb_nf4,r2,2.0,129,185,30,0,1,,30,1,False
SteerQuant_Meta-Llama-3-1-8B-Instruct_w4a16_bnb_nf4_sentiment_L16_r2_COMPLETE_20260714|a2.0|i145,SteerQuant_Meta-Llama-3-1-8B-Instruct_w4a16_bnb_nf4_sentiment_L16_r2_COMPLETE_20260714.json,meta-llama/Meta-Llama-3.1-8B-Instruct,w4a16_bnb_nf4,r2,2.0,145,103,140,0,1,,140,1,False
SteerQuant_Meta-Llama-3-1-8B-Instruct_w4a16_bnb_nf4_sentiment_L16_r2_COMPLETE_20260714|a2.0|i146,SteerQuant_Meta-Llama-3-1-8B-Instruct_w4a16_bnb_nf4_sentiment_L16_r2_COMPLETE_20260714.json,meta-llama/Meta-Llama-3.1-8B-Instruct,w4a16_bnb_nf4,r2,2.0,146,176,100,0,1,,100,1,False
SteerQuant_Meta-Llama-3-1-8B-Instruct_w4a16_bnb_nf4_sentiment_L16_r2_COMPLETE_20260714|a2.0|i153,SteerQuant_Meta-Llama-3-1-8B-Instruct_w4a16_bnb_nf4_sentiment_L16_r2_COMPLETE_20260714.json,meta-llama/Meta-Llama-3.1-8B-Instruct,w4a16_bnb_nf4,r2,2.0,153,135,40,0,1,,40,1,False
SteerQuant_Meta-Llama-3-1-8B-Instruct_w4a16_bnb_nf4_sentiment_L16_r2_COMPLETE_20260714|a2.0|i157,SteerQuant_Meta-Llama-3-1-8B-Instruct_w4a16_bnb_nf4_sentiment_L16_r2_COMPLETE_20260714.json,meta-llama/Meta-Llama-3.1-8B-Instruct,w4a16_bnb_nf4,r2,2.0,157,23,8,0,1,,8,1,False
SteerQuant_Meta-Llama-3-1-8B-Instruct_w4a16_bnb_nf4_sentiment_L16_r2_COMPLETE_20260714|a2.0|i172,SteerQuant_Meta-Llama-3-1-8B-Instruct_w4a16_bnb_nf4_sentiment_L16_r2_COMPLETE_20260714.json,meta-llama/Meta-Llama-3.1-8B-Instruct,w4a16_bnb_nf4,r2,2.0,172,124,10,0,1,,10,1,False
SteerQuant_Meta-Llama-3-1-8B-Instruct_w4a16_bnb_nf4_sentiment_L16_r2_COMPLETE_20260714|a2.0|i187,SteerQuant_Meta-Llama-3-1-8B-Instruct_w4a16_bnb_nf4_sentiment_L16_r2_COMPLETE_20260714.json,meta-llama/Meta-Llama-3.1-8B-Instruct,w4a16_bnb_nf4,r2,2.0,187,83,600,0,1,,600,1,False
SteerQuant_Meta-Llama-3-1-8B-Instruct_w4a16_bnb_nf4_sentiment_L16_r2_COMPLETE_20260714|a4.0|i1,SteerQuant_Meta-Llama-3-1-8B-Instruct_w4a16_bnb_nf4_sentiment_L16_r2_COMPLETE_20260714.json,meta-llama/Meta-Llama-3.1-8B-Instruct,w4a16_bnb_nf4,r2,4.0,1,103,140,0,1,,140,1,False
SteerQuant_Meta-Llama-3-1-8B-Instruct_w4a16_bnb_nf4_sentiment_L16_r2_COMPLETE_20260714|a4.0|i10,SteerQuant_Meta-Llama-3-1-8B-Instruct_w4a16_bnb_nf4_sentiment_L16_r2_COMPLETE_20260714.json,meta-llama/Meta-Llama-3.1-8B-Instruct,w4a16_bnb_nf4,r2,4.0,10,56,3,0,1,,3,1,False
SteerQuant_Meta-Llama-3-1-8B-Instruct_w4a16_bnb_nf4_sentiment_L16_r2_COMPLETE_20260714|a4.0|i27,SteerQuant_Meta-Llama-3-1-8B-Instruct_w4a16_bnb_nf4_sentiment_L16_r2_COMPLETE_20260714.json,meta-llama/Meta-Llama-3.1-8B-Instruct,w4a16_bnb_nf4,r2,4.0,27,130,30,0,1,,30,1,False
SteerQuant_Meta-Llama-3-1-8B-Instruct_w4a16_bnb_nf4_sentiment_L16_r2_COMPLETE_20260714|a4.0|i48,SteerQuant_Meta-Llama-3-1-8B-Instruct_w4a16_bnb_nf4_sentiment_L16_r2_COMPLETE_20260714.json,meta-llama/Meta-Llama-3.1-8B-Instruct,w4a16_bnb_nf4,r2,4.0,48,0,18,0,1,,18,1,False
SteerQuant_Meta-Llama-3-1-8B-Instruct_w4a16_bnb_nf4_sentiment_L16_r2_COMPLETE_20260714|a4.0|i62,SteerQuant_Meta-Llama-3-1-8B-Instruct_w4a16_bnb_nf4_sentiment_L16_r2_COMPLETE_20260714.json,meta-llama/Meta-Llama-3.1-8B-Instruct,w4a16_bnb_nf4,r2,4.0,62,56,3,0,1,,3,1,False
SteerQuant_Meta-Llama-3-1-8B-Instruct_w4a16_bnb_nf4_sentiment_L16_r2_COMPLETE_20260714|a4.0|i67,SteerQuant_Meta-Llama-3-1-8B-Instruct_w4a16_bnb_nf4_sentiment_L16_r2_COMPLETE_20260714.json,meta-llama/Meta-Llama-3.1-8B-Instruct,w4a16_bnb_nf4,r2,4.0,67,31,80,0,1,,80,1,False
SteerQuant_Meta-Llama-3-1-8B-Instruct_w4a16_bnb_nf4_sentiment_L16_r2_COMPLETE_20260714|a4.0|i72,SteerQuant_Meta-Llama-3-1-8B-Instruct_w4a16_bnb_nf4_sentiment_L16_r2_COMPLETE_20260714.json,meta-llama/Meta-Llama-3.1-8B-Instruct,w4a16_bnb_nf4,r2,4.0,72,64,300,0,1,,300,1,False
SteerQuant_Meta-Llama-3-1-8B-Instruct_w4a16_bnb_nf4_sentiment_L16_r2_COMPLETE_20260714|a4.0|i73,SteerQuant_Meta-Llama-3-1-8B-Instruct_w4a16_bnb_nf4_sentiment_L16_r2_COMPLETE_20260714.json,meta-llama/Meta-Llama-3.1-8B-Instruct,w4a16_bnb_nf4,r2,4.0,73,185,30,0,1,,30,1,False
SteerQuant_Meta-Llama-3-1-8B-Instruct_w4a16_bnb_nf4_sentiment_L16_r2_COMPLETE_20260714|a4.0|i76,SteerQuant_Meta-Llama-3-1-8B-Instruct_w4a16_bnb_nf4_sentiment_L16_r2_COMPLETE_20260714.json,meta-llama/Meta-Llama-3.1-8B-Instruct,w4a16_bnb_nf4,r2,4.0,76,33,70,0,1,,70,1,False
SteerQuant_Meta-Llama-3-1-8B-Instruct_w4a16_bnb_nf4_sentiment_L16_r2_COMPLETE_20260714|a4.0|i80,SteerQuant_Meta-Llama-3-1-8B-Instruct_w4a16_bnb_nf4_sentiment_L16_r2_COMPLETE_20260714.json,meta-llama/Meta-Llama-3.1-8B-Instruct,w4a16_bnb_nf4,r2,4.0,80,80,10,0,1,,10,1,False
SteerQuant_Meta-Llama-3-1-8B-Instruct_w4a16_bnb_nf4_sentiment_L16_r2_COMPLETE_20260714|a4.0|i84,SteerQuant_Meta-Llama-3-1-8B-Instruct_w4a16_bnb_nf4_sentiment_L16_r2_COMPLETE_20260714.json,meta-llama/Meta-Llama-3.1-8B-Instruct,w4a16_bnb_nf4,r2,4.0,84,80,10,0,1,,10,1,False
SteerQuant_Meta-Llama-3-1-8B-Instruct_w4a16_bnb_nf4_sentiment_L16_r2_COMPLETE_20260714|a4.0|i87,SteerQuant_Meta-Llama-3-1-8B-Instruct_w4a16_bnb_nf4_sentiment_L16_r2_COMPLETE_20260714.json,meta-llama/Meta-Llama-3.1-8B-Instruct,w4a16_bnb_nf4,r2,4.0,87,136,6,0,1,,6,1,False
SteerQuant_Meta-Llama-3-1-8B-Instruct_w4a16_bnb_nf4_sentiment_L16_r2_COMPLETE_20260714|a4.0|i97,SteerQuant_Meta-Llama-3-1-8B-Instruct_w4a16_bnb_nf4_sentiment_L16_r2_COMPLETE_20260714.json,meta-llama/Meta-Llama-3.1-8B-Instruct,w4a16_bnb_nf4,r2,4.0,97,50,294,0,1,,294,1,False
SteerQuant_Meta-Llama-3-1-8B-Instruct_w4a16_bnb_nf4_sentiment_L16_r2_COMPLETE_20260714|a4.0|i129,SteerQuant_Meta-Llama-3-1-8B-Instruct_w4a16_bnb_nf4_sentiment_L16_r2_COMPLETE_20260714.json,meta-llama/Meta-Llama-3.1-8B-Instruct,w4a16_bnb_nf4,r2,4.0,129,185,30,0,1,,30,1,False
SteerQuant_Meta-Llama-3-1-8B-Instruct_w4a16_bnb_nf4_sentiment_L16_r2_COMPLETE_20260714|a4.0|i135,SteerQuant_Meta-Llama-3-1-8B-Instruct_w4a16_bnb_nf4_sentiment_L16_r2_COMPLETE_20260714.json,meta-llama/Meta-Llama-3.1-8B-Instruct,w4a16_bnb_nf4,r2,4.0,135,49,30,0,1,,30,1,False
SteerQuant_Meta-Llama-3-1-8B-Instruct_w4a16_bnb_nf4_sentiment_L16_r2_COMPLETE_20260714|a4.0|i141,SteerQuant_Meta-Llama-3-1-8B-Instruct_w4a16_bnb_nf4_sentiment_L16_r2_COMPLETE_20260714.json,meta-llama/Meta-Llama-3.1-8B-Instruct,w4a16_bnb_nf4,r2,4.0,141,122,48,0,1,,48,1,False
SteerQuant_Meta-Llama-3-1-8B-Instruct_w4a16_bnb_nf4_sentiment_L16_r2_COMPLETE_20260714|a4.0|i145,SteerQuant_Meta-Llama-3-1-8B-Instruct_w4a16_bnb_nf4_sentiment_L16_r2_COMPLETE_20260714.json,meta-llama/Meta-Llama-3.1-8B-Instruct,w4a16_bnb_nf4,r2,4.0,145,103,140,0,1,,140,1,False
SteerQuant_Meta-Llama-3-1-8B-Instruct_w4a16_bnb_nf4_sentiment_L16_r2_COMPLETE_20260714|a4.0|i146,SteerQuant_Meta-Llama-3-1-8B-Instruct_w4a16_bnb_nf4_sentiment_L16_r2_COMPLETE_20260714.json,meta-llama/Meta-Llama-3.1-8B-Instruct,w4a16_bnb_nf4,r2,4.0,146,176,100,0,1,,100,1,False
SteerQuant_Meta-Llama-3-1-8B-Instruct_w4a16_bnb_nf4_sentiment_L16_r2_COMPLETE_20260714|a4.0|i151,SteerQuant_Meta-Llama-3-1-8B-Instruct_w4a16_bnb_nf4_sentiment_L16_r2_COMPLETE_20260714.json,meta-llama/Meta-Llama-3.1-8B-Instruct,w4a16_bnb_nf4,r2,4.0,151,49,30,0,1,,30,1,False
SteerQuant_Meta-Llama-3-1-8B-Instruct_w4a16_bnb_nf4_sentiment_L16_r2_COMPLETE_20260714|a4.0|i153,SteerQuant_Meta-Llama-3-1-8B-Instruct_w4a16_bnb_nf4_sentiment_L16_r2_COMPLETE_20260714.json,meta-llama/Meta-Llama-3.1-8B-Instruct,w4a16_bnb_nf4,r2,4.0,153,135,40,0,1,,40,1,False
SteerQuant_Meta-Llama-3-1-8B-Instruct_w4a16_bnb_nf4_sentiment_L16_r2_COMPLETE_20260714|a4.0|i155,SteerQuant_Meta-Llama-3-1-8B-Instruct_w4a16_bnb_nf4_sentiment_L16_r2_COMPLETE_20260714.json,meta-llama/Meta-Llama-3.1-8B-Instruct,w4a16_bnb_nf4,r2,4.0,155,169,120,0,1,,120,1,False
SteerQuant_Meta-Llama-3-1-8B-Instruct_w4a16_bnb_nf4_sentiment_L16_r2_COMPLETE_20260714|a4.0|i166,SteerQuant_Meta-Llama-3-1-8B-Instruct_w4a16_bnb_nf4_sentiment_L16_r2_COMPLETE_20260714.json,meta-llama/Meta-Llama-3.1-8B-Instruct,w4a16_bnb_nf4,r2,4.0,166,56,3,0,1,,3,1,False
SteerQuant_Meta-Llama-3-1-8B-Instruct_w4a16_bnb_nf4_sentiment_L16_r2_COMPLETE_20260714|a4.0|i168,SteerQuant_Meta-Llama-3-1-8B-Instruct_w4a16_bnb_nf4_sentiment_L16_r2_COMPLETE_20260714.json,meta-llama/Meta-Llama-3.1-8B-Instruct,w4a16_bnb_nf4,r2,4.0,168,14,60,0,1,,60,1,False
SteerQuant_Meta-Llama-3-1-8B-Instruct_w4a16_bnb_nf4_sentiment_L16_r2_COMPLETE_20260714|a4.0|i176,SteerQuant_Meta-Llama-3-1-8B-Instruct_w4a16_bnb_nf4_sentiment_L16_r2_COMPLETE_20260714.json,meta-llama/Meta-Llama-3.1-8B-Instruct,w4a16_bnb_nf4,r2,4.0,176,122,48,0,1,,48,1,False
SteerQuant_Meta-Llama-3-1-8B-Instruct_w4a16_bnb_nf4_sentiment_L16_r2_COMPLETE_20260714|a4.0|i179,SteerQuant_Meta-Llama-3-1-8B-Instruct_w4a16_bnb_nf4_sentiment_L16_r2_COMPLETE_20260714.json,meta-llama/Meta-Llama-3.1-8B-Instruct,w4a16_bnb_nf4,r2,4.0,179,14,60,0,1,,60,1,False
SteerQuant_Meta-Llama-3-1-8B-Instruct_w4a16_bnb_nf4_sentiment_L16_r2_COMPLETE_20260714|a4.0|i186,SteerQuant_Meta-Llama-3-1-8B-Instruct_w4a16_bnb_nf4_sentiment_L16_r2_COMPLETE_20260714.json,meta-llama/Meta-Llama-3.1-8B-Instruct,w4a16_bnb_nf4,r2,4.0,186,56,3,0,1,,3,1,False
SteerQuant_Meta-Llama-3-1-8B-Instruct_w4a16_bnb_nf4_sentiment_L16_r2_COMPLETE_20260714|a4.0|i191,SteerQuant_Meta-Llama-3-1-8B-Instruct_w4a16_bnb_nf4_sentiment_L16_r2_COMPLETE_20260714.json,meta-llama/Meta-Llama-3.1-8B-Instruct,w4a16_bnb_nf4,r2,4.0,191,104,500,0,1,,500,1,False
SteerQuant_Meta-Llama-3-1-8B-Instruct_w4a16_bnb_nf4_sentiment_L16_r3_COMPLETE_20260714|a0.0|i4,SteerQuant_Meta-Llama-3-1-8B-Instruct_w4a16_bnb_nf4_sentiment_L16_r3_COMPLETE_20260714.json,meta-llama/Meta-Llama-3.1-8B-Instruct,w4a16_bnb_nf4,r3,0.0,4,172,51,0,1,,51,1,False
SteerQuant_Meta-Llama-3-1-8B-Instruct_w4a16_bnb_nf4_sentiment_L16_r3_COMPLETE_20260714|a0.0|i14,SteerQuant_Meta-Llama-3-1-8B-Instruct_w4a16_bnb_nf4_sentiment_L16_r3_COMPLETE_20260714.json,meta-llama/Meta-Llama-3.1-8B-Instruct,w4a16_bnb_nf4,r3,0.0,14,146,2125,0,1,,2125,1,False
SteerQuant_Meta-Llama-3-1-8B-Instruct_w4a16_bnb_nf4_sentiment_L16_r3_COMPLETE_20260714|a0.0|i24,SteerQuant_Meta-Llama-3-1-8B-Instruct_w4a16_bnb_nf4_sentiment_L16_r3_COMPLETE_20260714.json,meta-llama/Meta-Llama-3.1-8B-Instruct,w4a16_bnb_nf4,r3,0.0,24,98,5,0,1,,5,1,False
SteerQuant_Meta-Llama-3-1-8B-Instruct_w4a16_bnb_nf4_sentiment_L16_r3_COMPLETE_20260714|a0.0|i32,SteerQuant_Meta-Llama-3-1-8B-Instruct_w4a16_bnb_nf4_sentiment_L16_r3_COMPLETE_20260714.json,meta-llama/Meta-Llama-3.1-8B-Instruct,w4a16_bnb_nf4,r3,0.0,32,64,300,0,1,,300,1,False
SteerQuant_Meta-Llama-3-1-8B-Instruct_w4a16_bnb_nf4_sentiment_L16_r3_COMPLETE_20260714|a0.0|i53,SteerQuant_Meta-Llama-3-1-8B-Instruct_w4a16_bnb_nf4_sentiment_L16_r3_COMPLETE_20260714.json,meta-llama/Meta-Llama-3.1-8B-Instruct,w4a16_bnb_nf4,r3,0.0,53,146,2125,0,1,,2125,1,False
SteerQuant_Meta-Llama-3-1-8B-Instruct_w4a16_bnb_nf4_sentiment_L16_r3_COMPLETE_20260714|a0.0|i67,SteerQuant_Meta-Llama-3-1-8B-Instruct_w4a16_bnb_nf4_sentiment_L16_r3_COMPLETE_20260714.json,meta-llama/Meta-Llama-3.1-8B-Instruct,w4a16_bnb_nf4,r3,0.0,67,158,34,0,1,,34,1,False
SteerQuant_Meta-Llama-3-1-8B-Instruct_w4a16_bnb_nf4_sentiment_L16_r3_COMPLETE_20260714|a0.0|i68,SteerQuant_Meta-Llama-3-1-8B-Instruct_w4a16_bnb_nf4_sentiment_L16_r3_COMPLETE_20260714.json,meta-llama/Meta-Llama-3.1-8B-Instruct,w4a16_bnb_nf4,r3,0.0,68,6,260,0,1,,260,1,False
SteerQuant_Meta-Llama-3-1-8B-Instruct_w4a16_bnb_nf4_sentiment_L16_r3_COMPLETE_20260714|a0.0|i79,SteerQuant_Meta-Llama-3-1-8B-Instruct_w4a16_bnb_nf4_sentiment_L16_r3_COMPLETE_20260714.json,meta-llama/Meta-Llama-3.1-8B-Instruct,w4a16_bnb_nf4,r3,0.0,79,64,300,0,1,,300,1,False
SteerQuant_Meta-Llama-3-1-8B-Instruct_w4a16_bnb_nf4_sentiment_L16_r3_COMPLETE_20260714|a0.0|i81,SteerQuant_Meta-Llama-3-1-8B-Instruct_w4a16_bnb_nf4_sentiment_L16_r3_COMPLETE_20260714.json,meta-llama/Meta-Llama-3.1-8B-Instruct,w4a16_bnb_nf4,r3,0.0,81,42,26,0,1,,26,1,False
SteerQuant_Meta-Llama-3-1-8B-Instruct_w4a16_bnb_nf4_sentiment_L16_r3_COMPLETE_20260714|a0.0|i86,SteerQuant_Meta-Llama-3-1-8B-Instruct_w4a16_bnb_nf4_sentiment_L16_r3_COMPLETE_20260714.json,meta-llama/Meta-Llama-3.1-8B-Instruct,w4a16_bnb_nf4,r3,0.0,86,81,17,0,1,,17,1,False
SteerQuant_Meta-Llama-3-1-8B-Instruct_w4a16_bnb_nf4_sentiment_L16_r3_COMPLETE_20260714|a0.0|i88,SteerQuant_Meta-Llama-3-1-8B-Instruct_w4a16_bnb_nf4_sentiment_L16_r3_COMPLETE_20260714.json,meta-llama/Meta-Llama-3.1-8B-Instruct,w4a16_bnb_nf4,r3,0.0,88,185,30,0,1,,30,1,False
SteerQuant_Meta-Llama-3-1-8B-Instruct_w4a16_bnb_nf4_sentiment_L16_r3_COMPLETE_20260714|a0.0|i91,SteerQuant_Meta-Llama-3-1-8B-Instruct_w4a16_bnb_nf4_sentiment_L16_r3_COMPLETE_20260714.json,meta-llama/Meta-Llama-3.1-8B-Instruct,w4a16_bnb_nf4,r3,0.0,91,64,300,0,1,,300,1,False
SteerQuant_Meta-Llama-3-1-8B-Instruct_w4a16_bnb_nf4_sentiment_L16_r3_COMPLETE_20260714|a0.0|i94,SteerQuant_Meta-Llama-3-1-8B-Instruct_w4a16_bnb_nf4_sentiment_L16_r3_COMPLETE_20260714.json,meta-llama/Meta-Llama-3.1-8B-Instruct,w4a16_bnb_nf4,r3,0.0,94,22,7,0,1,,7,1,False
SteerQuant_Meta-Llama-3-1-8B-Instruct_w4a16_bnb_nf4_sentiment_L16_r3_COMPLETE_20260714|a0.0|i105,SteerQuant_Meta-Llama-3-1-8B-Instruct_w4a16_bnb_nf4_sentiment_L16_r3_COMPLETE_20260714.json,meta-llama/Meta-Llama-3.1-8B-Instruct,w4a16_bnb_nf4,r3,0.0,105,81,17,0,1,,17,1,False
SteerQuant_Meta-Llama-3-1-8B-Instruct_w4a16_bnb_nf4_sentiment_L16_r3_COMPLETE_20260714|a0.0|i121,SteerQuant_Meta-Llama-3-1-8B-Instruct_w4a16_bnb_nf4_sentiment_L16_r3_COMPLETE_20260714.json,meta-llama/Meta-Llama-3.1-8B-Instruct,w4a16_bnb_nf4,r3,0.0,121,81,17,0,1,,17,1,False
SteerQuant_Meta-Llama-3-1-8B-Instruct_w4a16_bnb_nf4_sentiment_L16_r3_COMPLETE_20260714|a0.0|i124,SteerQuant_Meta-Llama-3-1-8B-Instruct_w4a16_bnb_nf4_sentiment_L16_r3_COMPLETE_20260714.json,meta-llama/Meta-Llama-3.1-8B-Instruct,w4a16_bnb_nf4,r3,0.0,124,42,26,0,1,,26,1,False
SteerQuant_Meta-Llama-3-1-8B-Instruct_w4a16_bnb_nf4_sentiment_L16_r3_COMPLETE_20260714|a0.0|i126,SteerQuant_Meta-Llama-3-1-8B-Instruct_w4a16_bnb_nf4_sentiment_L16_r3_COMPLETE_20260714.json,meta-llama/Meta-Llama-3.1-8B-Instruct,w4a16_bnb_nf4,r3,0.0,126,100,175,0,1,,175,1,False
SteerQuant_Meta-Llama-3-1-8B-Instruct_w4a16_bnb_nf4_sentiment_L16_r3_COMPLETE_20260714|a0.0|i132,SteerQuant_Meta-Llama-3-1-8B-Instruct_w4a16_bnb_nf4_sentiment_L16_r3_COMPLETE_20260714.json,meta-llama/Meta-Llama-3.1-8B-Instruct,w4a16_bnb_nf4,r3,0.0,132,185,30,0,1,,30,1,False
SteerQuant_Meta-Llama-3-1-8B-Instruct_w4a16_bnb_nf4_sentiment_L16_r3_COMPLETE_20260714|a0.0|i133,SteerQuant_Meta-Llama-3-1-8B-Instruct_w4a16_bnb_nf4_sentiment_L16_r3_COMPLETE_20260714.json,meta-llama/Meta-Llama-3.1-8B-Instruct,w4a16_bnb_nf4,r3,0.0,133,190,360,0,1,,360,1,False
SteerQuant_Meta-Llama-3-1-8B-Instruct_w4a16_bnb_nf4_sentiment_L16_r3_COMPLETE_20260714|a0.0|i152,SteerQuant_Meta-Llama-3-1-8B-Instruct_w4a16_bnb_nf4_sentiment_L16_r3_COMPLETE_20260714.json,meta-llama/Meta-Llama-3.1-8B-Instruct,w4a16_bnb_nf4,r3,0.0,152,188,50,0,1,,50,1,False
SteerQuant_Meta-Llama-3-1-8B-Instruct_w4a16_bnb_nf4_sentiment_L16_r3_COMPLETE_20260714|a0.0|i163,SteerQuant_Meta-Llama-3-1-8B-Instruct_w4a16_bnb_nf4_sentiment_L16_r3_COMPLETE_20260714.json,meta-llama/Meta-Llama-3.1-8B-Instruct,w4a16_bnb_nf4,r3,0.0,163,42,26,0,1,,26,1,False
SteerQuant_Meta-Llama-3-1-8B-Instruct_w4a16_bnb_nf4_sentiment_L16_r3_COMPLETE_20260714|a0.0|i177,SteerQuant_Meta-Llama-3-1-8B-Instruct_w4a16_bnb_nf4_sentiment_L16_r3_COMPLETE_20260714.json,meta-llama/Meta-Llama-3.1-8B-Instruct,w4a16_bnb_nf4,r3,0.0,177,81,17,0,1,,17,1,False
SteerQuant_Meta-Llama-3-1-8B-Instruct_w4a16_bnb_nf4_sentiment_L16_r3_COMPLETE_20260714|a0.0|i189,SteerQuant_Meta-Llama-3-1-8B-Instruct_w4a16_bnb_nf4_sentiment_L16_r3_COMPLETE_20260714.json,meta-llama/Meta-Llama-3.1-8B-Instruct,w4a16_bnb_nf4,r3,0.0,189,6,260,0,1,,260,1,False
SteerQuant_Meta-Llama-3-1-8B-Instruct_w4a16_bnb_nf4_sentiment_L16_r3_COMPLETE_20260714|a0.0|i192,SteerQuant_Meta-Llama-3-1-8B-Instruct_w4a16_bnb_nf4_sentiment_L16_r3_COMPLETE_20260714.json,meta-llama/Meta-Llama-3.1-8B-Instruct,w4a16_bnb_nf4,r3,0.0,192,31,80,0,1,,80,1,False
SteerQuant_Meta-Llama-3-1-8B-Instruct_w4a16_bnb_nf4_sentiment_L16_r3_COMPLETE_20260714|a0.0|i193,SteerQuant_Meta-Llama-3-1-8B-Instruct_w4a16_bnb_nf4_sentiment_L16_r3_COMPLETE_20260714.json,meta-llama/Meta-Llama-3.1-8B-Instruct,w4a16_bnb_nf4,r3,0.0,193,31,80,0,1,,80,1,False
SteerQuant_Meta-Llama-3-1-8B-Instruct_w4a16_bnb_nf4_sentiment_L16_r3_COMPLETE_20260714|a0.0|i197,SteerQuant_Meta-Llama-3-1-8B-Instruct_w4a16_bnb_nf4_sentiment_L16_r3_COMPLETE_20260714.json,meta-llama/Meta-Llama-3.1-8B-Instruct,w4a16_bnb_nf4,r3,0.0,197,98,5,0,1,,5,1,False
SteerQuant_Meta-Llama-3-1-8B-Instruct_w4a16_bnb_nf4_sentiment_L16_r3_COMPLETE_20260714|a2.0|i10,SteerQuant_Meta-Llama-3-1-8B-Instruct_w4a16_bnb_nf4_sentiment_L16_r3_COMPLETE_20260714.json,meta-llama/Meta-Llama-3.1-8B-Instruct,w4a16_bnb_nf4,r3,2.0,10,103,140,0,1,,140,1,False
SteerQuant_Meta-Llama-3-1-8B-Instruct_w4a16_bnb_nf4_sentiment_L16_r3_COMPLETE_20260714|a2.0|i14,SteerQuant_Meta-Llama-3-1-8B-Instruct_w4a16_bnb_nf4_sentiment_L16_r3_COMPLETE_20260714.json,meta-llama/Meta-Llama-3.1-8B-Instruct,w4a16_bnb_nf4,r3,2.0,14,146,2125,0,1,,2125,1,False
SteerQuant_Meta-Llama-3-1-8B-Instruct_w4a16_bnb_nf4_sentiment_L16_r3_COMPLETE_20260714|a2.0|i20,SteerQuant_Meta-Llama-3-1-8B-Instruct_w4a16_bnb_nf4_sentiment_L16_r3_COMPLETE_20260714.json,meta-llama/Meta-Llama-3.1-8B-Instruct,w4a16_bnb_nf4,r3,2.0,20,198,320,0,1,,320,1,False
SteerQuant_Meta-Llama-3-1-8B-Instruct_w4a16_bnb_nf4_sentiment_L16_r3_COMPLETE_20260714|a2.0|i37,SteerQuant_Meta-Llama-3-1-8B-Instruct_w4a16_bnb_nf4_sentiment_L16_r3_COMPLETE_20260714.json,meta-llama/Meta-Llama-3.1-8B-Instruct,w4a16_bnb_nf4,r3,2.0,37,63,1596,0,1,,1596,1,False
SteerQuant_Meta-Llama-3-1-8B-Instruct_w4a16_bnb_nf4_sentiment_L16_r3_COMPLETE_20260714|a2.0|i49,SteerQuant_Meta-Llama-3-1-8B-Instruct_w4a16_bnb_nf4_sentiment_L16_r3_COMPLETE_20260714.json,meta-llama/Meta-Llama-3.1-8B-Instruct,w4a16_bnb_nf4,r3,2.0,49,157,80,0,1,,80,1,False
SteerQuant_Meta-Llama-3-1-8B-Instruct_w4a16_bnb_nf4_sentiment_L16_r3_COMPLETE_20260714|a2.0|i53,SteerQuant_Meta-Llama-3-1-8B-Instruct_w4a16_bnb_nf4_sentiment_L16_r3_COMPLETE_20260714.json,meta-llama/Meta-Llama-3.1-8B-Instruct,w4a16_bnb_nf4,r3,2.0,53,146,2125,0,1,,2125,1,False
SteerQuant_Meta-Llama-3-1-8B-Instruct_w4a16_bnb_nf4_sentiment_L16_r3_COMPLETE_20260714|a2.0|i63,SteerQuant_Meta-Llama-3-1-8B-Instruct_w4a16_bnb_nf4_sentiment_L16_r3_COMPLETE_20260714.json,meta-llama/Meta-Llama-3.1-8B-Instruct,w4a16_bnb_nf4,r3,2.0,63,26,243,0,1,,243,1,False
SteerQuant_Meta-Llama-3-1-8B-Instruct_w4a16_bnb_nf4_sentiment_L16_r3_COMPLETE_20260714|a2.0|i64,SteerQuant_Meta-Llama-3-1-8B-Instruct_w4a16_bnb_nf4_sentiment_L16_r3_COMPLETE_20260714.json,meta-llama/Meta-Llama-3.1-8B-Instruct,w4a16_bnb_nf4,r3,2.0,64,183,2,0,1,,2,1,False
SteerQuant_Meta-Llama-3-1-8B-Instruct_w4a16_bnb_nf4_sentiment_L16_r3_COMPLETE_20260714|a2.0|i67,SteerQuant_Meta-Llama-3-1-8B-Instruct_w4a16_bnb_nf4_sentiment_L16_r3_COMPLETE_20260714.json,meta-llama/Meta-Llama-3.1-8B-Instruct,w4a16_bnb_nf4,r3,2.0,67,158,34,0,1,,34,1,False
SteerQuant_Meta-Llama-3-1-8B-Instruct_w4a16_bnb_nf4_sentiment_L16_r3_COMPLETE_20260714|a2.0|i76,SteerQuant_Meta-Llama-3-1-8B-Instruct_w4a16_bnb_nf4_sentiment_L16_r3_COMPLETE_20260714.json,meta-llama/Meta-Llama-3.1-8B-Instruct,w4a16_bnb_nf4,r3,2.0,76,33,70,0,1,,70,1,False
SteerQuant_Meta-Llama-3-1-8B-Instruct_w4a16_bnb_nf4_sentiment_L16_r3_COMPLETE_20260714|a2.0|i80,SteerQuant_Meta-Llama-3-1-8B-Instruct_w4a16_bnb_nf4_sentiment_L16_r3_COMPLETE_20260714.json,meta-llama/Meta-Llama-3.1-8B-Instruct,w4a16_bnb_nf4,r3,2.0,80,26,243,0,1,,243,1,False
SteerQuant_Meta-Llama-3-1-8B-Instruct_w4a16_bnb_nf4_sentiment_L16_r3_COMPLETE_20260714|a2.0|i92,SteerQuant_Meta-Llama-3-1-8B-Instruct_w4a16_bnb_nf4_sentiment_L16_r3_COMPLETE_20260714.json,meta-llama/Meta-Llama-3.1-8B-Instruct,w4a16_bnb_nf4,r3,2.0,92,133,13,0,1,,13,1,False
SteerQuant_Meta-Llama-3-1-8B-Instruct_w4a16_bnb_nf4_sentiment_L16_r3_COMPLETE_20260714|a2.0|i105,SteerQuant_Meta-Llama-3-1-8B-Instruct_w4a16_bnb_nf4_sentiment_L16_r3_COMPLETE_20260714.json,meta-llama/Meta-Llama-3.1-8B-Instruct,w4a16_bnb_nf4,r3,2.0,105,81,17,0,1,,17,1,False
SteerQuant_Meta-Llama-3-1-8B-Instruct_w4a16_bnb_nf4_sentiment_L16_r3_COMPLETE_20260714|a2.0|i112,SteerQuant_Meta-Llama-3-1-8B-Instruct_w4a16_bnb_nf4_sentiment_L16_r3_COMPLETE_20260714.json,meta-llama/Meta-Llama-3.1-8B-Instruct,w4a16_bnb_nf4,r3,2.0,112,33,70,0,1,,70,1,False
SteerQuant_Meta-Llama-3-1-8B-Instruct_w4a16_bnb_nf4_sentiment_L16_r3_COMPLETE_20260714|a2.0|i116,SteerQuant_Meta-Llama-3-1-8B-Instruct_w4a16_bnb_nf4_sentiment_L16_r3_COMPLETE_20260714.json,meta-llama/Meta-Llama-3.1-8B-Instruct,w4a16_bnb_nf4,r3,2.0,116,116,42,0,1,,42,1,False
SteerQuant_Meta-Llama-3-1-8B-Instruct_w4a16_bnb_nf4_sentiment_L16_r3_COMPLETE_20260714|a2.0|i124,SteerQuant_Meta-Llama-3-1-8B-Instruct_w4a16_bnb_nf4_sentiment_L16_r3_COMPLETE_20260714.json,meta-llama/Meta-Llama-3.1-8B-Instruct,w4a16_bnb_nf4,r3,2.0,124,42,26,0,1,,26,1,False
SteerQuant_Meta-Llama-3-1-8B-Instruct_w4a16_bnb_nf4_sentiment_L16_r3_COMPLETE_20260714|a2.0|i143,SteerQuant_Meta-Llama-3-1-8B-Instruct_w4a16_bnb_nf4_sentiment_L16_r3_COMPLETE_20260714.json,meta-llama/Meta-Llama-3.1-8B-Instruct,w4a16_bnb_nf4,r3,2.0,143,136,6,0,1,,6,1,False
SteerQuant_Meta-Llama-3-1-8B-Instruct_w4a16_bnb_nf4_sentiment_L16_r3_COMPLETE_20260714|a2.0|i154,SteerQuant_Meta-Llama-3-1-8B-Instruct_w4a16_bnb_nf4_sentiment_L16_r3_COMPLETE_20260714.json,meta-llama/Meta-Llama-3.1-8B-Instruct,w4a16_bnb_nf4,r3,2.0,154,24,26,0,1,,26,1,False
SteerQuant_Meta-Llama-3-1-8B-Instruct_w4a16_bnb_nf4_sentiment_L16_r3_COMPLETE_20260714|a2.0|i163,SteerQuant_Meta-Llama-3-1-8B-Instruct_w4a16_bnb_nf4_sentiment_L16_r3_COMPLETE_20260714.json,meta-llama/Meta-Llama-3.1-8B-Instruct,w4a16_bnb_nf4,r3,2.0,163,42,26,0,1,,26,1,False
SteerQuant_Meta-Llama-3-1-8B-Instruct_w4a16_bnb_nf4_sentiment_L16_r3_COMPLETE_20260714|a2.0|i166,SteerQuant_Meta-Llama-3-1-8B-Instruct_w4a16_bnb_nf4_sentiment_L16_r3_COMPLETE_20260714.json,meta-llama/Meta-Llama-3.1-8B-Instruct,w4a16_bnb_nf4,r3,2.0,166,135,40,0,1,,40,1,False
SteerQuant_Meta-Llama-3-1-8B-Instruct_w4a16_bnb_nf4_sentiment_L16_r3_COMPLETE_20260714|a2.0|i167,SteerQuant_Meta-Llama-3-1-8B-Instruct_w4a16_bnb_nf4_sentiment_L16_r3_COMPLETE_20260714.json,meta-llama/Meta-Llama-3.1-8B-Instruct,w4a16_bnb_nf4,r3,2.0,167,104,500,0,1,,500,1,False
SteerQuant_Meta-Llama-3-1-8B-Instruct_w4a16_bnb_nf4_sentiment_L16_r3_COMPLETE_20260714|a2.0|i169,SteerQuant_Meta-Llama-3-1-8B-Instruct_w4a16_bnb_nf4_sentiment_L16_r3_COMPLETE_20260714.json,meta-llama/Meta-Llama-3.1-8B-Instruct,w4a16_bnb_nf4,r3,2.0,169,0,18,0,1,,18,1,False
SteerQuant_Meta-Llama-3-1-8B-Instruct_w4a16_bnb_nf4_sentiment_L16_r3_COMPLETE_20260714|a2.0|i192,SteerQuant_Meta-Llama-3-1-8B-Instruct_w4a16_bnb_nf4_sentiment_L16_r3_COMPLETE_20260714.json,meta-llama/Meta-Llama-3.1-8B-Instruct,w4a16_bnb_nf4,r3,2.0,192,31,80,0,1,,80,1,False
SteerQuant_Meta-Llama-3-1-8B-Instruct_w4a16_bnb_nf4_sentiment_L16_r3_COMPLETE_20260714|a2.0|i193,SteerQuant_Meta-Llama-3-1-8B-Instruct_w4a16_bnb_nf4_sentiment_L16_r3_COMPLETE_20260714.json,meta-llama/Meta-Llama-3.1-8B-Instruct,w4a16_bnb_nf4,r3,2.0,193,31,80,0,1,,80,1,False
SteerQuant_Meta-Llama-3-1-8B-Instruct_w4a16_bnb_nf4_sentiment_L16_r3_COMPLETE_20260714|a4.0|i10,SteerQuant_Meta-Llama-3-1-8B-Instruct_w4a16_bnb_nf4_sentiment_L16_r3_COMPLETE_20260714.json,meta-llama/Meta-Llama-3.1-8B-Instruct,w4a16_bnb_nf4,r3,4.0,10,103,140,0,1,,140,1,False
SteerQuant_Meta-Llama-3-1-8B-Instruct_w4a16_bnb_nf4_sentiment_L16_r3_COMPLETE_20260714|a4.0|i17,SteerQuant_Meta-Llama-3-1-8B-Instruct_w4a16_bnb_nf4_sentiment_L16_r3_COMPLETE_20260714.json,meta-llama/Meta-Llama-3.1-8B-Instruct,w4a16_bnb_nf4,r3,4.0,17,122,48,0,1,,48,1,False
SteerQuant_Meta-Llama-3-1-8B-Instruct_w4a16_bnb_nf4_sentiment_L16_r3_COMPLETE_20260714|a4.0|i31,SteerQuant_Meta-Llama-3-1-8B-Instruct_w4a16_bnb_nf4_sentiment_L16_r3_COMPLETE_20260714.json,meta-llama/Meta-Llama-3.1-8B-Instruct,w4a16_bnb_nf4,r3,4.0,31,199,7500,0,1,,7500,1,False
SteerQuant_Meta-Llama-3-1-8B-Instruct_w4a16_bnb_nf4_sentiment_L16_r3_COMPLETE_20260714|a4.0|i86,SteerQuant_Meta-Llama-3-1-8B-Instruct_w4a16_bnb_nf4_sentiment_L16_r3_COMPLETE_20260714.json,meta-llama/Meta-Llama-3.1-8B-Instruct,w4a16_bnb_nf4,r3,4.0,86,81,17,0,1,,17,1,False
SteerQuant_Meta-Llama-3-1-8B-Instruct_w4a16_bnb_nf4_sentiment_L16_r3_COMPLETE_20260714|a4.0|i92,SteerQuant_Meta-Llama-3-1-8B-Instruct_w4a16_bnb_nf4_sentiment_L16_r3_COMPLETE_20260714.json,meta-llama/Meta-Llama-3.1-8B-Instruct,w4a16_bnb_nf4,r3,4.0,92,133,13,0,1,,13,1,False
SteerQuant_Meta-Llama-3-1-8B-Instruct_w4a16_bnb_nf4_sentiment_L16_r3_COMPLETE_20260714|a4.0|i99,SteerQuant_Meta-Llama-3-1-8B-Instruct_w4a16_bnb_nf4_sentiment_L16_r3_COMPLETE_20260714.json,meta-llama/Meta-Llama-3.1-8B-Instruct,w4a16_bnb_nf4,r3,4.0,99,49,30,0,1,,30,1,False
SteerQuant_Meta-Llama-3-1-8B-Instruct_w4a16_bnb_nf4_sentiment_L16_r3_COMPLETE_20260714|a4.0|i149,SteerQuant_Meta-Llama-3-1-8B-Instruct_w4a16_bnb_nf4_sentiment_L16_r3_COMPLETE_20260714.json,meta-llama/Meta-Llama-3.1-8B-Instruct,w4a16_bnb_nf4,r3,4.0,149,49,30,0,1,,30,1,False
SteerQuant_Meta-Llama-3-1-8B-Instruct_w4a16_bnb_nf4_sentiment_L16_r3_COMPLETE_20260714|a4.0|i166,SteerQuant_Meta-Llama-3-1-8B-Instruct_w4a16_bnb_nf4_sentiment_L16_r3_COMPLETE_20260714.json,meta-llama/Meta-Llama-3.1-8B-Instruct,w4a16_bnb_nf4,r3,4.0,166,135,40,0,1,,40,1,False
SteerQuant_Meta-Llama-3-1-8B-Instruct_w4a16_bnb_nf4_sentiment_L16_r3_COMPLETE_20260714|a4.0|i167,SteerQuant_Meta-Llama-3-1-8B-Instruct_w4a16_bnb_nf4_sentiment_L16_r3_COMPLETE_20260714.json,meta-llama/Meta-Llama-3.1-8B-Instruct,w4a16_bnb_nf4,r3,4.0,167,104,500,0,1,,500,1,False
SteerQuant_Meta-Llama-3-1-8B-Instruct_w4a16_bnb_nf4_sentiment_L16_r3_COMPLETE_20260714|a4.0|i169,SteerQuant_Meta-Llama-3-1-8B-Instruct_w4a16_bnb_nf4_sentiment_L16_r3_COMPLETE_20260714.json,meta-llama/Meta-Llama-3.1-8B-Instruct,w4a16_bnb_nf4,r3,4.0,169,0,18,0,1,,18,1,False
SteerQuant_Meta-Llama-3-1-8B-Instruct_w4a16_bnb_nf4_sentiment_L16_r3_COMPLETE_20260714|a4.0|i192,SteerQuant_Meta-Llama-3-1-8B-Instruct_w4a16_bnb_nf4_sentiment_L16_r3_COMPLETE_20260714.json,meta-llama/Meta-Llama-3.1-8B-Instruct,w4a16_bnb_nf4,r3,4.0,192,31,80,0,1,,80,1,False
SteerQuant_Meta-Llama-3-1-8B-Instruct_w4a16_bnb_nf4_sentiment_L16_r3_COMPLETE_20260714|a4.0|i193,SteerQuant_Meta-Llama-3-1-8B-Instruct_w4a16_bnb_nf4_sentiment_L16_r3_COMPLETE_20260714.json,meta-llama/Meta-Llama-3.1-8B-Instruct,w4a16_bnb_nf4,r3,4.0,193,31,80,0,1,,80,1,False
SteerQuant_Meta-Llama-3-1-8B-Instruct_w4a16_bnb_nf4_sentiment_L16_r3_COMPLETE_20260714|a6.0|i10,SteerQuant_Meta-Llama-3-1-8B-Instruct_w4a16_bnb_nf4_sentiment_L16_r3_COMPLETE_20260714.json,meta-llama/Meta-Llama-3.1-8B-Instruct,w4a16_bnb_nf4,r3,6.0,10,103,140,0,1,,140,1,False
SteerQuant_Meta-Llama-3-1-8B-Instruct_w4a16_bnb_nf4_sentiment_L16_r3_COMPLETE_20260714|a6.0|i31,SteerQuant_Meta-Llama-3-1-8B-Instruct_w4a16_bnb_nf4_sentiment_L16_r3_COMPLETE_20260714.json,meta-llama/Meta-Llama-3.1-8B-Instruct,w4a16_bnb_nf4,r3,6.0,31,199,7500,0,1,,7500,1,False
SteerQuant_Meta-Llama-3-1-8B-Instruct_w4a16_bnb_nf4_sentiment_L16_r3_COMPLETE_20260714|a6.0|i105,SteerQuant_Meta-Llama-3-1-8B-Instruct_w4a16_bnb_nf4_sentiment_L16_r3_COMPLETE_20260714.json,meta-llama/Meta-Llama-3.1-8B-Instruct,w4a16_bnb_nf4,r3,6.0,105,81,17,0,1,,17,1,False
SteerQuant_Meta-Llama-3-1-8B-Instruct_w4a16_bnb_nf4_sentiment_L16_r3_COMPLETE_20260714|a6.0|i118,SteerQuant_Meta-Llama-3-1-8B-Instruct_w4a16_bnb_nf4_sentiment_L16_r3_COMPLETE_20260714.json,meta-llama/Meta-Llama-3.1-8B-Instruct,w4a16_bnb_nf4,r3,6.0,118,88,8000,0,1,,8000,1,False
SteerQuant_Meta-Llama-3-1-8B-Instruct_w4a16_bnb_nf4_sentiment_L16_r3_COMPLETE_20260714|a6.0|i121,SteerQuant_Meta-Llama-3-1-8B-Instruct_w4a16_bnb_nf4_sentiment_L16_r3_COMPLETE_20260714.json,meta-llama/Meta-Llama-3.1-8B-Instruct,w4a16_bnb_nf4,r3,6.0,121,81,17,0,1,,17,1,False
SteerQuant_Meta-Llama-3-1-8B-Instruct_w4a16_bnb_nf4_sentiment_L16_r3_COMPLETE_20260714|a6.0|i167,SteerQuant_Meta-Llama-3-1-8B-Instruct_w4a16_bnb_nf4_sentiment_L16_r3_COMPLETE_20260714.json,meta-llama/Meta-Llama-3.1-8B-Instruct,w4a16_bnb_nf4,r3,6.0,167,104,500,0,1,,500,1,False
SteerQuant_Meta-Llama-3-1-8B-Instruct_w4a16_bnb_nf4_sentiment_L16_r3_COMPLETE_20260714|a6.0|i177,SteerQuant_Meta-Llama-3-1-8B-Instruct_w4a16_bnb_nf4_sentiment_L16_r3_COMPLETE_20260714.json,meta-llama/Meta-Llama-3.1-8B-Instruct,w4a16_bnb_nf4,r3,6.0,177,81,17,0,1,,17,1,False
SteerQuant_Meta-Llama-3-1-8B-Instruct_w4a16_bnb_nf4_sentiment_L16_r3_COMPLETE_20260714|a6.0|i192,SteerQuant_Meta-Llama-3-1-8B-Instruct_w4a16_bnb_nf4_sentiment_L16_r3_COMPLETE_20260714.json,meta-llama/Meta-Llama-3.1-8B-Instruct,w4a16_bnb_nf4,r3,6.0,192,31,80,0,1,,80,1,False
SteerQuant_Meta-Llama-3-1-8B-Instruct_w4a16_bnb_nf4_sentiment_L16_r3_COMPLETE_20260714|a6.0|i193,SteerQuant_Meta-Llama-3-1-8B-Instruct_w4a16_bnb_nf4_sentiment_L16_r3_COMPLETE_20260714.json,meta-llama/Meta-Llama-3.1-8B-Instruct,w4a16_bnb_nf4,r3,6.0,193,31,80,0,1,,80,1,False
SteerQuant_Meta-Llama-3-1-8B-Instruct_w4a16_bnb_nf4_sentiment_L16_r4_COMPLETE_20260714|a0.0|i1,SteerQuant_Meta-Llama-3-1-8B-Instruct_w4a16_bnb_nf4_sentiment_L16_r4_COMPLETE_20260714.json,meta-llama/Meta-Llama-3.1-8B-Instruct,w4a16_bnb_nf4,r4,0.0,1,64,300,0,1,,300,1,False
SteerQuant_Meta-Llama-3-1-8B-Instruct_w4a16_bnb_nf4_sentiment_L16_r4_COMPLETE_20260714|a0.0|i2,SteerQuant_Meta-Llama-3-1-8B-Instruct_w4a16_bnb_nf4_sentiment_L16_r4_COMPLETE_20260714.json,meta-llama/Meta-Llama-3.1-8B-Instruct,w4a16_bnb_nf4,r4,0.0,2,100,175,0,1,,175,1,False
SteerQuant_Meta-Llama-3-1-8B-Instruct_w4a16_bnb_nf4_sentiment_L16_r4_COMPLETE_20260714|a0.0|i9,SteerQuant_Meta-Llama-3-1-8B-Instruct_w4a16_bnb_nf4_sentiment_L16_r4_COMPLETE_20260714.json,meta-llama/Meta-Llama-3.1-8B-Instruct,w4a16_bnb_nf4,r4,0.0,9,146,2125,0,1,,2125,1,False
SteerQuant_Meta-Llama-3-1-8B-Instruct_w4a16_bnb_nf4_sentiment_L16_r4_COMPLETE_20260714|a0.0|i10,SteerQuant_Meta-Llama-3-1-8B-Instruct_w4a16_bnb_nf4_sentiment_L16_r4_COMPLETE_20260714.json,meta-llama/Meta-Llama-3.1-8B-Instruct,w4a16_bnb_nf4,r4,0.0,10,174,95,0,1,,95,1,False
SteerQuant_Meta-Llama-3-1-8B-Instruct_w4a16_bnb_nf4_sentiment_L16_r4_COMPLETE_20260714|a0.0|i15,SteerQuant_Meta-Llama-3-1-8B-Instruct_w4a16_bnb_nf4_sentiment_L16_r4_COMPLETE_20260714.json,meta-llama/Meta-Llama-3.1-8B-Instruct,w4a16_bnb_nf4,r4,0.0,15,58,57,0,1,,57,1,False
SteerQuant_Meta-Llama-3-1-8B-Instruct_w4a16_bnb_nf4_sentiment_L16_r4_COMPLETE_20260714|a0.0|i21,SteerQuant_Meta-Llama-3-1-8B-Instruct_w4a16_bnb_nf4_sentiment_L16_r4_COMPLETE_20260714.json,meta-llama/Meta-Llama-3.1-8B-Instruct,w4a16_bnb_nf4,r4,0.0,21,31,80,0,1,,80,1,False
SteerQuant_Meta-Llama-3-1-8B-Instruct_w4a16_bnb_nf4_sentiment_L16_r4_COMPLETE_20260714|a0.0|i25,SteerQuant_Meta-Llama-3-1-8B-Instruct_w4a16_bnb_nf4_sentiment_L16_r4_COMPLETE_20260714.json,meta-llama/Meta-Llama-3.1-8B-Instruct,w4a16_bnb_nf4,r4,0.0,25,172,51,0,1,,51,1,False
SteerQuant_Meta-Llama-3-1-8B-Instruct_w4a16_bnb_nf4_sentiment_L16_r4_COMPLETE_20260714|a0.0|i46,SteerQuant_Meta-Llama-3-1-8B-Instruct_w4a16_bnb_nf4_sentiment_L16_r4_COMPLETE_20260714.json,meta-llama/Meta-Llama-3.1-8B-Instruct,w4a16_bnb_nf4,r4,0.0,46,100,175,0,1,,175,1,False
SteerQuant_Meta-Llama-3-1-8B-Instruct_w4a16_bnb_nf4_sentiment_L16_r4_COMPLETE_20260714|a0.0|i50,SteerQuant_Meta-Llama-3-1-8B-Instruct_w4a16_bnb_nf4_sentiment_L16_r4_COMPLETE_20260714.json,meta-llama/Meta-Llama-3.1-8B-Instruct,w4a16_bnb_nf4,r4,0.0,50,6,260,0,1,,260,1,False
SteerQuant_Meta-Llama-3-1-8B-Instruct_w4a16_bnb_nf4_sentiment_L16_r4_COMPLETE_20260714|a0.0|i70,SteerQuant_Meta-Llama-3-1-8B-Instruct_w4a16_bnb_nf4_sentiment_L16_r4_COMPLETE_20260714.json,meta-llama/Meta-Llama-3.1-8B-Instruct,w4a16_bnb_nf4,r4,0.0,70,6,260,0,1,,260,1,False
SteerQuant_Meta-Llama-3-1-8B-Instruct_w4a16_bnb_nf4_sentiment_L16_r4_COMPLETE_20260714|a0.0|i123,SteerQuant_Meta-Llama-3-1-8B-Instruct_w4a16_bnb_nf4_sentiment_L16_r4_COMPLETE_20260714.json,meta-llama/Meta-Llama-3.1-8B-Instruct,w4a16_bnb_nf4,r4,0.0,123,33,70,0,1,,70,1,False
SteerQuant_Meta-Llama-3-1-8B-Instruct_w4a16_bnb_nf4_sentiment_L16_r4_COMPLETE_20260714|a0.0|i124,SteerQuant_Meta-Llama-3-1-8B-Instruct_w4a16_bnb_nf4_sentiment_L16_r4_COMPLETE_20260714.json,meta-llama/Meta-Llama-3.1-8B-Instruct,w4a16_bnb_nf4,r4,0.0,124,198,320,0,1,,320,1,False
SteerQuant_Meta-Llama-3-1-8B-Instruct_w4a16_bnb_nf4_sentiment_L16_r4_COMPLETE_20260714|a0.0|i130,SteerQuant_Meta-Llama-3-1-8B-Instruct_w4a16_bnb_nf4_sentiment_L16_r4_COMPLETE_20260714.json,meta-llama/Meta-Llama-3.1-8B-Instruct,w4a16_bnb_nf4,r4,0.0,130,159,15,0,1,,15,1,False
SteerQuant_Meta-Llama-3-1-8B-Instruct_w4a16_bnb_nf4_sentiment_L16_r4_COMPLETE_20260714|a0.0|i135,SteerQuant_Meta-Llama-3-1-8B-Instruct_w4a16_bnb_nf4_sentiment_L16_r4_COMPLETE_20260714.json,meta-llama/Meta-Llama-3.1-8B-Instruct,w4a16_bnb_nf4,r4,0.0,135,100,175,0,1,,175,1,False
SteerQuant_Meta-Llama-3-1-8B-Instruct_w4a16_bnb_nf4_sentiment_L16_r4_COMPLETE_20260714|a0.0|i144,SteerQuant_Meta-Llama-3-1-8B-Instruct_w4a16_bnb_nf4_sentiment_L16_r4_COMPLETE_20260714.json,meta-llama/Meta-Llama-3.1-8B-Instruct,w4a16_bnb_nf4,r4,0.0,144,55,14,0,1,,14,1,False
SteerQuant_Meta-Llama-3-1-8B-Instruct_w4a16_bnb_nf4_sentiment_L16_r4_COMPLETE_20260714|a0.0|i152,SteerQuant_Meta-Llama-3-1-8B-Instruct_w4a16_bnb_nf4_sentiment_L16_r4_COMPLETE_20260714.json,meta-llama/Meta-Llama-3.1-8B-Instruct,w4a16_bnb_nf4,r4,0.0,152,100,175,0,1,,175,1,False
SteerQuant_Meta-Llama-3-1-8B-Instruct_w4a16_bnb_nf4_sentiment_L16_r4_COMPLETE_20260714|a0.0|i157,SteerQuant_Meta-Llama-3-1-8B-Instruct_w4a16_bnb_nf4_sentiment_L16_r4_COMPLETE_20260714.json,meta-llama/Meta-Llama-3.1-8B-Instruct,w4a16_bnb_nf4,r4,0.0,157,146,2125,0,1,,2125,1,False
SteerQuant_Meta-Llama-3-1-8B-Instruct_w4a16_bnb_nf4_sentiment_L16_r4_COMPLETE_20260714|a0.0|i158,SteerQuant_Meta-Llama-3-1-8B-Instruct_w4a16_bnb_nf4_sentiment_L16_r4_COMPLETE_20260714.json,meta-llama/Meta-Llama-3.1-8B-Instruct,w4a16_bnb_nf4,r4,0.0,158,55,14,0,1,,14,1,False
SteerQuant_Meta-Llama-3-1-8B-Instruct_w4a16_bnb_nf4_sentiment_L16_r4_COMPLETE_20260714|a0.0|i164,SteerQuant_Meta-Llama-3-1-8B-Instruct_w4a16_bnb_nf4_sentiment_L16_r4_COMPLETE_20260714.json,meta-llama/Meta-Llama-3.1-8B-Instruct,w4a16_bnb_nf4,r4,0.0,164,10,366,0,1,,366,1,False
SteerQuant_Meta-Llama-3-1-8B-Instruct_w4a16_bnb_nf4_sentiment_L16_r4_COMPLETE_20260714|a0.0|i173,SteerQuant_Meta-Llama-3-1-8B-Instruct_w4a16_bnb_nf4_sentiment_L16_r4_COMPLETE_20260714.json,meta-llama/Meta-Llama-3.1-8B-Instruct,w4a16_bnb_nf4,r4,0.0,173,58,57,0,1,,57,1,False
SteerQuant_Meta-Llama-3-1-8B-Instruct_w4a16_bnb_nf4_sentiment_L16_r4_COMPLETE_20260714|a0.0|i185,SteerQuant_Meta-Llama-3-1-8B-Instruct_w4a16_bnb_nf4_sentiment_L16_r4_COMPLETE_20260714.json,meta-llama/Meta-Llama-3.1-8B-Instruct,w4a16_bnb_nf4,r4,0.0,185,6,260,0,1,,260,1,False
SteerQuant_Meta-Llama-3-1-8B-Instruct_w4a16_bnb_nf4_sentiment_L16_r4_COMPLETE_20260714|a0.0|i189,SteerQuant_Meta-Llama-3-1-8B-Instruct_w4a16_bnb_nf4_sentiment_L16_r4_COMPLETE_20260714.json,meta-llama/Meta-Llama-3.1-8B-Instruct,w4a16_bnb_nf4,r4,0.0,189,58,57,0,1,,57,1,False
SteerQuant_Meta-Llama-3-1-8B-Instruct_w4a16_bnb_nf4_sentiment_L16_r4_COMPLETE_20260714|a2.0|i5,SteerQuant_Meta-Llama-3-1-8B-Instruct_w4a16_bnb_nf4_sentiment_L16_r4_COMPLETE_20260714.json,meta-llama/Meta-Llama-3.1-8B-Instruct,w4a16_bnb_nf4,r4,2.0,5,50,294,0,1,,294,1,False
SteerQuant_Meta-Llama-3-1-8B-Instruct_w4a16_bnb_nf4_sentiment_L16_r4_COMPLETE_20260714|a2.0|i9,SteerQuant_Meta-Llama-3-1-8B-Instruct_w4a16_bnb_nf4_sentiment_L16_r4_COMPLETE_20260714.json,meta-llama/Meta-Llama-3.1-8B-Instruct,w4a16_bnb_nf4,r4,2.0,9,146,2125,0,1,,2125,1,False
SteerQuant_Meta-Llama-3-1-8B-Instruct_w4a16_bnb_nf4_sentiment_L16_r4_COMPLETE_20260714|a2.0|i17,SteerQuant_Meta-Llama-3-1-8B-Instruct_w4a16_bnb_nf4_sentiment_L16_r4_COMPLETE_20260714.json,meta-llama/Meta-Llama-3.1-8B-Instruct,w4a16_bnb_nf4,r4,2.0,17,26,243,0,1,,243,1,False
SteerQuant_Meta-Llama-3-1-8B-Instruct_w4a16_bnb_nf4_sentiment_L16_r4_COMPLETE_20260714|a2.0|i44,SteerQuant_Meta-Llama-3-1-8B-Instruct_w4a16_bnb_nf4_sentiment_L16_r4_COMPLETE_20260714.json,meta-llama/Meta-Llama-3.1-8B-Instruct,w4a16_bnb_nf4,r4,2.0,44,93,36,0,1,,36,1,False
SteerQuant_Meta-Llama-3-1-8B-Instruct_w4a16_bnb_nf4_sentiment_L16_r4_COMPLETE_20260714|a2.0|i65,SteerQuant_Meta-Llama-3-1-8B-Instruct_w4a16_bnb_nf4_sentiment_L16_r4_COMPLETE_20260714.json,meta-llama/Meta-Llama-3.1-8B-Instruct,w4a16_bnb_nf4,r4,2.0,65,14,60,0,1,,60,1,False
SteerQuant_Meta-Llama-3-1-8B-Instruct_w4a16_bnb_nf4_sentiment_L16_r4_COMPLETE_20260714|a2.0|i78,SteerQuant_Meta-Llama-3-1-8B-Instruct_w4a16_bnb_nf4_sentiment_L16_r4_COMPLETE_20260714.json,meta-llama/Meta-Llama-3.1-8B-Instruct,w4a16_bnb_nf4,r4,2.0,78,28,25,0,1,,25,1,False
SteerQuant_Meta-Llama-3-1-8B-Instruct_w4a16_bnb_nf4_sentiment_L16_r4_COMPLETE_20260714|a2.0|i94,SteerQuant_Meta-Llama-3-1-8B-Instruct_w4a16_bnb_nf4_sentiment_L16_r4_COMPLETE_20260714.json,meta-llama/Meta-Llama-3.1-8B-Instruct,w4a16_bnb_nf4,r4,2.0,94,99,58,0,1,,58,1,False
SteerQuant_Meta-Llama-3-1-8B-Instruct_w4a16_bnb_nf4_sentiment_L16_r4_COMPLETE_20260714|a2.0|i108,SteerQuant_Meta-Llama-3-1-8B-Instruct_w4a16_bnb_nf4_sentiment_L16_r4_COMPLETE_20260714.json,meta-llama/Meta-Llama-3.1-8B-Instruct,w4a16_bnb_nf4,r4,2.0,108,99,58,0,1,,58,1,False
SteerQuant_Meta-Llama-3-1-8B-Instruct_w4a16_bnb_nf4_sentiment_L16_r4_COMPLETE_20260714|a2.0|i109,SteerQuant_Meta-Llama-3-1-8B-Instruct_w4a16_bnb_nf4_sentiment_L16_r4_COMPLETE_20260714.json,meta-llama/Meta-Llama-3.1-8B-Instruct,w4a16_bnb_nf4,r4,2.0,109,50,294,0,1,,294,1,False
SteerQuant_Meta-Llama-3-1-8B-Instruct_w4a16_bnb_nf4_sentiment_L16_r4_COMPLETE_20260714|a2.0|i125,SteerQuant_Meta-Llama-3-1-8B-Instruct_w4a16_bnb_nf4_sentiment_L16_r4_COMPLETE_20260714.json,meta-llama/Meta-Llama-3.1-8B-Instruct,w4a16_bnb_nf4,r4,2.0,125,14,60,0,1,,60,1,False
SteerQuant_Meta-Llama-3-1-8B-Instruct_w4a16_bnb_nf4_sentiment_L16_r4_COMPLETE_20260714|a2.0|i127,SteerQuant_Meta-Llama-3-1-8B-Instruct_w4a16_bnb_nf4_sentiment_L16_r4_COMPLETE_20260714.json,meta-llama/Meta-Llama-3.1-8B-Instruct,w4a16_bnb_nf4,r4,2.0,127,82,623,0,1,,623,1,False
SteerQuant_Meta-Llama-3-1-8B-Instruct_w4a16_bnb_nf4_sentiment_L16_r4_COMPLETE_20260714|a2.0|i131,SteerQuant_Meta-Llama-3-1-8B-Instruct_w4a16_bnb_nf4_sentiment_L16_r4_COMPLETE_20260714.json,meta-llama/Meta-Llama-3.1-8B-Instruct,w4a16_bnb_nf4,r4,2.0,131,185,30,0,1,,30,1,False
SteerQuant_Meta-Llama-3-1-8B-Instruct_w4a16_bnb_nf4_sentiment_L16_r4_COMPLETE_20260714|a2.0|i137,SteerQuant_Meta-Llama-3-1-8B-Instruct_w4a16_bnb_nf4_sentiment_L16_r4_COMPLETE_20260714.json,meta-llama/Meta-Llama-3.1-8B-Instruct,w4a16_bnb_nf4,r4,2.0,137,103,140,0,1,,140,1,False
SteerQuant_Meta-Llama-3-1-8B-Instruct_w4a16_bnb_nf4_sentiment_L16_r4_COMPLETE_20260714|a2.0|i143,SteerQuant_Meta-Llama-3-1-8B-Instruct_w4a16_bnb_nf4_sentiment_L16_r4_COMPLETE_20260714.json,meta-llama/Meta-Llama-3.1-8B-Instruct,w4a16_bnb_nf4,r4,2.0,143,183,2,0,1,,2,1,False
SteerQuant_Meta-Llama-3-1-8B-Instruct_w4a16_bnb_nf4_sentiment_L16_r4_COMPLETE_20260714|a2.0|i147,SteerQuant_Meta-Llama-3-1-8B-Instruct_w4a16_bnb_nf4_sentiment_L16_r4_COMPLETE_20260714.json,meta-llama/Meta-Llama-3.1-8B-Instruct,w4a16_bnb_nf4,r4,2.0,147,83,600,0,1,,600,1,False
SteerQuant_Meta-Llama-3-1-8B-Instruct_w4a16_bnb_nf4_sentiment_L16_r4_COMPLETE_20260714|a2.0|i153,SteerQuant_Meta-Llama-3-1-8B-Instruct_w4a16_bnb_nf4_sentiment_L16_r4_COMPLETE_20260714.json,meta-llama/Meta-Llama-3.1-8B-Instruct,w4a16_bnb_nf4,r4,2.0,153,99,58,0,1,,58,1,False
SteerQuant_Meta-Llama-3-1-8B-Instruct_w4a16_bnb_nf4_sentiment_L16_r4_COMPLETE_20260714|a2.0|i155,SteerQuant_Meta-Llama-3-1-8B-Instruct_w4a16_bnb_nf4_sentiment_L16_r4_COMPLETE_20260714.json,meta-llama/Meta-Llama-3.1-8B-Instruct,w4a16_bnb_nf4,r4,2.0,155,138,105,0,1,,105,1,False
SteerQuant_Meta-Llama-3-1-8B-Instruct_w4a16_bnb_nf4_sentiment_L16_r4_COMPLETE_20260714|a2.0|i156,SteerQuant_Meta-Llama-3-1-8B-Instruct_w4a16_bnb_nf4_sentiment_L16_r4_COMPLETE_20260714.json,meta-llama/Meta-Llama-3.1-8B-Instruct,w4a16_bnb_nf4,r4,2.0,156,167,16,0,1,,16,1,False
SteerQuant_Meta-Llama-3-1-8B-Instruct_w4a16_bnb_nf4_sentiment_L16_r4_COMPLETE_20260714|a2.0|i157,SteerQuant_Meta-Llama-3-1-8B-Instruct_w4a16_bnb_nf4_sentiment_L16_r4_COMPLETE_20260714.json,meta-llama/Meta-Llama-3.1-8B-Instruct,w4a16_bnb_nf4,r4,2.0,157,146,2125,0,1,,2125,1,False
SteerQuant_Meta-Llama-3-1-8B-Instruct_w4a16_bnb_nf4_sentiment_L16_r4_COMPLETE_20260714|a2.0|i160,SteerQuant_Meta-Llama-3-1-8B-Instruct_w4a16_bnb_nf4_sentiment_L16_r4_COMPLETE_20260714.json,meta-llama/Meta-Llama-3.1-8B-Instruct,w4a16_bnb_nf4,r4,2.0,160,50,294,0,1,,294,1,False
SteerQuant_Meta-Llama-3-1-8B-Instruct_w4a16_bnb_nf4_sentiment_L16_r4_COMPLETE_20260714|a2.0|i162,SteerQuant_Meta-Llama-3-1-8B-Instruct_w4a16_bnb_nf4_sentiment_L16_r4_COMPLETE_20260714.json,meta-llama/Meta-Llama-3.1-8B-Instruct,w4a16_bnb_nf4,r4,2.0,162,14,60,0,1,,60,1,False
SteerQuant_Meta-Llama-3-1-8B-Instruct_w4a16_bnb_nf4_sentiment_L16_r4_COMPLETE_20260714|a2.0|i164,SteerQuant_Meta-Llama-3-1-8B-Instruct_w4a16_bnb_nf4_sentiment_L16_r4_COMPLETE_20260714.json,meta-llama/Meta-Llama-3.1-8B-Instruct,w4a16_bnb_nf4,r4,2.0,164,10,366,0,1,,366,1,False
SteerQuant_Meta-Llama-3-1-8B-Instruct_w4a16_bnb_nf4_sentiment_L16_r4_COMPLETE_20260714|a2.0|i170,SteerQuant_Meta-Llama-3-1-8B-Instruct_w4a16_bnb_nf4_sentiment_L16_r4_COMPLETE_20260714.json,meta-llama/Meta-Llama-3.1-8B-Instruct,w4a16_bnb_nf4,r4,2.0,170,50,294,0,1,,294,1,False
SteerQuant_Meta-Llama-3-1-8B-Instruct_w4a16_bnb_nf4_sentiment_L16_r4_COMPLETE_20260714|a2.0|i172,SteerQuant_Meta-Llama-3-1-8B-Instruct_w4a16_bnb_nf4_sentiment_L16_r4_COMPLETE_20260714.json,meta-llama/Meta-Llama-3.1-8B-Instruct,w4a16_bnb_nf4,r4,2.0,172,198,320,0,1,,320,1,False
SteerQuant_Meta-Llama-3-1-8B-Instruct_w4a16_bnb_nf4_sentiment_L16_r4_COMPLETE_20260714|a2.0|i183,SteerQuant_Meta-Llama-3-1-8B-Instruct_w4a16_bnb_nf4_sentiment_L16_r4_COMPLETE_20260714.json,meta-llama/Meta-Llama-3.1-8B-Instruct,w4a16_bnb_nf4,r4,2.0,183,141,400,0,1,,400,1,False
SteerQuant_Meta-Llama-3-1-8B-Instruct_w4a16_bnb_nf4_sentiment_L16_r4_COMPLETE_20260714|a2.0|i194,SteerQuant_Meta-Llama-3-1-8B-Instruct_w4a16_bnb_nf4_sentiment_L16_r4_COMPLETE_20260714.json,meta-llama/Meta-Llama-3.1-8B-Instruct,w4a16_bnb_nf4,r4,2.0,194,14,60,0,1,,60,1,False
SteerQuant_Meta-Llama-3-1-8B-Instruct_w4a16_bnb_nf4_sentiment_L16_r4_COMPLETE_20260714|a2.0|i195,SteerQuant_Meta-Llama-3-1-8B-Instruct_w4a16_bnb_nf4_sentiment_L16_r4_COMPLETE_20260714.json,meta-llama/Meta-Llama-3.1-8B-Instruct,w4a16_bnb_nf4,r4,2.0,195,26,243,0,1,,243,1,False
SteerQuant_Meta-Llama-3-1-8B-Instruct_w4a16_bnb_nf4_sentiment_L16_r4_COMPLETE_20260714|a2.0|i199,SteerQuant_Meta-Llama-3-1-8B-Instruct_w4a16_bnb_nf4_sentiment_L16_r4_COMPLETE_20260714.json,meta-llama/Meta-Llama-3.1-8B-Instruct,w4a16_bnb_nf4,r4,2.0,199,176,100,0,1,,100,1,False
SteerQuant_Meta-Llama-3-1-8B-Instruct_w4a16_bnb_nf4_sentiment_L16_r4_COMPLETE_20260714|a4.0|i5,SteerQuant_Meta-Llama-3-1-8B-Instruct_w4a16_bnb_nf4_sentiment_L16_r4_COMPLETE_20260714.json,meta-llama/Meta-Llama-3.1-8B-Instruct,w4a16_bnb_nf4,r4,4.0,5,50,294,0,1,,294,1,False
SteerQuant_Meta-Llama-3-1-8B-Instruct_w4a16_bnb_nf4_sentiment_L16_r4_COMPLETE_20260714|a4.0|i7,SteerQuant_Meta-Llama-3-1-8B-Instruct_w4a16_bnb_nf4_sentiment_L16_r4_COMPLETE_20260714.json,meta-llama/Meta-Llama-3.1-8B-Instruct,w4a16_bnb_nf4,r4,4.0,7,70,7425,0,1,,7425,1,False
SteerQuant_Meta-Llama-3-1-8B-Instruct_w4a16_bnb_nf4_sentiment_L16_r4_COMPLETE_20260714|a4.0|i9,SteerQuant_Meta-Llama-3-1-8B-Instruct_w4a16_bnb_nf4_sentiment_L16_r4_COMPLETE_20260714.json,meta-llama/Meta-Llama-3.1-8B-Instruct,w4a16_bnb_nf4,r4,4.0,9,146,2125,0,1,,2125,1,False
SteerQuant_Meta-Llama-3-1-8B-Instruct_w4a16_bnb_nf4_sentiment_L16_r4_COMPLETE_20260714|a4.0|i32,SteerQuant_Meta-Llama-3-1-8B-Instruct_w4a16_bnb_nf4_sentiment_L16_r4_COMPLETE_20260714.json,meta-llama/Meta-Llama-3.1-8B-Instruct,w4a16_bnb_nf4,r4,4.0,32,43,48,0,1,,48,1,False
SteerQuant_Meta-Llama-3-1-8B-Instruct_w4a16_bnb_nf4_sentiment_L16_r4_COMPLETE_20260714|a4.0|i44,SteerQuant_Meta-Llama-3-1-8B-Instruct_w4a16_bnb_nf4_sentiment_L16_r4_COMPLETE_20260714.json,meta-llama/Meta-Llama-3.1-8B-Instruct,w4a16_bnb_nf4,r4,4.0,44,93,36,0,1,,36,1,False
SteerQuant_Meta-Llama-3-1-8B-Instruct_w4a16_bnb_nf4_sentiment_L16_r4_COMPLETE_20260714|a4.0|i49,SteerQuant_Meta-Llama-3-1-8B-Instruct_w4a16_bnb_nf4_sentiment_L16_r4_COMPLETE_20260714.json,meta-llama/Meta-Llama-3.1-8B-Instruct,w4a16_bnb_nf4,r4,4.0,49,36,75,0,1,,75,1,False
SteerQuant_Meta-Llama-3-1-8B-Instruct_w4a16_bnb_nf4_sentiment_L16_r4_COMPLETE_20260714|a4.0|i65,SteerQuant_Meta-Llama-3-1-8B-Instruct_w4a16_bnb_nf4_sentiment_L16_r4_COMPLETE_20260714.json,meta-llama/Meta-Llama-3.1-8B-Instruct,w4a16_bnb_nf4,r4,4.0,65,14,60,0,1,,60,1,False
SteerQuant_Meta-Llama-3-1-8B-Instruct_w4a16_bnb_nf4_sentiment_L16_r4_COMPLETE_20260714|a4.0|i76,SteerQuant_Meta-Llama-3-1-8B-Instruct_w4a16_bnb_nf4_sentiment_L16_r4_COMPLETE_20260714.json,meta-llama/Meta-Llama-3.1-8B-Instruct,w4a16_bnb_nf4,r4,4.0,76,43,48,0,1,,48,1,False
SteerQuant_Meta-Llama-3-1-8B-Instruct_w4a16_bnb_nf4_sentiment_L16_r4_COMPLETE_20260714|a4.0|i78,SteerQuant_Meta-Llama-3-1-8B-Instruct_w4a16_bnb_nf4_sentiment_L16_r4_COMPLETE_20260714.json,meta-llama/Meta-Llama-3.1-8B-Instruct,w4a16_bnb_nf4,r4,4.0,78,28,25,0,1,,25,1,False
SteerQuant_Meta-Llama-3-1-8B-Instruct_w4a16_bnb_nf4_sentiment_L16_r4_COMPLETE_20260714|a4.0|i101,SteerQuant_Meta-Llama-3-1-8B-Instruct_w4a16_bnb_nf4_sentiment_L16_r4_COMPLETE_20260714.json,meta-llama/Meta-Llama-3.1-8B-Instruct,w4a16_bnb_nf4,r4,4.0,101,0,18,0,1,,18,1,False
SteerQuant_Meta-Llama-3-1-8B-Instruct_w4a16_bnb_nf4_sentiment_L16_r4_COMPLETE_20260714|a4.0|i109,SteerQuant_Meta-Llama-3-1-8B-Instruct_w4a16_bnb_nf4_sentiment_L16_r4_COMPLETE_20260714.json,meta-llama/Meta-Llama-3.1-8B-Instruct,w4a16_bnb_nf4,r4,4.0,109,50,294,0,1,,294,1,False
SteerQuant_Meta-Llama-3-1-8B-Instruct_w4a16_bnb_nf4_sentiment_L16_r4_COMPLETE_20260714|a4.0|i125,SteerQuant_Meta-Llama-3-1-8B-Instruct_w4a16_bnb_nf4_sentiment_L16_r4_COMPLETE_20260714.json,meta-llama/Meta-Llama-3.1-8B-Instruct,w4a16_bnb_nf4,r4,4.0,125,14,60,0,1,,60,1,False
SteerQuant_Meta-Llama-3-1-8B-Instruct_w4a16_bnb_nf4_sentiment_L16_r4_COMPLETE_20260714|a4.0|i137,SteerQuant_Meta-Llama-3-1-8B-Instruct_w4a16_bnb_nf4_sentiment_L16_r4_COMPLETE_20260714.json,meta-llama/Meta-Llama-3.1-8B-Instruct,w4a16_bnb_nf4,r4,4.0,137,103,140,0,1,,140,1,False
SteerQuant_Meta-Llama-3-1-8B-Instruct_w4a16_bnb_nf4_sentiment_L16_r4_COMPLETE_20260714|a4.0|i146,SteerQuant_Meta-Llama-3-1-8B-Instruct_w4a16_bnb_nf4_sentiment_L16_r4_COMPLETE_20260714.json,meta-llama/Meta-Llama-3.1-8B-Instruct,w4a16_bnb_nf4,r4,4.0,146,136,6,0,1,,6,1,False
SteerQuant_Meta-Llama-3-1-8B-Instruct_w4a16_bnb_nf4_sentiment_L16_r4_COMPLETE_20260714|a4.0|i147,SteerQuant_Meta-Llama-3-1-8B-Instruct_w4a16_bnb_nf4_sentiment_L16_r4_COMPLETE_20260714.json,meta-llama/Meta-Llama-3.1-8B-Instruct,w4a16_bnb_nf4,r4,4.0,147,83,600,0,1,,600,1,False
SteerQuant_Meta-Llama-3-1-8B-Instruct_w4a16_bnb_nf4_sentiment_L16_r4_COMPLETE_20260714|a4.0|i149,SteerQuant_Meta-Llama-3-1-8B-Instruct_w4a16_bnb_nf4_sentiment_L16_r4_COMPLETE_20260714.json,meta-llama/Meta-Llama-3.1-8B-Instruct,w4a16_bnb_nf4,r4,4.0,149,136,6,0,1,,6,1,False
SteerQuant_Meta-Llama-3-1-8B-Instruct_w4a16_bnb_nf4_sentiment_L16_r4_COMPLETE_20260714|a4.0|i157,SteerQuant_Meta-Llama-3-1-8B-Instruct_w4a16_bnb_nf4_sentiment_L16_r4_COMPLETE_20260714.json,meta-llama/Meta-Llama-3.1-8B-Instruct,w4a16_bnb_nf4,r4,4.0,157,146,2125,0,1,,2125,1,False
SteerQuant_Meta-Llama-3-1-8B-Instruct_w4a16_bnb_nf4_sentiment_L16_r4_COMPLETE_20260714|a4.0|i160,SteerQuant_Meta-Llama-3-1-8B-Instruct_w4a16_bnb_nf4_sentiment_L16_r4_COMPLETE_20260714.json,meta-llama/Meta-Llama-3.1-8B-Instruct,w4a16_bnb_nf4,r4,4.0,160,50,294,0,1,,294,1,False
SteerQuant_Meta-Llama-3-1-8B-Instruct_w4a16_bnb_nf4_sentiment_L16_r4_COMPLETE_20260714|a4.0|i162,SteerQuant_Meta-Llama-3-1-8B-Instruct_w4a16_bnb_nf4_sentiment_L16_r4_COMPLETE_20260714.json,meta-llama/Meta-Llama-3.1-8B-Instruct,w4a16_bnb_nf4,r4,4.0,162,14,60,0,1,,60,1,False
SteerQuant_Meta-Llama-3-1-8B-Instruct_w4a16_bnb_nf4_sentiment_L16_r4_COMPLETE_20260714|a4.0|i169,SteerQuant_Meta-Llama-3-1-8B-Instruct_w4a16_bnb_nf4_sentiment_L16_r4_COMPLETE_20260714.json,meta-llama/Meta-Llama-3.1-8B-Instruct,w4a16_bnb_nf4,r4,4.0,169,0,18,0,1,,18,1,False
SteerQuant_Meta-Llama-3-1-8B-Instruct_w4a16_bnb_nf4_sentiment_L16_r4_COMPLETE_20260714|a4.0|i170,SteerQuant_Meta-Llama-3-1-8B-Instruct_w4a16_bnb_nf4_sentiment_L16_r4_COMPLETE_20260714.json,meta-llama/Meta-Llama-3.1-8B-Instruct,w4a16_bnb_nf4,r4,4.0,170,50,294,0,1,,294,1,False
SteerQuant_Meta-Llama-3-1-8B-Instruct_w4a16_bnb_nf4_sentiment_L16_r4_COMPLETE_20260714|a4.0|i174,SteerQuant_Meta-Llama-3-1-8B-Instruct_w4a16_bnb_nf4_sentiment_L16_r4_COMPLETE_20260714.json,meta-llama/Meta-Llama-3.1-8B-Instruct,w4a16_bnb_nf4,r4,4.0,174,83,600,0,1,,600,1,False
SteerQuant_Meta-Llama-3-1-8B-Instruct_w4a16_bnb_nf4_sentiment_L16_r4_COMPLETE_20260714|a4.0|i184,SteerQuant_Meta-Llama-3-1-8B-Instruct_w4a16_bnb_nf4_sentiment_L16_r4_COMPLETE_20260714.json,meta-llama/Meta-Llama-3.1-8B-Instruct,w4a16_bnb_nf4,r4,4.0,184,43,48,0,1,,48,1,False
SteerQuant_Meta-Llama-3-1-8B-Instruct_w4a16_bnb_nf4_sentiment_L16_r4_COMPLETE_20260714|a4.0|i192,SteerQuant_Meta-Llama-3-1-8B-Instruct_w4a16_bnb_nf4_sentiment_L16_r4_COMPLETE_20260714.json,meta-llama/Meta-Llama-3.1-8B-Instruct,w4a16_bnb_nf4,r4,4.0,192,36,75,0,1,,75,1,False
SteerQuant_Meta-Llama-3-1-8B-Instruct_w4a16_bnb_nf4_sentiment_L16_r4_COMPLETE_20260714|a4.0|i194,SteerQuant_Meta-Llama-3-1-8B-Instruct_w4a16_bnb_nf4_sentiment_L16_r4_COMPLETE_20260714.json,meta-llama/Meta-Llama-3.1-8B-Instruct,w4a16_bnb_nf4,r4,4.0,194,14,60,0,1,,60,1,False
SteerQuant_Meta-Llama-3-1-8B-Instruct_w4a16_bnb_nf4_sentiment_L16_r4_COMPLETE_20260714|a4.0|i199,SteerQuant_Meta-Llama-3-1-8B-Instruct_w4a16_bnb_nf4_sentiment_L16_r4_COMPLETE_20260714.json,meta-llama/Meta-Llama-3.1-8B-Instruct,w4a16_bnb_nf4,r4,4.0,199,176,100,0,1,,100,1,False
SteerQuant_Meta-Llama-3-1-8B-Instruct_w4a16_bnb_nf4_sentiment_L16_r4_COMPLETE_20260714|a6.0|i21,SteerQuant_Meta-Llama-3-1-8B-Instruct_w4a16_bnb_nf4_sentiment_L16_r4_COMPLETE_20260714.json,meta-llama/Meta-Llama-3.1-8B-Instruct,w4a16_bnb_nf4,r4,6.0,21,31,80,0,1,,80,1,False
SteerQuant_Meta-Llama-3-1-8B-Instruct_w4a16_bnb_nf4_sentiment_L16_r4_COMPLETE_20260714|a6.0|i50,SteerQuant_Meta-Llama-3-1-8B-Instruct_w4a16_bnb_nf4_sentiment_L16_r4_COMPLETE_20260714.json,meta-llama/Meta-Llama-3.1-8B-Instruct,w4a16_bnb_nf4,r4,6.0,50,6,260,0,1,,260,1,False
SteerQuant_Meta-Llama-3-1-8B-Instruct_w4a16_bnb_nf4_sentiment_L16_r4_COMPLETE_20260714|a6.0|i65,SteerQuant_Meta-Llama-3-1-8B-Instruct_w4a16_bnb_nf4_sentiment_L16_r4_COMPLETE_20260714.json,meta-llama/Meta-Llama-3.1-8B-Instruct,w4a16_bnb_nf4,r4,6.0,65,14,60,0,1,,60,1,False
SteerQuant_Meta-Llama-3-1-8B-Instruct_w4a16_bnb_nf4_sentiment_L16_r4_COMPLETE_20260714|a6.0|i99,SteerQuant_Meta-Llama-3-1-8B-Instruct_w4a16_bnb_nf4_sentiment_L16_r4_COMPLETE_20260714.json,meta-llama/Meta-Llama-3.1-8B-Instruct,w4a16_bnb_nf4,r4,6.0,99,135,40,0,1,,40,1,False
SteerQuant_Meta-Llama-3-1-8B-Instruct_w4a16_bnb_nf4_sentiment_L16_r4_COMPLETE_20260714|a6.0|i117,SteerQuant_Meta-Llama-3-1-8B-Instruct_w4a16_bnb_nf4_sentiment_L16_r4_COMPLETE_20260714.json,meta-llama/Meta-Llama-3.1-8B-Instruct,w4a16_bnb_nf4,r4,6.0,117,34,23,0,1,,23,1,False
SteerQuant_Meta-Llama-3-1-8B-Instruct_w4a16_bnb_nf4_sentiment_L16_r4_COMPLETE_20260714|a6.0|i125,SteerQuant_Meta-Llama-3-1-8B-Instruct_w4a16_bnb_nf4_sentiment_L16_r4_COMPLETE_20260714.json,meta-llama/Meta-Llama-3.1-8B-Instruct,w4a16_bnb_nf4,r4,6.0,125,14,60,0,1,,60,1,False
SteerQuant_Meta-Llama-3-1-8B-Instruct_w4a16_bnb_nf4_sentiment_L16_r4_COMPLETE_20260714|a6.0|i131,SteerQuant_Meta-Llama-3-1-8B-Instruct_w4a16_bnb_nf4_sentiment_L16_r4_COMPLETE_20260714.json,meta-llama/Meta-Llama-3.1-8B-Instruct,w4a16_bnb_nf4,r4,6.0,131,185,30,0,1,,30,1,False
SteerQuant_Meta-Llama-3-1-8B-Instruct_w4a16_bnb_nf4_sentiment_L16_r4_COMPLETE_20260714|a6.0|i137,SteerQuant_Meta-Llama-3-1-8B-Instruct_w4a16_bnb_nf4_sentiment_L16_r4_COMPLETE_20260714.json,meta-llama/Meta-Llama-3.1-8B-Instruct,w4a16_bnb_nf4,r4,6.0,137,103,140,0,1,,140,1,False
SteerQuant_Meta-Llama-3-1-8B-Instruct_w4a16_bnb_nf4_sentiment_L16_r4_COMPLETE_20260714|a6.0|i143,SteerQuant_Meta-Llama-3-1-8B-Instruct_w4a16_bnb_nf4_sentiment_L16_r4_COMPLETE_20260714.json,meta-llama/Meta-Llama-3.1-8B-Instruct,w4a16_bnb_nf4,r4,6.0,143,183,2,0,1,,2,1,False
SteerQuant_Meta-Llama-3-1-8B-Instruct_w4a16_bnb_nf4_sentiment_L16_r4_COMPLETE_20260714|a6.0|i162,SteerQuant_Meta-Llama-3-1-8B-Instruct_w4a16_bnb_nf4_sentiment_L16_r4_COMPLETE_20260714.json,meta-llama/Meta-Llama-3.1-8B-Instruct,w4a16_bnb_nf4,r4,6.0,162,14,60,0,1,,60,1,False
SteerQuant_Meta-Llama-3-1-8B-Instruct_w4a16_bnb_nf4_sentiment_L16_r4_COMPLETE_20260714|a6.0|i185,SteerQuant_Meta-Llama-3-1-8B-Instruct_w4a16_bnb_nf4_sentiment_L16_r4_COMPLETE_20260714.json,meta-llama/Meta-Llama-3.1-8B-Instruct,w4a16_bnb_nf4,r4,6.0,185,6,260,0,1,,260,1,False
SteerQuant_Meta-Llama-3-1-8B-Instruct_w4a16_bnb_nf4_sentiment_L16_r4_COMPLETE_20260714|a6.0|i194,SteerQuant_Meta-Llama-3-1-8B-Instruct_w4a16_bnb_nf4_sentiment_L16_r4_COMPLETE_20260714.json,meta-llama/Meta-Llama-3.1-8B-Instruct,w4a16_bnb_nf4,r4,6.0,194,14,60,0,1,,60,1,False
SteerQuant_Meta-Llama-3-1-8B-Instruct_w4a16_bnb_nf4_sentiment_L16_r4_COMPLETE_20260714|a6.0|i199,SteerQuant_Meta-Llama-3-1-8B-Instruct_w4a16_bnb_nf4_sentiment_L16_r4_COMPLETE_20260714.json,meta-llama/Meta-Llama-3.1-8B-Instruct,w4a16_bnb_nf4,r4,6.0,199,176,100,0,1,,100,1,False
SteerQuant_Meta-Llama-3-1-8B-Instruct_w4a16_bnb_nf4_sentiment_L16_r5_COMPLETE_20260714|a-8.0|i10,SteerQuant_Meta-Llama-3-1-8B-Instruct_w4a16_bnb_nf4_sentiment_L16_r5_COMPLETE_20260714.json,meta-llama/Meta-Llama-3.1-8B-Instruct,w4a16_bnb_nf4,r5,-8.0,10,116,42,0,1,,42,1,False
SteerQuant_Meta-Llama-3-1-8B-Instruct_w4a16_bnb_nf4_sentiment_L16_r5_COMPLETE_20260714|a-8.0|i56,SteerQuant_Meta-Llama-3-1-8B-Instruct_w4a16_bnb_nf4_sentiment_L16_r5_COMPLETE_20260714.json,meta-llama/Meta-Llama-3.1-8B-Instruct,w4a16_bnb_nf4,r5,-8.0,56,198,320,0,1,,320,1,False
SteerQuant_Meta-Llama-3-1-8B-Instruct_w4a16_bnb_nf4_sentiment_L16_r5_COMPLETE_20260714|a-8.0|i75,SteerQuant_Meta-Llama-3-1-8B-Instruct_w4a16_bnb_nf4_sentiment_L16_r5_COMPLETE_20260714.json,meta-llama/Meta-Llama-3.1-8B-Instruct,w4a16_bnb_nf4,r5,-8.0,75,116,42,0,1,,42,1,False
SteerQuant_Meta-Llama-3-1-8B-Instruct_w4a16_bnb_nf4_sentiment_L16_r5_COMPLETE_20260714|a-8.0|i79,SteerQuant_Meta-Llama-3-1-8B-Instruct_w4a16_bnb_nf4_sentiment_L16_r5_COMPLETE_20260714.json,meta-llama/Meta-Llama-3.1-8B-Instruct,w4a16_bnb_nf4,r5,-8.0,79,116,42,0,1,,42,1,False
SteerQuant_Meta-Llama-3-1-8B-Instruct_w4a16_bnb_nf4_sentiment_L16_r5_COMPLETE_20260714|a-8.0|i146,SteerQuant_Meta-Llama-3-1-8B-Instruct_w4a16_bnb_nf4_sentiment_L16_r5_COMPLETE_20260714.json,meta-llama/Meta-Llama-3.1-8B-Instruct,w4a16_bnb_nf4,r5,-8.0,146,198,320,0,1,,320,1,False
SteerQuant_Meta-Llama-3-1-8B-Instruct_w4a16_bnb_nf4_sentiment_L16_r5_COMPLETE_20260714|a-6.0|i69,SteerQuant_Meta-Llama-3-1-8B-Instruct_w4a16_bnb_nf4_sentiment_L16_r5_COMPLETE_20260714.json,meta-llama/Meta-Llama-3.1-8B-Instruct,w4a16_bnb_nf4,r5,-6.0,69,172,51,0,1,,51,1,False
SteerQuant_Meta-Llama-3-1-8B-Instruct_w4a16_bnb_nf4_sentiment_L16_r5_COMPLETE_20260714|a-6.0|i133,SteerQuant_Meta-Llama-3-1-8B-Instruct_w4a16_bnb_nf4_sentiment_L16_r5_COMPLETE_20260714.json,meta-llama/Meta-Llama-3.1-8B-Instruct,w4a16_bnb_nf4,r5,-6.0,133,103,140,0,1,,140,1,False
SteerQuant_Meta-Llama-3-1-8B-Instruct_w4a16_bnb_nf4_sentiment_L16_r5_COMPLETE_20260714|a-4.0|i7,SteerQuant_Meta-Llama-3-1-8B-Instruct_w4a16_bnb_nf4_sentiment_L16_r5_COMPLETE_20260714.json,meta-llama/Meta-Llama-3.1-8B-Instruct,w4a16_bnb_nf4,r5,-4.0,7,91,28,0,1,,28,1,False
SteerQuant_Meta-Llama-3-1-8B-Instruct_w4a16_bnb_nf4_sentiment_L16_r5_COMPLETE_20260714|a-4.0|i65,SteerQuant_Meta-Llama-3-1-8B-Instruct_w4a16_bnb_nf4_sentiment_L16_r5_COMPLETE_20260714.json,meta-llama/Meta-Llama-3.1-8B-Instruct,w4a16_bnb_nf4,r5,-4.0,65,130,30,0,1,,30,1,False
SteerQuant_Meta-Llama-3-1-8B-Instruct_w4a16_bnb_nf4_sentiment_L16_r5_COMPLETE_20260714|a-4.0|i86,SteerQuant_Meta-Llama-3-1-8B-Instruct_w4a16_bnb_nf4_sentiment_L16_r5_COMPLETE_20260714.json,meta-llama/Meta-Llama-3.1-8B-Instruct,w4a16_bnb_nf4,r5,-4.0,86,58,57,0,1,,57,1,False
SteerQuant_Meta-Llama-3-1-8B-Instruct_w4a16_bnb_nf4_sentiment_L16_r5_COMPLETE_20260714|a-4.0|i120,SteerQuant_Meta-Llama-3-1-8B-Instruct_w4a16_bnb_nf4_sentiment_L16_r5_COMPLETE_20260714.json,meta-llama/Meta-Llama-3.1-8B-Instruct,w4a16_bnb_nf4,r5,-4.0,120,17,57500,0,1,,57500,1,False
SteerQuant_Meta-Llama-3-1-8B-Instruct_w4a16_bnb_nf4_sentiment_L16_r5_COMPLETE_20260714|a-4.0|i127,SteerQuant_Meta-Llama-3-1-8B-Instruct_w4a16_bnb_nf4_sentiment_L16_r5_COMPLETE_20260714.json,meta-llama/Meta-Llama-3.1-8B-Instruct,w4a16_bnb_nf4,r5,-4.0,127,58,57,0,1,,57,1,False
SteerQuant_Meta-Llama-3-1-8B-Instruct_w4a16_bnb_nf4_sentiment_L16_r5_COMPLETE_20260714|a-4.0|i159,SteerQuant_Meta-Llama-3-1-8B-Instruct_w4a16_bnb_nf4_sentiment_L16_r5_COMPLETE_20260714.json,meta-llama/Meta-Llama-3.1-8B-Instruct,w4a16_bnb_nf4,r5,-4.0,159,58,57,0,1,,57,1,False
SteerQuant_Meta-Llama-3-1-8B-Instruct_w4a16_bnb_nf4_sentiment_L16_r5_COMPLETE_20260714|a-4.0|i181,SteerQuant_Meta-Llama-3-1-8B-Instruct_w4a16_bnb_nf4_sentiment_L16_r5_COMPLETE_20260714.json,meta-llama/Meta-Llama-3.1-8B-Instruct,w4a16_bnb_nf4,r5,-4.0,181,10,366,0,1,,366,1,False
SteerQuant_Meta-Llama-3-1-8B-Instruct_w4a16_bnb_nf4_sentiment_L16_r5_COMPLETE_20260714|a-2.0|i10,SteerQuant_Meta-Llama-3-1-8B-Instruct_w4a16_bnb_nf4_sentiment_L16_r5_COMPLETE_20260714.json,meta-llama/Meta-Llama-3.1-8B-Instruct,w4a16_bnb_nf4,r5,-2.0,10,116,42,0,1,,42,1,False
SteerQuant_Meta-Llama-3-1-8B-Instruct_w4a16_bnb_nf4_sentiment_L16_r5_COMPLETE_20260714|a-2.0|i32,SteerQuant_Meta-Llama-3-1-8B-Instruct_w4a16_bnb_nf4_sentiment_L16_r5_COMPLETE_20260714.json,meta-llama/Meta-Llama-3.1-8B-Instruct,w4a16_bnb_nf4,r5,-2.0,32,46,163,0,1,,163,1,False
SteerQuant_Meta-Llama-3-1-8B-Instruct_w4a16_bnb_nf4_sentiment_L16_r5_COMPLETE_20260714|a-2.0|i42,SteerQuant_Meta-Llama-3-1-8B-Instruct_w4a16_bnb_nf4_sentiment_L16_r5_COMPLETE_20260714.json,meta-llama/Meta-Llama-3.1-8B-Instruct,w4a16_bnb_nf4,r5,-2.0,42,124,10,0,1,,10,1,False
SteerQuant_Meta-Llama-3-1-8B-Instruct_w4a16_bnb_nf4_sentiment_L16_r5_COMPLETE_20260714|a-2.0|i43,SteerQuant_Meta-Llama-3-1-8B-Instruct_w4a16_bnb_nf4_sentiment_L16_r5_COMPLETE_20260714.json,meta-llama/Meta-Llama-3.1-8B-Instruct,w4a16_bnb_nf4,r5,-2.0,43,151,5,0,1,,5,1,False
SteerQuant_Meta-Llama-3-1-8B-Instruct_w4a16_bnb_nf4_sentiment_L16_r5_COMPLETE_20260714|a-2.0|i51,SteerQuant_Meta-Llama-3-1-8B-Instruct_w4a16_bnb_nf4_sentiment_L16_r5_COMPLETE_20260714.json,meta-llama/Meta-Llama-3.1-8B-Instruct,w4a16_bnb_nf4,r5,-2.0,51,136,6,0,1,,6,1,False
SteerQuant_Meta-Llama-3-1-8B-Instruct_w4a16_bnb_nf4_sentiment_L16_r5_COMPLETE_20260714|a-2.0|i54,SteerQuant_Meta-Llama-3-1-8B-Instruct_w4a16_bnb_nf4_sentiment_L16_r5_COMPLETE_20260714.json,meta-llama/Meta-Llama-3.1-8B-Instruct,w4a16_bnb_nf4,r5,-2.0,54,188,50,0,1,,50,1,False
SteerQuant_Meta-Llama-3-1-8B-Instruct_w4a16_bnb_nf4_sentiment_L16_r5_COMPLETE_20260714|a-2.0|i65,SteerQuant_Meta-Llama-3-1-8B-Instruct_w4a16_bnb_nf4_sentiment_L16_r5_COMPLETE_20260714.json,meta-llama/Meta-Llama-3.1-8B-Instruct,w4a16_bnb_nf4,r5,-2.0,65,130,30,0,1,,30,1,False
SteerQuant_Meta-Llama-3-1-8B-Instruct_w4a16_bnb_nf4_sentiment_L16_r5_COMPLETE_20260714|a-2.0|i74,SteerQuant_Meta-Llama-3-1-8B-Instruct_w4a16_bnb_nf4_sentiment_L16_r5_COMPLETE_20260714.json,meta-llama/Meta-Llama-3.1-8B-Instruct,w4a16_bnb_nf4,r5,-2.0,74,81,17,0,1,,17,1,False
SteerQuant_Meta-Llama-3-1-8B-Instruct_w4a16_bnb_nf4_sentiment_L16_r5_COMPLETE_20260714|a-2.0|i86,SteerQuant_Meta-Llama-3-1-8B-Instruct_w4a16_bnb_nf4_sentiment_L16_r5_COMPLETE_20260714.json,meta-llama/Meta-Llama-3.1-8B-Instruct,w4a16_bnb_nf4,r5,-2.0,86,58,57,0,1,,57,1,False
SteerQuant_Meta-Llama-3-1-8B-Instruct_w4a16_bnb_nf4_sentiment_L16_r5_COMPLETE_20260714|a-2.0|i102,SteerQuant_Meta-Llama-3-1-8B-Instruct_w4a16_bnb_nf4_sentiment_L16_r5_COMPLETE_20260714.json,meta-llama/Meta-Llama-3.1-8B-Instruct,w4a16_bnb_nf4,r5,-2.0,102,55,14,0,1,,14,1,False
SteerQuant_Meta-Llama-3-1-8B-Instruct_w4a16_bnb_nf4_sentiment_L16_r5_COMPLETE_20260714|a-2.0|i124,SteerQuant_Meta-Llama-3-1-8B-Instruct_w4a16_bnb_nf4_sentiment_L16_r5_COMPLETE_20260714.json,meta-llama/Meta-Llama-3.1-8B-Instruct,w4a16_bnb_nf4,r5,-2.0,124,159,15,0,1,,15,1,False
SteerQuant_Meta-Llama-3-1-8B-Instruct_w4a16_bnb_nf4_sentiment_L16_r5_COMPLETE_20260714|a-2.0|i127,SteerQuant_Meta-Llama-3-1-8B-Instruct_w4a16_bnb_nf4_sentiment_L16_r5_COMPLETE_20260714.json,meta-llama/Meta-Llama-3.1-8B-Instruct,w4a16_bnb_nf4,r5,-2.0,127,58,57,0,1,,57,1,False
SteerQuant_Meta-Llama-3-1-8B-Instruct_w4a16_bnb_nf4_sentiment_L16_r5_COMPLETE_20260714|a-2.0|i159,SteerQuant_Meta-Llama-3-1-8B-Instruct_w4a16_bnb_nf4_sentiment_L16_r5_COMPLETE_20260714.json,meta-llama/Meta-Llama-3.1-8B-Instruct,w4a16_bnb_nf4,r5,-2.0,159,58,57,0,1,,57,1,False
SteerQuant_Meta-Llama-3-1-8B-Instruct_w4a16_bnb_nf4_sentiment_L16_r5_COMPLETE_20260714|a-2.0|i161,SteerQuant_Meta-Llama-3-1-8B-Instruct_w4a16_bnb_nf4_sentiment_L16_r5_COMPLETE_20260714.json,meta-llama/Meta-Llama-3.1-8B-Instruct,w4a16_bnb_nf4,r5,-2.0,161,146,2125,0,1,,2125,1,False
SteerQuant_Meta-Llama-3-1-8B-Instruct_w4a16_bnb_nf4_sentiment_L16_r5_COMPLETE_20260714|a-2.0|i181,SteerQuant_Meta-Llama-3-1-8B-Instruct_w4a16_bnb_nf4_sentiment_L16_r5_COMPLETE_20260714.json,meta-llama/Meta-Llama-3.1-8B-Instruct,w4a16_bnb_nf4,r5,-2.0,181,10,366,0,1,,366,1,False
SteerQuant_Meta-Llama-3-1-8B-Instruct_w4a16_bnb_nf4_sentiment_L16_r5_COMPLETE_20260714|a0.0|i19,SteerQuant_Meta-Llama-3-1-8B-Instruct_w4a16_bnb_nf4_sentiment_L16_r5_COMPLETE_20260714.json,meta-llama/Meta-Llama-3.1-8B-Instruct,w4a16_bnb_nf4,r5,0.0,19,158,34,0,1,,34,1,False
SteerQuant_Meta-Llama-3-1-8B-Instruct_w4a16_bnb_nf4_sentiment_L16_r5_COMPLETE_20260714|a0.0|i25,SteerQuant_Meta-Llama-3-1-8B-Instruct_w4a16_bnb_nf4_sentiment_L16_r5_COMPLETE_20260714.json,meta-llama/Meta-Llama-3.1-8B-Instruct,w4a16_bnb_nf4,r5,0.0,25,98,5,0,1,,5,1,False
SteerQuant_Meta-Llama-3-1-8B-Instruct_w4a16_bnb_nf4_sentiment_L16_r5_COMPLETE_20260714|a0.0|i26,SteerQuant_Meta-Llama-3-1-8B-Instruct_w4a16_bnb_nf4_sentiment_L16_r5_COMPLETE_20260714.json,meta-llama/Meta-Llama-3.1-8B-Instruct,w4a16_bnb_nf4,r5,0.0,26,5,64,0,1,,64,1,False
SteerQuant_Meta-Llama-3-1-8B-Instruct_w4a16_bnb_nf4_sentiment_L16_r5_COMPLETE_20260714|a0.0|i36,SteerQuant_Meta-Llama-3-1-8B-Instruct_w4a16_bnb_nf4_sentiment_L16_r5_COMPLETE_20260714.json,meta-llama/Meta-Llama-3.1-8B-Instruct,w4a16_bnb_nf4,r5,0.0,36,6,260,0,1,,260,1,False
SteerQuant_Meta-Llama-3-1-8B-Instruct_w4a16_bnb_nf4_sentiment_L16_r5_COMPLETE_20260714|a0.0|i42,SteerQuant_Meta-Llama-3-1-8B-Instruct_w4a16_bnb_nf4_sentiment_L16_r5_COMPLETE_20260714.json,meta-llama/Meta-Llama-3.1-8B-Instruct,w4a16_bnb_nf4,r5,0.0,42,124,10,0,1,,10,1,False
SteerQuant_Meta-Llama-3-1-8B-Instruct_w4a16_bnb_nf4_sentiment_L16_r5_COMPLETE_20260714|a0.0|i54,SteerQuant_Meta-Llama-3-1-8B-Instruct_w4a16_bnb_nf4_sentiment_L16_r5_COMPLETE_20260714.json,meta-llama/Meta-Llama-3.1-8B-Instruct,w4a16_bnb_nf4,r5,0.0,54,188,50,0,1,,50,1,False
SteerQuant_Meta-Llama-3-1-8B-Instruct_w4a16_bnb_nf4_sentiment_L16_r5_COMPLETE_20260714|a0.0|i59,SteerQuant_Meta-Llama-3-1-8B-Instruct_w4a16_bnb_nf4_sentiment_L16_r5_COMPLETE_20260714.json,meta-llama/Meta-Llama-3.1-8B-Instruct,w4a16_bnb_nf4,r5,0.0,59,174,95,0,1,,95,1,False
SteerQuant_Meta-Llama-3-1-8B-Instruct_w4a16_bnb_nf4_sentiment_L16_r5_COMPLETE_20260714|a0.0|i65,SteerQuant_Meta-Llama-3-1-8B-Instruct_w4a16_bnb_nf4_sentiment_L16_r5_COMPLETE_20260714.json,meta-llama/Meta-Llama-3.1-8B-Instruct,w4a16_bnb_nf4,r5,0.0,65,130,30,0,1,,30,1,False
SteerQuant_Meta-Llama-3-1-8B-Instruct_w4a16_bnb_nf4_sentiment_L16_r5_COMPLETE_20260714|a0.0|i74,SteerQuant_Meta-Llama-3-1-8B-Instruct_w4a16_bnb_nf4_sentiment_L16_r5_COMPLETE_20260714.json,meta-llama/Meta-Llama-3.1-8B-Instruct,w4a16_bnb_nf4,r5,0.0,74,81,17,0,1,,17,1,False
SteerQuant_Meta-Llama-3-1-8B-Instruct_w4a16_bnb_nf4_sentiment_L16_r5_COMPLETE_20260714|a0.0|i77,SteerQuant_Meta-Llama-3-1-8B-Instruct_w4a16_bnb_nf4_sentiment_L16_r5_COMPLETE_20260714.json,meta-llama/Meta-Llama-3.1-8B-Instruct,w4a16_bnb_nf4,r5,0.0,77,188,50,0,1,,50,1,False
SteerQuant_Meta-Llama-3-1-8B-Instruct_w4a16_bnb_nf4_sentiment_L16_r5_COMPLETE_20260714|a0.0|i86,SteerQuant_Meta-Llama-3-1-8B-Instruct_w4a16_bnb_nf4_sentiment_L16_r5_COMPLETE_20260714.json,meta-llama/Meta-Llama-3.1-8B-Instruct,w4a16_bnb_nf4,r5,0.0,86,58,57,0,1,,57,1,False
SteerQuant_Meta-Llama-3-1-8B-Instruct_w4a16_bnb_nf4_sentiment_L16_r5_COMPLETE_20260714|a0.0|i120,SteerQuant_Meta-Llama-3-1-8B-Instruct_w4a16_bnb_nf4_sentiment_L16_r5_COMPLETE_20260714.json,meta-llama/Meta-Llama-3.1-8B-Instruct,w4a16_bnb_nf4,r5,0.0,120,17,57500,0,1,,57500,1,False
SteerQuant_Meta-Llama-3-1-8B-Instruct_w4a16_bnb_nf4_sentiment_L16_r5_COMPLETE_20260714|a0.0|i124,SteerQuant_Meta-Llama-3-1-8B-Instruct_w4a16_bnb_nf4_sentiment_L16_r5_COMPLETE_20260714.json,meta-llama/Meta-Llama-3.1-8B-Instruct,w4a16_bnb_nf4,r5,0.0,124,159,15,0,1,,15,1,False
SteerQuant_Meta-Llama-3-1-8B-Instruct_w4a16_bnb_nf4_sentiment_L16_r5_COMPLETE_20260714|a0.0|i127,SteerQuant_Meta-Llama-3-1-8B-Instruct_w4a16_bnb_nf4_sentiment_L16_r5_COMPLETE_20260714.json,meta-llama/Meta-Llama-3.1-8B-Instruct,w4a16_bnb_nf4,r5,0.0,127,58,57,0,1,,57,1,False
SteerQuant_Meta-Llama-3-1-8B-Instruct_w4a16_bnb_nf4_sentiment_L16_r5_COMPLETE_20260714|a0.0|i138,SteerQuant_Meta-Llama-3-1-8B-Instruct_w4a16_bnb_nf4_sentiment_L16_r5_COMPLETE_20260714.json,meta-llama/Meta-Llama-3.1-8B-Instruct,w4a16_bnb_nf4,r5,0.0,138,190,360,0,1,,360,1,False
SteerQuant_Meta-Llama-3-1-8B-Instruct_w4a16_bnb_nf4_sentiment_L16_r5_COMPLETE_20260714|a0.0|i146,SteerQuant_Meta-Llama-3-1-8B-Instruct_w4a16_bnb_nf4_sentiment_L16_r5_COMPLETE_20260714.json,meta-llama/Meta-Llama-3.1-8B-Instruct,w4a16_bnb_nf4,r5,0.0,146,198,320,0,1,,320,1,False
SteerQuant_Meta-Llama-3-1-8B-Instruct_w4a16_bnb_nf4_sentiment_L16_r5_COMPLETE_20260714|a0.0|i159,SteerQuant_Meta-Llama-3-1-8B-Instruct_w4a16_bnb_nf4_sentiment_L16_r5_COMPLETE_20260714.json,meta-llama/Meta-Llama-3.1-8B-Instruct,w4a16_bnb_nf4,r5,0.0,159,58,57,0,1,,57,1,False
SteerQuant_Meta-Llama-3-1-8B-Instruct_w4a16_bnb_nf4_sentiment_L16_r5_COMPLETE_20260714|a0.0|i161,SteerQuant_Meta-Llama-3-1-8B-Instruct_w4a16_bnb_nf4_sentiment_L16_r5_COMPLETE_20260714.json,meta-llama/Meta-Llama-3.1-8B-Instruct,w4a16_bnb_nf4,r5,0.0,161,146,2125,0,1,,2125,1,False
SteerQuant_Meta-Llama-3-1-8B-Instruct_w4a16_bnb_nf4_sentiment_L16_r5_COMPLETE_20260714|a0.0|i189,SteerQuant_Meta-Llama-3-1-8B-Instruct_w4a16_bnb_nf4_sentiment_L16_r5_COMPLETE_20260714.json,meta-llama/Meta-Llama-3.1-8B-Instruct,w4a16_bnb_nf4,r5,0.0,189,152,4,0,1,,4,1,False
SteerQuant_Meta-Llama-3-1-8B-Instruct_w8a16_bnb_int8_sentiment_L16_r1_COMPLETE_20260714|a0.0|i17,SteerQuant_Meta-Llama-3-1-8B-Instruct_w8a16_bnb_int8_sentiment_L16_r1_COMPLETE_20260714.json,meta-llama/Meta-Llama-3.1-8B-Instruct,w8a16_bnb_int8,r1,0.0,17,122,48,0,1,,48,1,False
SteerQuant_Meta-Llama-3-1-8B-Instruct_w8a16_bnb_int8_sentiment_L16_r1_COMPLETE_20260714|a0.0|i18,SteerQuant_Meta-Llama-3-1-8B-Instruct_w8a16_bnb_int8_sentiment_L16_r1_COMPLETE_20260714.json,meta-llama/Meta-Llama-3.1-8B-Instruct,w8a16_bnb_int8,r1,0.0,18,198,320,0,1,,320,1,False
SteerQuant_Meta-Llama-3-1-8B-Instruct_w8a16_bnb_int8_sentiment_L16_r1_COMPLETE_20260714|a0.0|i20,SteerQuant_Meta-Llama-3-1-8B-Instruct_w8a16_bnb_int8_sentiment_L16_r1_COMPLETE_20260714.json,meta-llama/Meta-Llama-3.1-8B-Instruct,w8a16_bnb_int8,r1,0.0,20,10,366,0,1,,366,1,False
SteerQuant_Meta-Llama-3-1-8B-Instruct_w8a16_bnb_int8_sentiment_L16_r1_COMPLETE_20260714|a0.0|i25,SteerQuant_Meta-Llama-3-1-8B-Instruct_w8a16_bnb_int8_sentiment_L16_r1_COMPLETE_20260714.json,meta-llama/Meta-Llama-3.1-8B-Instruct,w8a16_bnb_int8,r1,0.0,25,122,48,0,1,,48,1,False
SteerQuant_Meta-Llama-3-1-8B-Instruct_w8a16_bnb_int8_sentiment_L16_r1_COMPLETE_20260714|a0.0|i31,SteerQuant_Meta-Llama-3-1-8B-Instruct_w8a16_bnb_int8_sentiment_L16_r1_COMPLETE_20260714.json,meta-llama/Meta-Llama-3.1-8B-Instruct,w8a16_bnb_int8,r1,0.0,31,10,366,0,1,,366,1,False
SteerQuant_Meta-Llama-3-1-8B-Instruct_w8a16_bnb_int8_sentiment_L16_r1_COMPLETE_20260714|a0.0|i32,SteerQuant_Meta-Llama-3-1-8B-Instruct_w8a16_bnb_int8_sentiment_L16_r1_COMPLETE_20260714.json,meta-llama/Meta-Llama-3.1-8B-Instruct,w8a16_bnb_int8,r1,0.0,32,172,51,0,1,,51,1,False
SteerQuant_Meta-Llama-3-1-8B-Instruct_w8a16_bnb_int8_sentiment_L16_r1_COMPLETE_20260714|a0.0|i38,SteerQuant_Meta-Llama-3-1-8B-Instruct_w8a16_bnb_int8_sentiment_L16_r1_COMPLETE_20260714.json,meta-llama/Meta-Llama-3.1-8B-Instruct,w8a16_bnb_int8,r1,0.0,38,181,160,0,1,,160,1,False
SteerQuant_Meta-Llama-3-1-8B-Instruct_w8a16_bnb_int8_sentiment_L16_r1_COMPLETE_20260714|a0.0|i45,SteerQuant_Meta-Llama-3-1-8B-Instruct_w8a16_bnb_int8_sentiment_L16_r1_COMPLETE_20260714.json,meta-llama/Meta-Llama-3.1-8B-Instruct,w8a16_bnb_int8,r1,0.0,45,187,106,0,1,,106,1,False
SteerQuant_Meta-Llama-3-1-8B-Instruct_w8a16_bnb_int8_sentiment_L16_r1_COMPLETE_20260714|a0.0|i57,SteerQuant_Meta-Llama-3-1-8B-Instruct_w8a16_bnb_int8_sentiment_L16_r1_COMPLETE_20260714.json,meta-llama/Meta-Llama-3.1-8B-Instruct,w8a16_bnb_int8,r1,0.0,57,111,16,0,1,,16,1,False
SteerQuant_Meta-Llama-3-1-8B-Instruct_w8a16_bnb_int8_sentiment_L16_r1_COMPLETE_20260714|a0.0|i61,SteerQuant_Meta-Llama-3-1-8B-Instruct_w8a16_bnb_int8_sentiment_L16_r1_COMPLETE_20260714.json,meta-llama/Meta-Llama-3.1-8B-Instruct,w8a16_bnb_int8,r1,0.0,61,30,109,0,1,,109,1,False
SteerQuant_Meta-Llama-3-1-8B-Instruct_w8a16_bnb_int8_sentiment_L16_r1_COMPLETE_20260714|a0.0|i62,SteerQuant_Meta-Llama-3-1-8B-Instruct_w8a16_bnb_int8_sentiment_L16_r1_COMPLETE_20260714.json,meta-llama/Meta-Llama-3.1-8B-Instruct,w8a16_bnb_int8,r1,0.0,62,181,160,0,1,,160,1,False
SteerQuant_Meta-Llama-3-1-8B-Instruct_w8a16_bnb_int8_sentiment_L16_r1_COMPLETE_20260714|a0.0|i63,SteerQuant_Meta-Llama-3-1-8B-Instruct_w8a16_bnb_int8_sentiment_L16_r1_COMPLETE_20260714.json,meta-llama/Meta-Llama-3.1-8B-Instruct,w8a16_bnb_int8,r1,0.0,63,56,3,0,1,,3,1,False
SteerQuant_Meta-Llama-3-1-8B-Instruct_w8a16_bnb_int8_sentiment_L16_r1_COMPLETE_20260714|a0.0|i71,SteerQuant_Meta-Llama-3-1-8B-Instruct_w8a16_bnb_int8_sentiment_L16_r1_COMPLETE_20260714.json,meta-llama/Meta-Llama-3.1-8B-Instruct,w8a16_bnb_int8,r1,0.0,71,54,40,0,1,,40,1,False
SteerQuant_Meta-Llama-3-1-8B-Instruct_w8a16_bnb_int8_sentiment_L16_r1_COMPLETE_20260714|a0.0|i72,SteerQuant_Meta-Llama-3-1-8B-Instruct_w8a16_bnb_int8_sentiment_L16_r1_COMPLETE_20260714.json,meta-llama/Meta-Llama-3.1-8B-Instruct,w8a16_bnb_int8,r1,0.0,72,146,2125,0,1,,2125,1,False
SteerQuant_Meta-Llama-3-1-8B-Instruct_w8a16_bnb_int8_sentiment_L16_r1_COMPLETE_20260714|a0.0|i114,SteerQuant_Meta-Llama-3-1-8B-Instruct_w8a16_bnb_int8_sentiment_L16_r1_COMPLETE_20260714.json,meta-llama/Meta-Llama-3.1-8B-Instruct,w8a16_bnb_int8,r1,0.0,114,23,8,0,1,,8,1,False
SteerQuant_Meta-Llama-3-1-8B-Instruct_w8a16_bnb_int8_sentiment_L16_r1_COMPLETE_20260714|a0.0|i122,SteerQuant_Meta-Llama-3-1-8B-Instruct_w8a16_bnb_int8_sentiment_L16_r1_COMPLETE_20260714.json,meta-llama/Meta-Llama-3.1-8B-Instruct,w8a16_bnb_int8,r1,0.0,122,181,160,0,1,,160,1,False
SteerQuant_Meta-Llama-3-1-8B-Instruct_w8a16_bnb_int8_sentiment_L16_r1_COMPLETE_20260714|a0.0|i123,SteerQuant_Meta-Llama-3-1-8B-Instruct_w8a16_bnb_int8_sentiment_L16_r1_COMPLETE_20260714.json,meta-llama/Meta-Llama-3.1-8B-Instruct,w8a16_bnb_int8,r1,0.0,123,55,14,0,1,,14,1,False
SteerQuant_Meta-Llama-3-1-8B-Instruct_w8a16_bnb_int8_sentiment_L16_r1_COMPLETE_20260714|a0.0|i130,SteerQuant_Meta-Llama-3-1-8B-Instruct_w8a16_bnb_int8_sentiment_L16_r1_COMPLETE_20260714.json,meta-llama/Meta-Llama-3.1-8B-Instruct,w8a16_bnb_int8,r1,0.0,130,30,109,0,1,,109,1,False
SteerQuant_Meta-Llama-3-1-8B-Instruct_w8a16_bnb_int8_sentiment_L16_r1_COMPLETE_20260714|a0.0|i138,SteerQuant_Meta-Llama-3-1-8B-Instruct_w8a16_bnb_int8_sentiment_L16_r1_COMPLETE_20260714.json,meta-llama/Meta-Llama-3.1-8B-Instruct,w8a16_bnb_int8,r1,0.0,138,124,10,0,1,,10,1,False
SteerQuant_Meta-Llama-3-1-8B-Instruct_w8a16_bnb_int8_sentiment_L16_r1_COMPLETE_20260714|a0.0|i139,SteerQuant_Meta-Llama-3-1-8B-Instruct_w8a16_bnb_int8_sentiment_L16_r1_COMPLETE_20260714.json,meta-llama/Meta-Llama-3.1-8B-Instruct,w8a16_bnb_int8,r1,0.0,139,33,70,0,1,,70,1,False
SteerQuant_Meta-Llama-3-1-8B-Instruct_w8a16_bnb_int8_sentiment_L16_r1_COMPLETE_20260714|a0.0|i141,SteerQuant_Meta-Llama-3-1-8B-Instruct_w8a16_bnb_int8_sentiment_L16_r1_COMPLETE_20260714.json,meta-llama/Meta-Llama-3.1-8B-Instruct,w8a16_bnb_int8,r1,0.0,141,149,16,0,1,,16,1,False
SteerQuant_Meta-Llama-3-1-8B-Instruct_w8a16_bnb_int8_sentiment_L16_r1_COMPLETE_20260714|a0.0|i143,SteerQuant_Meta-Llama-3-1-8B-Instruct_w8a16_bnb_int8_sentiment_L16_r1_COMPLETE_20260714.json,meta-llama/Meta-Llama-3.1-8B-Instruct,w8a16_bnb_int8,r1,0.0,143,149,16,0,1,,16,1,False
SteerQuant_Meta-Llama-3-1-8B-Instruct_w8a16_bnb_int8_sentiment_L16_r1_COMPLETE_20260714|a0.0|i144,SteerQuant_Meta-Llama-3-1-8B-Instruct_w8a16_bnb_int8_sentiment_L16_r1_COMPLETE_20260714.json,meta-llama/Meta-Llama-3.1-8B-Instruct,w8a16_bnb_int8,r1,0.0,144,124,10,0,1,,10,1,False
SteerQuant_Meta-Llama-3-1-8B-Instruct_w8a16_bnb_int8_sentiment_L16_r1_COMPLETE_20260714|a0.0|i149,SteerQuant_Meta-Llama-3-1-8B-Instruct_w8a16_bnb_int8_sentiment_L16_r1_COMPLETE_20260714.json,meta-llama/Meta-Llama-3.1-8B-Instruct,w8a16_bnb_int8,r1,0.0,149,57,83,0,1,,83,1,False
SteerQuant_Meta-Llama-3-1-8B-Instruct_w8a16_bnb_int8_sentiment_L16_r1_COMPLETE_20260714|a0.0|i160,SteerQuant_Meta-Llama-3-1-8B-Instruct_w8a16_bnb_int8_sentiment_L16_r1_COMPLETE_20260714.json,meta-llama/Meta-Llama-3.1-8B-Instruct,w8a16_bnb_int8,r1,0.0,160,36,75,0,1,,75,1,False
SteerQuant_Meta-Llama-3-1-8B-Instruct_w8a16_bnb_int8_sentiment_L16_r1_COMPLETE_20260714|a0.0|i170,SteerQuant_Meta-Llama-3-1-8B-Instruct_w8a16_bnb_int8_sentiment_L16_r1_COMPLETE_20260714.json,meta-llama/Meta-Llama-3.1-8B-Instruct,w8a16_bnb_int8,r1,0.0,170,122,48,0,1,,48,1,False
SteerQuant_Meta-Llama-3-1-8B-Instruct_w8a16_bnb_int8_sentiment_L16_r1_COMPLETE_20260714|a0.0|i175,SteerQuant_Meta-Llama-3-1-8B-Instruct_w8a16_bnb_int8_sentiment_L16_r1_COMPLETE_20260714.json,meta-llama/Meta-Llama-3.1-8B-Instruct,w8a16_bnb_int8,r1,0.0,175,198,320,0,1,,320,1,False
SteerQuant_Meta-Llama-3-1-8B-Instruct_w8a16_bnb_int8_sentiment_L16_r1_COMPLETE_20260714|a0.0|i178,SteerQuant_Meta-Llama-3-1-8B-Instruct_w8a16_bnb_int8_sentiment_L16_r1_COMPLETE_20260714.json,meta-llama/Meta-Llama-3.1-8B-Instruct,w8a16_bnb_int8,r1,0.0,178,195,12,0,1,,12,1,False
SteerQuant_Meta-Llama-3-1-8B-Instruct_w8a16_bnb_int8_sentiment_L16_r1_COMPLETE_20260714|a0.0|i179,SteerQuant_Meta-Llama-3-1-8B-Instruct_w8a16_bnb_int8_sentiment_L16_r1_COMPLETE_20260714.json,meta-llama/Meta-Llama-3.1-8B-Instruct,w8a16_bnb_int8,r1,0.0,179,198,320,0,1,,320,1,False
SteerQuant_Meta-Llama-3-1-8B-Instruct_w8a16_bnb_int8_sentiment_L16_r1_COMPLETE_20260714|a0.0|i183,SteerQuant_Meta-Llama-3-1-8B-Instruct_w8a16_bnb_int8_sentiment_L16_r1_COMPLETE_20260714.json,meta-llama/Meta-Llama-3.1-8B-Instruct,w8a16_bnb_int8,r1,0.0,183,161,32,0,1,,32,1,False
SteerQuant_Meta-Llama-3-1-8B-Instruct_w8a16_bnb_int8_sentiment_L16_r1_COMPLETE_20260714|a0.0|i198,SteerQuant_Meta-Llama-3-1-8B-Instruct_w8a16_bnb_int8_sentiment_L16_r1_COMPLETE_20260714.json,meta-llama/Meta-Llama-3.1-8B-Instruct,w8a16_bnb_int8,r1,0.0,198,21,14,0,1,,14,1,False
SteerQuant_Meta-Llama-3-1-8B-Instruct_w8a16_bnb_int8_sentiment_L16_r1_COMPLETE_20260714|a2.0|i18,SteerQuant_Meta-Llama-3-1-8B-Instruct_w8a16_bnb_int8_sentiment_L16_r1_COMPLETE_20260714.json,meta-llama/Meta-Llama-3.1-8B-Instruct,w8a16_bnb_int8,r1,2.0,18,198,320,0,1,,320,1,False
SteerQuant_Meta-Llama-3-1-8B-Instruct_w8a16_bnb_int8_sentiment_L16_r1_COMPLETE_20260714|a2.0|i20,SteerQuant_Meta-Llama-3-1-8B-Instruct_w8a16_bnb_int8_sentiment_L16_r1_COMPLETE_20260714.json,meta-llama/Meta-Llama-3.1-8B-Instruct,w8a16_bnb_int8,r1,2.0,20,10,366,0,1,,366,1,False
SteerQuant_Meta-Llama-3-1-8B-Instruct_w8a16_bnb_int8_sentiment_L16_r1_COMPLETE_20260714|a2.0|i31,SteerQuant_Meta-Llama-3-1-8B-Instruct_w8a16_bnb_int8_sentiment_L16_r1_COMPLETE_20260714.json,meta-llama/Meta-Llama-3.1-8B-Instruct,w8a16_bnb_int8,r1,2.0,31,10,366,0,1,,366,1,False
SteerQuant_Meta-Llama-3-1-8B-Instruct_w8a16_bnb_int8_sentiment_L16_r1_COMPLETE_20260714|a2.0|i32,SteerQuant_Meta-Llama-3-1-8B-Instruct_w8a16_bnb_int8_sentiment_L16_r1_COMPLETE_20260714.json,meta-llama/Meta-Llama-3.1-8B-Instruct,w8a16_bnb_int8,r1,2.0,32,172,51,0,1,,51,1,False
SteerQuant_Meta-Llama-3-1-8B-Instruct_w8a16_bnb_int8_sentiment_L16_r1_COMPLETE_20260714|a2.0|i35,SteerQuant_Meta-Llama-3-1-8B-Instruct_w8a16_bnb_int8_sentiment_L16_r1_COMPLETE_20260714.json,meta-llama/Meta-Llama-3.1-8B-Instruct,w8a16_bnb_int8,r1,2.0,35,195,12,0,1,,12,1,False
SteerQuant_Meta-Llama-3-1-8B-Instruct_w8a16_bnb_int8_sentiment_L16_r1_COMPLETE_20260714|a2.0|i36,SteerQuant_Meta-Llama-3-1-8B-Instruct_w8a16_bnb_int8_sentiment_L16_r1_COMPLETE_20260714.json,meta-llama/Meta-Llama-3.1-8B-Instruct,w8a16_bnb_int8,r1,2.0,36,16,230,0,1,,230,1,False
SteerQuant_Meta-Llama-3-1-8B-Instruct_w8a16_bnb_int8_sentiment_L16_r1_COMPLETE_20260714|a2.0|i37,SteerQuant_Meta-Llama-3-1-8B-Instruct_w8a16_bnb_int8_sentiment_L16_r1_COMPLETE_20260714.json,meta-llama/Meta-Llama-3.1-8B-Instruct,w8a16_bnb_int8,r1,2.0,37,167,16,0,1,,16,1,False
SteerQuant_Meta-Llama-3-1-8B-Instruct_w8a16_bnb_int8_sentiment_L16_r1_COMPLETE_20260714|a2.0|i38,SteerQuant_Meta-Llama-3-1-8B-Instruct_w8a16_bnb_int8_sentiment_L16_r1_COMPLETE_20260714.json,meta-llama/Meta-Llama-3.1-8B-Instruct,w8a16_bnb_int8,r1,2.0,38,181,160,0,1,,160,1,False
SteerQuant_Meta-Llama-3-1-8B-Instruct_w8a16_bnb_int8_sentiment_L16_r1_COMPLETE_20260714|a2.0|i54,SteerQuant_Meta-Llama-3-1-8B-Instruct_w8a16_bnb_int8_sentiment_L16_r1_COMPLETE_20260714.json,meta-llama/Meta-Llama-3.1-8B-Instruct,w8a16_bnb_int8,r1,2.0,54,136,6,0,1,,6,1,False
SteerQuant_Meta-Llama-3-1-8B-Instruct_w8a16_bnb_int8_sentiment_L16_r1_COMPLETE_20260714|a2.0|i57,SteerQuant_Meta-Llama-3-1-8B-Instruct_w8a16_bnb_int8_sentiment_L16_r1_COMPLETE_20260714.json,meta-llama/Meta-Llama-3.1-8B-Instruct,w8a16_bnb_int8,r1,2.0,57,111,16,0,1,,16,1,False
SteerQuant_Meta-Llama-3-1-8B-Instruct_w8a16_bnb_int8_sentiment_L16_r1_COMPLETE_20260714|a2.0|i59,SteerQuant_Meta-Llama-3-1-8B-Instruct_w8a16_bnb_int8_sentiment_L16_r1_COMPLETE_20260714.json,meta-llama/Meta-Llama-3.1-8B-Instruct,w8a16_bnb_int8,r1,2.0,59,21,14,0,1,,14,1,False
SteerQuant_Meta-Llama-3-1-8B-Instruct_w8a16_bnb_int8_sentiment_L16_r1_COMPLETE_20260714|a2.0|i61,SteerQuant_Meta-Llama-3-1-8B-Instruct_w8a16_bnb_int8_sentiment_L16_r1_COMPLETE_20260714.json,meta-llama/Meta-Llama-3.1-8B-Instruct,w8a16_bnb_int8,r1,2.0,61,30,109,0,1,,109,1,False
SteerQuant_Meta-Llama-3-1-8B-Instruct_w8a16_bnb_int8_sentiment_L16_r1_COMPLETE_20260714|a2.0|i62,SteerQuant_Meta-Llama-3-1-8B-Instruct_w8a16_bnb_int8_sentiment_L16_r1_COMPLETE_20260714.json,meta-llama/Meta-Llama-3.1-8B-Instruct,w8a16_bnb_int8,r1,2.0,62,181,160,0,1,,160,1,False
SteerQuant_Meta-Llama-3-1-8B-Instruct_w8a16_bnb_int8_sentiment_L16_r1_COMPLETE_20260714|a2.0|i72,SteerQuant_Meta-Llama-3-1-8B-Instruct_w8a16_bnb_int8_sentiment_L16_r1_COMPLETE_20260714.json,meta-llama/Meta-Llama-3.1-8B-Instruct,w8a16_bnb_int8,r1,2.0,72,146,2125,0,1,,2125,1,False
SteerQuant_Meta-Llama-3-1-8B-Instruct_w8a16_bnb_int8_sentiment_L16_r1_COMPLETE_20260714|a2.0|i95,SteerQuant_Meta-Llama-3-1-8B-Instruct_w8a16_bnb_int8_sentiment_L16_r1_COMPLETE_20260714.json,meta-llama/Meta-Llama-3.1-8B-Instruct,w8a16_bnb_int8,r1,2.0,95,161,32,0,1,,32,1,False
SteerQuant_Meta-Llama-3-1-8B-Instruct_w8a16_bnb_int8_sentiment_L16_r1_COMPLETE_20260714|a2.0|i98,SteerQuant_Meta-Llama-3-1-8B-Instruct_w8a16_bnb_int8_sentiment_L16_r1_COMPLETE_20260714.json,meta-llama/Meta-Llama-3.1-8B-Instruct,w8a16_bnb_int8,r1,2.0,98,146,2125,0,1,,2125,1,False
SteerQuant_Meta-Llama-3-1-8B-Instruct_w8a16_bnb_int8_sentiment_L16_r1_COMPLETE_20260714|a2.0|i114,SteerQuant_Meta-Llama-3-1-8B-Instruct_w8a16_bnb_int8_sentiment_L16_r1_COMPLETE_20260714.json,meta-llama/Meta-Llama-3.1-8B-Instruct,w8a16_bnb_int8,r1,2.0,114,23,8,0,1,,8,1,False
SteerQuant_Meta-Llama-3-1-8B-Instruct_w8a16_bnb_int8_sentiment_L16_r1_COMPLETE_20260714|a2.0|i122,SteerQuant_Meta-Llama-3-1-8B-Instruct_w8a16_bnb_int8_sentiment_L16_r1_COMPLETE_20260714.json,meta-llama/Meta-Llama-3.1-8B-Instruct,w8a16_bnb_int8,r1,2.0,122,181,160,0,1,,160,1,False
SteerQuant_Meta-Llama-3-1-8B-Instruct_w8a16_bnb_int8_sentiment_L16_r1_COMPLETE_20260714|a2.0|i123,SteerQuant_Meta-Llama-3-1-8B-Instruct_w8a16_bnb_int8_sentiment_L16_r1_COMPLETE_20260714.json,meta-llama/Meta-Llama-3.1-8B-Instruct,w8a16_bnb_int8,r1,2.0,123,55,14,0,1,,14,1,False
SteerQuant_Meta-Llama-3-1-8B-Instruct_w8a16_bnb_int8_sentiment_L16_r1_COMPLETE_20260714|a2.0|i124,SteerQuant_Meta-Llama-3-1-8B-Instruct_w8a16_bnb_int8_sentiment_L16_r1_COMPLETE_20260714.json,meta-llama/Meta-Llama-3.1-8B-Instruct,w8a16_bnb_int8,r1,2.0,124,120,240,0,1,,240,1,False
SteerQuant_Meta-Llama-3-1-8B-Instruct_w8a16_bnb_int8_sentiment_L16_r1_COMPLETE_20260714|a2.0|i128,SteerQuant_Meta-Llama-3-1-8B-Instruct_w8a16_bnb_int8_sentiment_L16_r1_COMPLETE_20260714.json,meta-llama/Meta-Llama-3.1-8B-Instruct,w8a16_bnb_int8,r1,2.0,128,90,225,0,1,,225,1,False
SteerQuant_Meta-Llama-3-1-8B-Instruct_w8a16_bnb_int8_sentiment_L16_r1_COMPLETE_20260714|a2.0|i130,SteerQuant_Meta-Llama-3-1-8B-Instruct_w8a16_bnb_int8_sentiment_L16_r1_COMPLETE_20260714.json,meta-llama/Meta-Llama-3.1-8B-Instruct,w8a16_bnb_int8,r1,2.0,130,30,109,0,1,,109,1,False
SteerQuant_Meta-Llama-3-1-8B-Instruct_w8a16_bnb_int8_sentiment_L16_r1_COMPLETE_20260714|a2.0|i136,SteerQuant_Meta-Llama-3-1-8B-Instruct_w8a16_bnb_int8_sentiment_L16_r1_COMPLETE_20260714.json,meta-llama/Meta-Llama-3.1-8B-Instruct,w8a16_bnb_int8,r1,2.0,136,116,42,0,1,,42,1,False
SteerQuant_Meta-Llama-3-1-8B-Instruct_w8a16_bnb_int8_sentiment_L16_r1_COMPLETE_20260714|a2.0|i138,SteerQuant_Meta-Llama-3-1-8B-Instruct_w8a16_bnb_int8_sentiment_L16_r1_COMPLETE_20260714.json,meta-llama/Meta-Llama-3.1-8B-Instruct,w8a16_bnb_int8,r1,2.0,138,124,10,0,1,,10,1,False
SteerQuant_Meta-Llama-3-1-8B-Instruct_w8a16_bnb_int8_sentiment_L16_r1_COMPLETE_20260714|a2.0|i142,SteerQuant_Meta-Llama-3-1-8B-Instruct_w8a16_bnb_int8_sentiment_L16_r1_COMPLETE_20260714.json,meta-llama/Meta-Llama-3.1-8B-Instruct,w8a16_bnb_int8,r1,2.0,142,67,595,0,1,,595,1,False
SteerQuant_Meta-Llama-3-1-8B-Instruct_w8a16_bnb_int8_sentiment_L16_r1_COMPLETE_20260714|a2.0|i150,SteerQuant_Meta-Llama-3-1-8B-Instruct_w8a16_bnb_int8_sentiment_L16_r1_COMPLETE_20260714.json,meta-llama/Meta-Llama-3.1-8B-Instruct,w8a16_bnb_int8,r1,2.0,150,157,80,0,1,,80,1,False
SteerQuant_Meta-Llama-3-1-8B-Instruct_w8a16_bnb_int8_sentiment_L16_r1_COMPLETE_20260714|a2.0|i160,SteerQuant_Meta-Llama-3-1-8B-Instruct_w8a16_bnb_int8_sentiment_L16_r1_COMPLETE_20260714.json,meta-llama/Meta-Llama-3.1-8B-Instruct,w8a16_bnb_int8,r1,2.0,160,36,75,0,1,,75,1,False
SteerQuant_Meta-Llama-3-1-8B-Instruct_w8a16_bnb_int8_sentiment_L16_r1_COMPLETE_20260714|a2.0|i170,SteerQuant_Meta-Llama-3-1-8B-Instruct_w8a16_bnb_int8_sentiment_L16_r1_COMPLETE_20260714.json,meta-llama/Meta-Llama-3.1-8B-Instruct,w8a16_bnb_int8,r1,2.0,170,122,48,0,1,,48,1,False
SteerQuant_Meta-Llama-3-1-8B-Instruct_w8a16_bnb_int8_sentiment_L16_r1_COMPLETE_20260714|a2.0|i178,SteerQuant_Meta-Llama-3-1-8B-Instruct_w8a16_bnb_int8_sentiment_L16_r1_COMPLETE_20260714.json,meta-llama/Meta-Llama-3.1-8B-Instruct,w8a16_bnb_int8,r1,2.0,178,195,12,0,1,,12,1,False
SteerQuant_Meta-Llama-3-1-8B-Instruct_w8a16_bnb_int8_sentiment_L16_r1_COMPLETE_20260714|a2.0|i182,SteerQuant_Meta-Llama-3-1-8B-Instruct_w8a16_bnb_int8_sentiment_L16_r1_COMPLETE_20260714.json,meta-llama/Meta-Llama-3.1-8B-Instruct,w8a16_bnb_int8,r1,2.0,182,97,12,0,1,,12,1,False
SteerQuant_Meta-Llama-3-1-8B-Instruct_w8a16_bnb_int8_sentiment_L16_r1_COMPLETE_20260714|a2.0|i183,SteerQuant_Meta-Llama-3-1-8B-Instruct_w8a16_bnb_int8_sentiment_L16_r1_COMPLETE_20260714.json,meta-llama/Meta-Llama-3.1-8B-Instruct,w8a16_bnb_int8,r1,2.0,183,161,32,0,1,,32,1,False
SteerQuant_Meta-Llama-3-1-8B-Instruct_w8a16_bnb_int8_sentiment_L16_r1_COMPLETE_20260714|a4.0|i6,SteerQuant_Meta-Llama-3-1-8B-Instruct_w8a16_bnb_int8_sentiment_L16_r1_COMPLETE_20260714.json,meta-llama/Meta-Llama-3.1-8B-Instruct,w8a16_bnb_int8,r1,4.0,6,41,200,0,1,,200,1,False
SteerQuant_Meta-Llama-3-1-8B-Instruct_w8a16_bnb_int8_sentiment_L16_r1_COMPLETE_20260714|a4.0|i13,SteerQuant_Meta-Llama-3-1-8B-Instruct_w8a16_bnb_int8_sentiment_L16_r1_COMPLETE_20260714.json,meta-llama/Meta-Llama-3.1-8B-Instruct,w8a16_bnb_int8,r1,4.0,13,117,360,0,1,,360,1,False
SteerQuant_Meta-Llama-3-1-8B-Instruct_w8a16_bnb_int8_sentiment_L16_r1_COMPLETE_20260714|a4.0|i18,SteerQuant_Meta-Llama-3-1-8B-Instruct_w8a16_bnb_int8_sentiment_L16_r1_COMPLETE_20260714.json,meta-llama/Meta-Llama-3.1-8B-Instruct,w8a16_bnb_int8,r1,4.0,18,198,320,0,1,,320,1,False
SteerQuant_Meta-Llama-3-1-8B-Instruct_w8a16_bnb_int8_sentiment_L16_r1_COMPLETE_20260714|a4.0|i22,SteerQuant_Meta-Llama-3-1-8B-Instruct_w8a16_bnb_int8_sentiment_L16_r1_COMPLETE_20260714.json,meta-llama/Meta-Llama-3.1-8B-Instruct,w8a16_bnb_int8,r1,4.0,22,194,10,0,1,,10,1,False
SteerQuant_Meta-Llama-3-1-8B-Instruct_w8a16_bnb_int8_sentiment_L16_r1_COMPLETE_20260714|a4.0|i23,SteerQuant_Meta-Llama-3-1-8B-Instruct_w8a16_bnb_int8_sentiment_L16_r1_COMPLETE_20260714.json,meta-llama/Meta-Llama-3.1-8B-Instruct,w8a16_bnb_int8,r1,4.0,23,92,4,0,1,,4,1,False
SteerQuant_Meta-Llama-3-1-8B-Instruct_w8a16_bnb_int8_sentiment_L16_r1_COMPLETE_20260714|a4.0|i29,SteerQuant_Meta-Llama-3-1-8B-Instruct_w8a16_bnb_int8_sentiment_L16_r1_COMPLETE_20260714.json,meta-llama/Meta-Llama-3.1-8B-Instruct,w8a16_bnb_int8,r1,4.0,29,49,30,0,1,,30,1,False
SteerQuant_Meta-Llama-3-1-8B-Instruct_w8a16_bnb_int8_sentiment_L16_r1_COMPLETE_20260714|a4.0|i35,SteerQuant_Meta-Llama-3-1-8B-Instruct_w8a16_bnb_int8_sentiment_L16_r1_COMPLETE_20260714.json,meta-llama/Meta-Llama-3.1-8B-Instruct,w8a16_bnb_int8,r1,4.0,35,195,12,0,1,,12,1,False
SteerQuant_Meta-Llama-3-1-8B-Instruct_w8a16_bnb_int8_sentiment_L16_r1_COMPLETE_20260714|a4.0|i37,SteerQuant_Meta-Llama-3-1-8B-Instruct_w8a16_bnb_int8_sentiment_L16_r1_COMPLETE_20260714.json,meta-llama/Meta-Llama-3.1-8B-Instruct,w8a16_bnb_int8,r1,4.0,37,167,16,0,1,,16,1,False
SteerQuant_Meta-Llama-3-1-8B-Instruct_w8a16_bnb_int8_sentiment_L16_r1_COMPLETE_20260714|a4.0|i38,SteerQuant_Meta-Llama-3-1-8B-Instruct_w8a16_bnb_int8_sentiment_L16_r1_COMPLETE_20260714.json,meta-llama/Meta-Llama-3.1-8B-Instruct,w8a16_bnb_int8,r1,4.0,38,181,160,0,1,,160,1,False
SteerQuant_Meta-Llama-3-1-8B-Instruct_w8a16_bnb_int8_sentiment_L16_r1_COMPLETE_20260714|a4.0|i45,SteerQuant_Meta-Llama-3-1-8B-Instruct_w8a16_bnb_int8_sentiment_L16_r1_COMPLETE_20260714.json,meta-llama/Meta-Llama-3.1-8B-Instruct,w8a16_bnb_int8,r1,4.0,45,187,106,0,1,,106,1,False
SteerQuant_Meta-Llama-3-1-8B-Instruct_w8a16_bnb_int8_sentiment_L16_r1_COMPLETE_20260714|a4.0|i48,SteerQuant_Meta-Llama-3-1-8B-Instruct_w8a16_bnb_int8_sentiment_L16_r1_COMPLETE_20260714.json,meta-llama/Meta-Llama-3.1-8B-Instruct,w8a16_bnb_int8,r1,4.0,48,42,26,0,1,,26,1,False
SteerQuant_Meta-Llama-3-1-8B-Instruct_w8a16_bnb_int8_sentiment_L16_r1_COMPLETE_20260714|a4.0|i54,SteerQuant_Meta-Llama-3-1-8B-Instruct_w8a16_bnb_int8_sentiment_L16_r1_COMPLETE_20260714.json,meta-llama/Meta-Llama-3.1-8B-Instruct,w8a16_bnb_int8,r1,4.0,54,136,6,0,1,,6,1,False
SteerQuant_Meta-Llama-3-1-8B-Instruct_w8a16_bnb_int8_sentiment_L16_r1_COMPLETE_20260714|a4.0|i57,SteerQuant_Meta-Llama-3-1-8B-Instruct_w8a16_bnb_int8_sentiment_L16_r1_COMPLETE_20260714.json,meta-llama/Meta-Llama-3.1-8B-Instruct,w8a16_bnb_int8,r1,4.0,57,111,16,0,1,,16,1,False
SteerQuant_Meta-Llama-3-1-8B-Instruct_w8a16_bnb_int8_sentiment_L16_r1_COMPLETE_20260714|a4.0|i58,SteerQuant_Meta-Llama-3-1-8B-Instruct_w8a16_bnb_int8_sentiment_L16_r1_COMPLETE_20260714.json,meta-llama/Meta-Llama-3.1-8B-Instruct,w8a16_bnb_int8,r1,4.0,58,27,16,0,1,,16,1,False
SteerQuant_Meta-Llama-3-1-8B-Instruct_w8a16_bnb_int8_sentiment_L16_r1_COMPLETE_20260714|a4.0|i59,SteerQuant_Meta-Llama-3-1-8B-Instruct_w8a16_bnb_int8_sentiment_L16_r1_COMPLETE_20260714.json,meta-llama/Meta-Llama-3.1-8B-Instruct,w8a16_bnb_int8,r1,4.0,59,21,14,0,1,,14,1,False
SteerQuant_Meta-Llama-3-1-8B-Instruct_w8a16_bnb_int8_sentiment_L16_r1_COMPLETE_20260714|a4.0|i61,SteerQuant_Meta-Llama-3-1-8B-Instruct_w8a16_bnb_int8_sentiment_L16_r1_COMPLETE_20260714.json,meta-llama/Meta-Llama-3.1-8B-Instruct,w8a16_bnb_int8,r1,4.0,61,30,109,0,1,,109,1,False
SteerQuant_Meta-Llama-3-1-8B-Instruct_w8a16_bnb_int8_sentiment_L16_r1_COMPLETE_20260714|a4.0|i62,SteerQuant_Meta-Llama-3-1-8B-Instruct_w8a16_bnb_int8_sentiment_L16_r1_COMPLETE_20260714.json,meta-llama/Meta-Llama-3.1-8B-Instruct,w8a16_bnb_int8,r1,4.0,62,181,160,0,1,,160,1,False
SteerQuant_Meta-Llama-3-1-8B-Instruct_w8a16_bnb_int8_sentiment_L16_r1_COMPLETE_20260714|a4.0|i65,SteerQuant_Meta-Llama-3-1-8B-Instruct_w8a16_bnb_int8_sentiment_L16_r1_COMPLETE_20260714.json,meta-llama/Meta-Llama-3.1-8B-Instruct,w8a16_bnb_int8,r1,4.0,65,64,300,0,1,,300,1,False
SteerQuant_Meta-Llama-3-1-8B-Instruct_w8a16_bnb_int8_sentiment_L16_r1_COMPLETE_20260714|a4.0|i70,SteerQuant_Meta-Llama-3-1-8B-Instruct_w8a16_bnb_int8_sentiment_L16_r1_COMPLETE_20260714.json,meta-llama/Meta-Llama-3.1-8B-Instruct,w8a16_bnb_int8,r1,4.0,70,22,7,0,1,,7,1,False
SteerQuant_Meta-Llama-3-1-8B-Instruct_w8a16_bnb_int8_sentiment_L16_r1_COMPLETE_20260714|a4.0|i72,SteerQuant_Meta-Llama-3-1-8B-Instruct_w8a16_bnb_int8_sentiment_L16_r1_COMPLETE_20260714.json,meta-llama/Meta-Llama-3.1-8B-Instruct,w8a16_bnb_int8,r1,4.0,72,146,2125,0,1,,2125,1,False
SteerQuant_Meta-Llama-3-1-8B-Instruct_w8a16_bnb_int8_sentiment_L16_r1_COMPLETE_20260714|a4.0|i78,SteerQuant_Meta-Llama-3-1-8B-Instruct_w8a16_bnb_int8_sentiment_L16_r1_COMPLETE_20260714.json,meta-llama/Meta-Llama-3.1-8B-Instruct,w8a16_bnb_int8,r1,4.0,78,78,6,0,1,,6,1,False
SteerQuant_Meta-Llama-3-1-8B-Instruct_w8a16_bnb_int8_sentiment_L16_r1_COMPLETE_20260714|a4.0|i79,SteerQuant_Meta-Llama-3-1-8B-Instruct_w8a16_bnb_int8_sentiment_L16_r1_COMPLETE_20260714.json,meta-llama/Meta-Llama-3.1-8B-Instruct,w8a16_bnb_int8,r1,4.0,79,41,200,0,1,,200,1,False
SteerQuant_Meta-Llama-3-1-8B-Instruct_w8a16_bnb_int8_sentiment_L16_r1_COMPLETE_20260714|a4.0|i90,SteerQuant_Meta-Llama-3-1-8B-Instruct_w8a16_bnb_int8_sentiment_L16_r1_COMPLETE_20260714.json,meta-llama/Meta-Llama-3.1-8B-Instruct,w8a16_bnb_int8,r1,4.0,90,83,600,0,1,,600,1,False
SteerQuant_Meta-Llama-3-1-8B-Instruct_w8a16_bnb_int8_sentiment_L16_r1_COMPLETE_20260714|a4.0|i92,SteerQuant_Meta-Llama-3-1-8B-Instruct_w8a16_bnb_int8_sentiment_L16_r1_COMPLETE_20260714.json,meta-llama/Meta-Llama-3.1-8B-Instruct,w8a16_bnb_int8,r1,4.0,92,190,360,0,1,,360,1,False
SteerQuant_Meta-Llama-3-1-8B-Instruct_w8a16_bnb_int8_sentiment_L16_r1_COMPLETE_20260714|a4.0|i94,SteerQuant_Meta-Llama-3-1-8B-Instruct_w8a16_bnb_int8_sentiment_L16_r1_COMPLETE_20260714.json,meta-llama/Meta-Llama-3.1-8B-Instruct,w8a16_bnb_int8,r1,4.0,94,92,4,0,1,,4,1,False
SteerQuant_Meta-Llama-3-1-8B-Instruct_w8a16_bnb_int8_sentiment_L16_r1_COMPLETE_20260714|a4.0|i95,SteerQuant_Meta-Llama-3-1-8B-Instruct_w8a16_bnb_int8_sentiment_L16_r1_COMPLETE_20260714.json,meta-llama/Meta-Llama-3.1-8B-Instruct,w8a16_bnb_int8,r1,4.0,95,161,32,0,1,,32,1,False
SteerQuant_Meta-Llama-3-1-8B-Instruct_w8a16_bnb_int8_sentiment_L16_r1_COMPLETE_20260714|a4.0|i98,SteerQuant_Meta-Llama-3-1-8B-Instruct_w8a16_bnb_int8_sentiment_L16_r1_COMPLETE_20260714.json,meta-llama/Meta-Llama-3.1-8B-Instruct,w8a16_bnb_int8,r1,4.0,98,146,2125,0,1,,2125,1,False
SteerQuant_Meta-Llama-3-1-8B-Instruct_w8a16_bnb_int8_sentiment_L16_r1_COMPLETE_20260714|a4.0|i99,SteerQuant_Meta-Llama-3-1-8B-Instruct_w8a16_bnb_int8_sentiment_L16_r1_COMPLETE_20260714.json,meta-llama/Meta-Llama-3.1-8B-Instruct,w8a16_bnb_int8,r1,4.0,99,199,7500,0,1,,7500,1,False
SteerQuant_Meta-Llama-3-1-8B-Instruct_w8a16_bnb_int8_sentiment_L16_r1_COMPLETE_20260714|a4.0|i101,SteerQuant_Meta-Llama-3-1-8B-Instruct_w8a16_bnb_int8_sentiment_L16_r1_COMPLETE_20260714.json,meta-llama/Meta-Llama-3.1-8B-Instruct,w8a16_bnb_int8,r1,4.0,101,157,80,0,1,,80,1,False
SteerQuant_Meta-Llama-3-1-8B-Instruct_w8a16_bnb_int8_sentiment_L16_r1_COMPLETE_20260714|a4.0|i108,SteerQuant_Meta-Llama-3-1-8B-Instruct_w8a16_bnb_int8_sentiment_L16_r1_COMPLETE_20260714.json,meta-llama/Meta-Llama-3.1-8B-Instruct,w8a16_bnb_int8,r1,4.0,108,103,140,0,1,,140,1,False
SteerQuant_Meta-Llama-3-1-8B-Instruct_w8a16_bnb_int8_sentiment_L16_r1_COMPLETE_20260714|a4.0|i110,SteerQuant_Meta-Llama-3-1-8B-Instruct_w8a16_bnb_int8_sentiment_L16_r1_COMPLETE_20260714.json,meta-llama/Meta-Llama-3.1-8B-Instruct,w8a16_bnb_int8,r1,4.0,110,61,1430,0,1,,1430,1,False
SteerQuant_Meta-Llama-3-1-8B-Instruct_w8a16_bnb_int8_sentiment_L16_r1_COMPLETE_20260714|a4.0|i114,SteerQuant_Meta-Llama-3-1-8B-Instruct_w8a16_bnb_int8_sentiment_L16_r1_COMPLETE_20260714.json,meta-llama/Meta-Llama-3.1-8B-Instruct,w8a16_bnb_int8,r1,4.0,114,23,8,0,1,,8,1,False
SteerQuant_Meta-Llama-3-1-8B-Instruct_w8a16_bnb_int8_sentiment_L16_r1_COMPLETE_20260714|a4.0|i117,SteerQuant_Meta-Llama-3-1-8B-Instruct_w8a16_bnb_int8_sentiment_L16_r1_COMPLETE_20260714.json,meta-llama/Meta-Llama-3.1-8B-Instruct,w8a16_bnb_int8,r1,4.0,117,64,300,0,1,,300,1,False
SteerQuant_Meta-Llama-3-1-8B-Instruct_w8a16_bnb_int8_sentiment_L16_r1_COMPLETE_20260714|a4.0|i118,SteerQuant_Meta-Llama-3-1-8B-Instruct_w8a16_bnb_int8_sentiment_L16_r1_COMPLETE_20260714.json,meta-llama/Meta-Llama-3.1-8B-Instruct,w8a16_bnb_int8,r1,4.0,118,199,7500,0,1,,7500,1,False
SteerQuant_Meta-Llama-3-1-8B-Instruct_w8a16_bnb_int8_sentiment_L16_r1_COMPLETE_20260714|a4.0|i120,SteerQuant_Meta-Llama-3-1-8B-Instruct_w8a16_bnb_int8_sentiment_L16_r1_COMPLETE_20260714.json,meta-llama/Meta-Llama-3.1-8B-Instruct,w8a16_bnb_int8,r1,4.0,120,99,58,0,1,,58,1,False
SteerQuant_Meta-Llama-3-1-8B-Instruct_w8a16_bnb_int8_sentiment_L16_r1_COMPLETE_20260714|a4.0|i121,SteerQuant_Meta-Llama-3-1-8B-Instruct_w8a16_bnb_int8_sentiment_L16_r1_COMPLETE_20260714.json,meta-llama/Meta-Llama-3.1-8B-Instruct,w8a16_bnb_int8,r1,4.0,121,41,200,0,1,,200,1,False
SteerQuant_Meta-Llama-3-1-8B-Instruct_w8a16_bnb_int8_sentiment_L16_r1_COMPLETE_20260714|a4.0|i122,SteerQuant_Meta-Llama-3-1-8B-Instruct_w8a16_bnb_int8_sentiment_L16_r1_COMPLETE_20260714.json,meta-llama/Meta-Llama-3.1-8B-Instruct,w8a16_bnb_int8,r1,4.0,122,181,160,0,1,,160,1,False
SteerQuant_Meta-Llama-3-1-8B-Instruct_w8a16_bnb_int8_sentiment_L16_r1_COMPLETE_20260714|a4.0|i123,SteerQuant_Meta-Llama-3-1-8B-Instruct_w8a16_bnb_int8_sentiment_L16_r1_COMPLETE_20260714.json,meta-llama/Meta-Llama-3.1-8B-Instruct,w8a16_bnb_int8,r1,4.0,123,55,14,0,1,,14,1,False
SteerQuant_Meta-Llama-3-1-8B-Instruct_w8a16_bnb_int8_sentiment_L16_r1_COMPLETE_20260714|a4.0|i128,SteerQuant_Meta-Llama-3-1-8B-Instruct_w8a16_bnb_int8_sentiment_L16_r1_COMPLETE_20260714.json,meta-llama/Meta-Llama-3.1-8B-Instruct,w8a16_bnb_int8,r1,4.0,128,90,225,0,1,,225,1,False
SteerQuant_Meta-Llama-3-1-8B-Instruct_w8a16_bnb_int8_sentiment_L16_r1_COMPLETE_20260714|a4.0|i130,SteerQuant_Meta-Llama-3-1-8B-Instruct_w8a16_bnb_int8_sentiment_L16_r1_COMPLETE_20260714.json,meta-llama/Meta-Llama-3.1-8B-Instruct,w8a16_bnb_int8,r1,4.0,130,30,109,0,1,,109,1,False
SteerQuant_Meta-Llama-3-1-8B-Instruct_w8a16_bnb_int8_sentiment_L16_r1_COMPLETE_20260714|a4.0|i144,SteerQuant_Meta-Llama-3-1-8B-Instruct_w8a16_bnb_int8_sentiment_L16_r1_COMPLETE_20260714.json,meta-llama/Meta-Llama-3.1-8B-Instruct,w8a16_bnb_int8,r1,4.0,144,124,10,0,1,,10,1,False
SteerQuant_Meta-Llama-3-1-8B-Instruct_w8a16_bnb_int8_sentiment_L16_r1_COMPLETE_20260714|a4.0|i148,SteerQuant_Meta-Llama-3-1-8B-Instruct_w8a16_bnb_int8_sentiment_L16_r1_COMPLETE_20260714.json,meta-llama/Meta-Llama-3.1-8B-Instruct,w8a16_bnb_int8,r1,4.0,148,97,12,0,1,,12,1,False
SteerQuant_Meta-Llama-3-1-8B-Instruct_w8a16_bnb_int8_sentiment_L16_r1_COMPLETE_20260714|a4.0|i150,SteerQuant_Meta-Llama-3-1-8B-Instruct_w8a16_bnb_int8_sentiment_L16_r1_COMPLETE_20260714.json,meta-llama/Meta-Llama-3.1-8B-Instruct,w8a16_bnb_int8,r1,4.0,150,157,80,0,1,,80,1,False
SteerQuant_Meta-Llama-3-1-8B-Instruct_w8a16_bnb_int8_sentiment_L16_r1_COMPLETE_20260714|a4.0|i160,SteerQuant_Meta-Llama-3-1-8B-Instruct_w8a16_bnb_int8_sentiment_L16_r1_COMPLETE_20260714.json,meta-llama/Meta-Llama-3.1-8B-Instruct,w8a16_bnb_int8,r1,4.0,160,36,75,0,1,,75,1,False
SteerQuant_Meta-Llama-3-1-8B-Instruct_w8a16_bnb_int8_sentiment_L16_r1_COMPLETE_20260714|a4.0|i167,SteerQuant_Meta-Llama-3-1-8B-Instruct_w8a16_bnb_int8_sentiment_L16_r1_COMPLETE_20260714.json,meta-llama/Meta-Llama-3.1-8B-Instruct,w8a16_bnb_int8,r1,4.0,167,100,175,0,1,,175,1,False
SteerQuant_Meta-Llama-3-1-8B-Instruct_w8a16_bnb_int8_sentiment_L16_r1_COMPLETE_20260714|a4.0|i170,SteerQuant_Meta-Llama-3-1-8B-Instruct_w8a16_bnb_int8_sentiment_L16_r1_COMPLETE_20260714.json,meta-llama/Meta-Llama-3.1-8B-Instruct,w8a16_bnb_int8,r1,4.0,170,122,48,0,1,,48,1,False
SteerQuant_Meta-Llama-3-1-8B-Instruct_w8a16_bnb_int8_sentiment_L16_r1_COMPLETE_20260714|a4.0|i172,SteerQuant_Meta-Llama-3-1-8B-Instruct_w8a16_bnb_int8_sentiment_L16_r1_COMPLETE_20260714.json,meta-llama/Meta-Llama-3.1-8B-Instruct,w8a16_bnb_int8,r1,4.0,172,64,300,0,1,,300,1,False
SteerQuant_Meta-Llama-3-1-8B-Instruct_w8a16_bnb_int8_sentiment_L16_r1_COMPLETE_20260714|a4.0|i175,SteerQuant_Meta-Llama-3-1-8B-Instruct_w8a16_bnb_int8_sentiment_L16_r1_COMPLETE_20260714.json,meta-llama/Meta-Llama-3.1-8B-Instruct,w8a16_bnb_int8,r1,4.0,175,198,320,0,1,,320,1,False
SteerQuant_Meta-Llama-3-1-8B-Instruct_w8a16_bnb_int8_sentiment_L16_r1_COMPLETE_20260714|a4.0|i179,SteerQuant_Meta-Llama-3-1-8B-Instruct_w8a16_bnb_int8_sentiment_L16_r1_COMPLETE_20260714.json,meta-llama/Meta-Llama-3.1-8B-Instruct,w8a16_bnb_int8,r1,4.0,179,198,320,0,1,,320,1,False
SteerQuant_Meta-Llama-3-1-8B-Instruct_w8a16_bnb_int8_sentiment_L16_r1_COMPLETE_20260714|a4.0|i181,SteerQuant_Meta-Llama-3-1-8B-Instruct_w8a16_bnb_int8_sentiment_L16_r1_COMPLETE_20260714.json,meta-llama/Meta-Llama-3.1-8B-Instruct,w8a16_bnb_int8,r1,4.0,181,85,44,0,1,,44,1,False
SteerQuant_Meta-Llama-3-1-8B-Instruct_w8a16_bnb_int8_sentiment_L16_r1_COMPLETE_20260714|a4.0|i182,SteerQuant_Meta-Llama-3-1-8B-Instruct_w8a16_bnb_int8_sentiment_L16_r1_COMPLETE_20260714.json,meta-llama/Meta-Llama-3.1-8B-Instruct,w8a16_bnb_int8,r1,4.0,182,97,12,0,1,,12,1,False
SteerQuant_Meta-Llama-3-1-8B-Instruct_w8a16_bnb_int8_sentiment_L16_r1_COMPLETE_20260714|a4.0|i183,SteerQuant_Meta-Llama-3-1-8B-Instruct_w8a16_bnb_int8_sentiment_L16_r1_COMPLETE_20260714.json,meta-llama/Meta-Llama-3.1-8B-Instruct,w8a16_bnb_int8,r1,4.0,183,161,32,0,1,,32,1,False
SteerQuant_Meta-Llama-3-1-8B-Instruct_w8a16_bnb_int8_sentiment_L16_r1_COMPLETE_20260714|a4.0|i191,SteerQuant_Meta-Llama-3-1-8B-Instruct_w8a16_bnb_int8_sentiment_L16_r1_COMPLETE_20260714.json,meta-llama/Meta-Llama-3.1-8B-Instruct,w8a16_bnb_int8,r1,4.0,191,154,272,0,1,,272,1,False
SteerQuant_Meta-Llama-3-1-8B-Instruct_w8a16_bnb_int8_sentiment_L16_r1_COMPLETE_20260714|a6.0|i5,SteerQuant_Meta-Llama-3-1-8B-Instruct_w8a16_bnb_int8_sentiment_L16_r1_COMPLETE_20260714.json,meta-llama/Meta-Llama-3.1-8B-Instruct,w8a16_bnb_int8,r1,6.0,5,93,36,0,1,,36,1,False
SteerQuant_Meta-Llama-3-1-8B-Instruct_w8a16_bnb_int8_sentiment_L16_r1_COMPLETE_20260714|a6.0|i6,SteerQuant_Meta-Llama-3-1-8B-Instruct_w8a16_bnb_int8_sentiment_L16_r1_COMPLETE_20260714.json,meta-llama/Meta-Llama-3.1-8B-Instruct,w8a16_bnb_int8,r1,6.0,6,41,200,0,1,,200,1,False
SteerQuant_Meta-Llama-3-1-8B-Instruct_w8a16_bnb_int8_sentiment_L16_r1_COMPLETE_20260714|a6.0|i18,SteerQuant_Meta-Llama-3-1-8B-Instruct_w8a16_bnb_int8_sentiment_L16_r1_COMPLETE_20260714.json,meta-llama/Meta-Llama-3.1-8B-Instruct,w8a16_bnb_int8,r1,6.0,18,198,320,0,1,,320,1,False
SteerQuant_Meta-Llama-3-1-8B-Instruct_w8a16_bnb_int8_sentiment_L16_r1_COMPLETE_20260714|a6.0|i22,SteerQuant_Meta-Llama-3-1-8B-Instruct_w8a16_bnb_int8_sentiment_L16_r1_COMPLETE_20260714.json,meta-llama/Meta-Llama-3.1-8B-Instruct,w8a16_bnb_int8,r1,6.0,22,194,10,0,1,,10,1,False
SteerQuant_Meta-Llama-3-1-8B-Instruct_w8a16_bnb_int8_sentiment_L16_r1_COMPLETE_20260714|a6.0|i29,SteerQuant_Meta-Llama-3-1-8B-Instruct_w8a16_bnb_int8_sentiment_L16_r1_COMPLETE_20260714.json,meta-llama/Meta-Llama-3.1-8B-Instruct,w8a16_bnb_int8,r1,6.0,29,49,30,0,1,,30,1,False
SteerQuant_Meta-Llama-3-1-8B-Instruct_w8a16_bnb_int8_sentiment_L16_r1_COMPLETE_20260714|a6.0|i32,SteerQuant_Meta-Llama-3-1-8B-Instruct_w8a16_bnb_int8_sentiment_L16_r1_COMPLETE_20260714.json,meta-llama/Meta-Llama-3.1-8B-Instruct,w8a16_bnb_int8,r1,6.0,32,172,51,0,1,,51,1,False
SteerQuant_Meta-Llama-3-1-8B-Instruct_w8a16_bnb_int8_sentiment_L16_r1_COMPLETE_20260714|a6.0|i33,SteerQuant_Meta-Llama-3-1-8B-Instruct_w8a16_bnb_int8_sentiment_L16_r1_COMPLETE_20260714.json,meta-llama/Meta-Llama-3.1-8B-Instruct,w8a16_bnb_int8,r1,6.0,33,150,4,0,1,,4,1,False
SteerQuant_Meta-Llama-3-1-8B-Instruct_w8a16_bnb_int8_sentiment_L16_r1_COMPLETE_20260714|a6.0|i35,SteerQuant_Meta-Llama-3-1-8B-Instruct_w8a16_bnb_int8_sentiment_L16_r1_COMPLETE_20260714.json,meta-llama/Meta-Llama-3.1-8B-Instruct,w8a16_bnb_int8,r1,6.0,35,195,12,0,1,,12,1,False
SteerQuant_Meta-Llama-3-1-8B-Instruct_w8a16_bnb_int8_sentiment_L16_r1_COMPLETE_20260714|a6.0|i38,SteerQuant_Meta-Llama-3-1-8B-Instruct_w8a16_bnb_int8_sentiment_L16_r1_COMPLETE_20260714.json,meta-llama/Meta-Llama-3.1-8B-Instruct,w8a16_bnb_int8,r1,6.0,38,181,160,0,1,,160,1,False
SteerQuant_Meta-Llama-3-1-8B-Instruct_w8a16_bnb_int8_sentiment_L16_r1_COMPLETE_20260714|a6.0|i43,SteerQuant_Meta-Llama-3-1-8B-Instruct_w8a16_bnb_int8_sentiment_L16_r1_COMPLETE_20260714.json,meta-llama/Meta-Llama-3.1-8B-Instruct,w8a16_bnb_int8,r1,6.0,43,174,95,0,1,,95,1,False
SteerQuant_Meta-Llama-3-1-8B-Instruct_w8a16_bnb_int8_sentiment_L16_r1_COMPLETE_20260714|a6.0|i47,SteerQuant_Meta-Llama-3-1-8B-Instruct_w8a16_bnb_int8_sentiment_L16_r1_COMPLETE_20260714.json,meta-llama/Meta-Llama-3.1-8B-Instruct,w8a16_bnb_int8,r1,6.0,47,50,294,0,1,,294,1,False
SteerQuant_Meta-Llama-3-1-8B-Instruct_w8a16_bnb_int8_sentiment_L16_r1_COMPLETE_20260714|a6.0|i48,SteerQuant_Meta-Llama-3-1-8B-Instruct_w8a16_bnb_int8_sentiment_L16_r1_COMPLETE_20260714.json,meta-llama/Meta-Llama-3.1-8B-Instruct,w8a16_bnb_int8,r1,6.0,48,42,26,0,1,,26,1,False
SteerQuant_Meta-Llama-3-1-8B-Instruct_w8a16_bnb_int8_sentiment_L16_r1_COMPLETE_20260714|a6.0|i58,SteerQuant_Meta-Llama-3-1-8B-Instruct_w8a16_bnb_int8_sentiment_L16_r1_COMPLETE_20260714.json,meta-llama/Meta-Llama-3.1-8B-Instruct,w8a16_bnb_int8,r1,6.0,58,27,16,0,1,,16,1,False
SteerQuant_Meta-Llama-3-1-8B-Instruct_w8a16_bnb_int8_sentiment_L16_r1_COMPLETE_20260714|a6.0|i62,SteerQuant_Meta-Llama-3-1-8B-Instruct_w8a16_bnb_int8_sentiment_L16_r1_COMPLETE_20260714.json,meta-llama/Meta-Llama-3.1-8B-Instruct,w8a16_bnb_int8,r1,6.0,62,181,160,0,1,,160,1,False
SteerQuant_Meta-Llama-3-1-8B-Instruct_w8a16_bnb_int8_sentiment_L16_r1_COMPLETE_20260714|a6.0|i65,SteerQuant_Meta-Llama-3-1-8B-Instruct_w8a16_bnb_int8_sentiment_L16_r1_COMPLETE_20260714.json,meta-llama/Meta-Llama-3.1-8B-Instruct,w8a16_bnb_int8,r1,6.0,65,64,300,0,1,,300,1,False
SteerQuant_Meta-Llama-3-1-8B-Instruct_w8a16_bnb_int8_sentiment_L16_r1_COMPLETE_20260714|a6.0|i70,SteerQuant_Meta-Llama-3-1-8B-Instruct_w8a16_bnb_int8_sentiment_L16_r1_COMPLETE_20260714.json,meta-llama/Meta-Llama-3.1-8B-Instruct,w8a16_bnb_int8,r1,6.0,70,22,7,0,1,,7,1,False
SteerQuant_Meta-Llama-3-1-8B-Instruct_w8a16_bnb_int8_sentiment_L16_r1_COMPLETE_20260714|a6.0|i78,SteerQuant_Meta-Llama-3-1-8B-Instruct_w8a16_bnb_int8_sentiment_L16_r1_COMPLETE_20260714.json,meta-llama/Meta-Llama-3.1-8B-Instruct,w8a16_bnb_int8,r1,6.0,78,78,6,0,1,,6,1,False
SteerQuant_Meta-Llama-3-1-8B-Instruct_w8a16_bnb_int8_sentiment_L16_r1_COMPLETE_20260714|a6.0|i85,SteerQuant_Meta-Llama-3-1-8B-Instruct_w8a16_bnb_int8_sentiment_L16_r1_COMPLETE_20260714.json,meta-llama/Meta-Llama-3.1-8B-Instruct,w8a16_bnb_int8,r1,6.0,85,134,720,0,1,,720,1,False
SteerQuant_Meta-Llama-3-1-8B-Instruct_w8a16_bnb_int8_sentiment_L16_r1_COMPLETE_20260714|a6.0|i90,SteerQuant_Meta-Llama-3-1-8B-Instruct_w8a16_bnb_int8_sentiment_L16_r1_COMPLETE_20260714.json,meta-llama/Meta-Llama-3.1-8B-Instruct,w8a16_bnb_int8,r1,6.0,90,83,600,0,1,,600,1,False
SteerQuant_Meta-Llama-3-1-8B-Instruct_w8a16_bnb_int8_sentiment_L16_r1_COMPLETE_20260714|a6.0|i92,SteerQuant_Meta-Llama-3-1-8B-Instruct_w8a16_bnb_int8_sentiment_L16_r1_COMPLETE_20260714.json,meta-llama/Meta-Llama-3.1-8B-Instruct,w8a16_bnb_int8,r1,6.0,92,190,360,0,1,,360,1,False
SteerQuant_Meta-Llama-3-1-8B-Instruct_w8a16_bnb_int8_sentiment_L16_r1_COMPLETE_20260714|a6.0|i94,SteerQuant_Meta-Llama-3-1-8B-Instruct_w8a16_bnb_int8_sentiment_L16_r1_COMPLETE_20260714.json,meta-llama/Meta-Llama-3.1-8B-Instruct,w8a16_bnb_int8,r1,6.0,94,92,4,0,1,,4,1,False
SteerQuant_Meta-Llama-3-1-8B-Instruct_w8a16_bnb_int8_sentiment_L16_r1_COMPLETE_20260714|a6.0|i96,SteerQuant_Meta-Llama-3-1-8B-Instruct_w8a16_bnb_int8_sentiment_L16_r1_COMPLETE_20260714.json,meta-llama/Meta-Llama-3.1-8B-Instruct,w8a16_bnb_int8,r1,6.0,96,120,240,0,1,,240,1,False
SteerQuant_Meta-Llama-3-1-8B-Instruct_w8a16_bnb_int8_sentiment_L16_r1_COMPLETE_20260714|a6.0|i98,SteerQuant_Meta-Llama-3-1-8B-Instruct_w8a16_bnb_int8_sentiment_L16_r1_COMPLETE_20260714.json,meta-llama/Meta-Llama-3.1-8B-Instruct,w8a16_bnb_int8,r1,6.0,98,146,2125,0,1,,2125,1,False
SteerQuant_Meta-Llama-3-1-8B-Instruct_w8a16_bnb_int8_sentiment_L16_r1_COMPLETE_20260714|a6.0|i101,SteerQuant_Meta-Llama-3-1-8B-Instruct_w8a16_bnb_int8_sentiment_L16_r1_COMPLETE_20260714.json,meta-llama/Meta-Llama-3.1-8B-Instruct,w8a16_bnb_int8,r1,6.0,101,157,80,0,1,,80,1,False
SteerQuant_Meta-Llama-3-1-8B-Instruct_w8a16_bnb_int8_sentiment_L16_r1_COMPLETE_20260714|a6.0|i108,SteerQuant_Meta-Llama-3-1-8B-Instruct_w8a16_bnb_int8_sentiment_L16_r1_COMPLETE_20260714.json,meta-llama/Meta-Llama-3.1-8B-Instruct,w8a16_bnb_int8,r1,6.0,108,103,140,0,1,,140,1,False
SteerQuant_Meta-Llama-3-1-8B-Instruct_w8a16_bnb_int8_sentiment_L16_r1_COMPLETE_20260714|a6.0|i112,SteerQuant_Meta-Llama-3-1-8B-Instruct_w8a16_bnb_int8_sentiment_L16_r1_COMPLETE_20260714.json,meta-llama/Meta-Llama-3.1-8B-Instruct,w8a16_bnb_int8,r1,6.0,112,151,5,0,1,,5,1,False
SteerQuant_Meta-Llama-3-1-8B-Instruct_w8a16_bnb_int8_sentiment_L16_r1_COMPLETE_20260714|a6.0|i114,SteerQuant_Meta-Llama-3-1-8B-Instruct_w8a16_bnb_int8_sentiment_L16_r1_COMPLETE_20260714.json,meta-llama/Meta-Llama-3.1-8B-Instruct,w8a16_bnb_int8,r1,6.0,114,23,8,0,1,,8,1,False
SteerQuant_Meta-Llama-3-1-8B-Instruct_w8a16_bnb_int8_sentiment_L16_r1_COMPLETE_20260714|a6.0|i117,SteerQuant_Meta-Llama-3-1-8B-Instruct_w8a16_bnb_int8_sentiment_L16_r1_COMPLETE_20260714.json,meta-llama/Meta-Llama-3.1-8B-Instruct,w8a16_bnb_int8,r1,6.0,117,64,300,0,1,,300,1,False
SteerQuant_Meta-Llama-3-1-8B-Instruct_w8a16_bnb_int8_sentiment_L16_r1_COMPLETE_20260714|a6.0|i118,SteerQuant_Meta-Llama-3-1-8B-Instruct_w8a16_bnb_int8_sentiment_L16_r1_COMPLETE_20260714.json,meta-llama/Meta-Llama-3.1-8B-Instruct,w8a16_bnb_int8,r1,6.0,118,199,7500,0,1,,7500,1,False
SteerQuant_Meta-Llama-3-1-8B-Instruct_w8a16_bnb_int8_sentiment_L16_r1_COMPLETE_20260714|a6.0|i121,SteerQuant_Meta-Llama-3-1-8B-Instruct_w8a16_bnb_int8_sentiment_L16_r1_COMPLETE_20260714.json,meta-llama/Meta-Llama-3.1-8B-Instruct,w8a16_bnb_int8,r1,6.0,121,41,200,0,1,,200,1,False
SteerQuant_Meta-Llama-3-1-8B-Instruct_w8a16_bnb_int8_sentiment_L16_r1_COMPLETE_20260714|a6.0|i122,SteerQuant_Meta-Llama-3-1-8B-Instruct_w8a16_bnb_int8_sentiment_L16_r1_COMPLETE_20260714.json,meta-llama/Meta-Llama-3.1-8B-Instruct,w8a16_bnb_int8,r1,6.0,122,181,160,0,1,,160,1,False
SteerQuant_Meta-Llama-3-1-8B-Instruct_w8a16_bnb_int8_sentiment_L16_r1_COMPLETE_20260714|a6.0|i123,SteerQuant_Meta-Llama-3-1-8B-Instruct_w8a16_bnb_int8_sentiment_L16_r1_COMPLETE_20260714.json,meta-llama/Meta-Llama-3.1-8B-Instruct,w8a16_bnb_int8,r1,6.0,123,55,14,0,1,,14,1,False
SteerQuant_Meta-Llama-3-1-8B-Instruct_w8a16_bnb_int8_sentiment_L16_r1_COMPLETE_20260714|a6.0|i124,SteerQuant_Meta-Llama-3-1-8B-Instruct_w8a16_bnb_int8_sentiment_L16_r1_COMPLETE_20260714.json,meta-llama/Meta-Llama-3.1-8B-Instruct,w8a16_bnb_int8,r1,6.0,124,120,240,0,1,,240,1,False
SteerQuant_Meta-Llama-3-1-8B-Instruct_w8a16_bnb_int8_sentiment_L16_r1_COMPLETE_20260714|a6.0|i128,SteerQuant_Meta-Llama-3-1-8B-Instruct_w8a16_bnb_int8_sentiment_L16_r1_COMPLETE_20260714.json,meta-llama/Meta-Llama-3.1-8B-Instruct,w8a16_bnb_int8,r1,6.0,128,90,225,0,1,,225,1,False
SteerQuant_Meta-Llama-3-1-8B-Instruct_w8a16_bnb_int8_sentiment_L16_r1_COMPLETE_20260714|a6.0|i130,SteerQuant_Meta-Llama-3-1-8B-Instruct_w8a16_bnb_int8_sentiment_L16_r1_COMPLETE_20260714.json,meta-llama/Meta-Llama-3.1-8B-Instruct,w8a16_bnb_int8,r1,6.0,130,30,109,0,1,,109,1,False
SteerQuant_Meta-Llama-3-1-8B-Instruct_w8a16_bnb_int8_sentiment_L16_r1_COMPLETE_20260714|a6.0|i138,SteerQuant_Meta-Llama-3-1-8B-Instruct_w8a16_bnb_int8_sentiment_L16_r1_COMPLETE_20260714.json,meta-llama/Meta-Llama-3.1-8B-Instruct,w8a16_bnb_int8,r1,6.0,138,124,10,0,1,,10,1,False
SteerQuant_Meta-Llama-3-1-8B-Instruct_w8a16_bnb_int8_sentiment_L16_r1_COMPLETE_20260714|a6.0|i139,SteerQuant_Meta-Llama-3-1-8B-Instruct_w8a16_bnb_int8_sentiment_L16_r1_COMPLETE_20260714.json,meta-llama/Meta-Llama-3.1-8B-Instruct,w8a16_bnb_int8,r1,6.0,139,33,70,0,1,,70,1,False
SteerQuant_Meta-Llama-3-1-8B-Instruct_w8a16_bnb_int8_sentiment_L16_r1_COMPLETE_20260714|a6.0|i144,SteerQuant_Meta-Llama-3-1-8B-Instruct_w8a16_bnb_int8_sentiment_L16_r1_COMPLETE_20260714.json,meta-llama/Meta-Llama-3.1-8B-Instruct,w8a16_bnb_int8,r1,6.0,144,124,10,0,1,,10,1,False
SteerQuant_Meta-Llama-3-1-8B-Instruct_w8a16_bnb_int8_sentiment_L16_r1_COMPLETE_20260714|a6.0|i146,SteerQuant_Meta-Llama-3-1-8B-Instruct_w8a16_bnb_int8_sentiment_L16_r1_COMPLETE_20260714.json,meta-llama/Meta-Llama-3.1-8B-Instruct,w8a16_bnb_int8,r1,6.0,146,199,7500,0,1,,7500,1,False
SteerQuant_Meta-Llama-3-1-8B-Instruct_w8a16_bnb_int8_sentiment_L16_r1_COMPLETE_20260714|a6.0|i147,SteerQuant_Meta-Llama-3-1-8B-Instruct_w8a16_bnb_int8_sentiment_L16_r1_COMPLETE_20260714.json,meta-llama/Meta-Llama-3.1-8B-Instruct,w8a16_bnb_int8,r1,6.0,147,199,7500,0,1,,7500,1,False
SteerQuant_Meta-Llama-3-1-8B-Instruct_w8a16_bnb_int8_sentiment_L16_r1_COMPLETE_20260714|a6.0|i149,SteerQuant_Meta-Llama-3-1-8B-Instruct_w8a16_bnb_int8_sentiment_L16_r1_COMPLETE_20260714.json,meta-llama/Meta-Llama-3.1-8B-Instruct,w8a16_bnb_int8,r1,6.0,149,57,83,0,1,,83,1,False
SteerQuant_Meta-Llama-3-1-8B-Instruct_w8a16_bnb_int8_sentiment_L16_r1_COMPLETE_20260714|a6.0|i152,SteerQuant_Meta-Llama-3-1-8B-Instruct_w8a16_bnb_int8_sentiment_L16_r1_COMPLETE_20260714.json,meta-llama/Meta-Llama-3.1-8B-Instruct,w8a16_bnb_int8,r1,6.0,152,146,2125,0,1,,2125,1,False
SteerQuant_Meta-Llama-3-1-8B-Instruct_w8a16_bnb_int8_sentiment_L16_r1_COMPLETE_20260714|a6.0|i156,SteerQuant_Meta-Llama-3-1-8B-Instruct_w8a16_bnb_int8_sentiment_L16_r1_COMPLETE_20260714.json,meta-llama/Meta-Llama-3.1-8B-Instruct,w8a16_bnb_int8,r1,6.0,156,27,16,0,1,,16,1,False
SteerQuant_Meta-Llama-3-1-8B-Instruct_w8a16_bnb_int8_sentiment_L16_r1_COMPLETE_20260714|a6.0|i160,SteerQuant_Meta-Llama-3-1-8B-Instruct_w8a16_bnb_int8_sentiment_L16_r1_COMPLETE_20260714.json,meta-llama/Meta-Llama-3.1-8B-Instruct,w8a16_bnb_int8,r1,6.0,160,36,75,0,1,,75,1,False
SteerQuant_Meta-Llama-3-1-8B-Instruct_w8a16_bnb_int8_sentiment_L16_r1_COMPLETE_20260714|a6.0|i172,SteerQuant_Meta-Llama-3-1-8B-Instruct_w8a16_bnb_int8_sentiment_L16_r1_COMPLETE_20260714.json,meta-llama/Meta-Llama-3.1-8B-Instruct,w8a16_bnb_int8,r1,6.0,172,64,300,0,1,,300,1,False
SteerQuant_Meta-Llama-3-1-8B-Instruct_w8a16_bnb_int8_sentiment_L16_r1_COMPLETE_20260714|a6.0|i183,SteerQuant_Meta-Llama-3-1-8B-Instruct_w8a16_bnb_int8_sentiment_L16_r1_COMPLETE_20260714.json,meta-llama/Meta-Llama-3.1-8B-Instruct,w8a16_bnb_int8,r1,6.0,183,161,32,0,1,,32,1,False
SteerQuant_Meta-Llama-3-1-8B-Instruct_w8a16_bnb_int8_sentiment_L16_r1_COMPLETE_20260714|a6.0|i187,SteerQuant_Meta-Llama-3-1-8B-Instruct_w8a16_bnb_int8_sentiment_L16_r1_COMPLETE_20260714.json,meta-llama/Meta-Llama-3.1-8B-Instruct,w8a16_bnb_int8,r1,6.0,187,5,64,0,1,,64,1,False
SteerQuant_Meta-Llama-3-1-8B-Instruct_w8a16_bnb_int8_sentiment_L16_r1_COMPLETE_20260714|a6.0|i194,SteerQuant_Meta-Llama-3-1-8B-Instruct_w8a16_bnb_int8_sentiment_L16_r1_COMPLETE_20260714.json,meta-llama/Meta-Llama-3.1-8B-Instruct,w8a16_bnb_int8,r1,6.0,194,110,45,0,1,,45,1,False
SteerQuant_Meta-Llama-3-1-8B-Instruct_w8a16_bnb_int8_sentiment_L16_r1_COMPLETE_20260714|a6.0|i196,SteerQuant_Meta-Llama-3-1-8B-Instruct_w8a16_bnb_int8_sentiment_L16_r1_COMPLETE_20260714.json,meta-llama/Meta-Llama-3.1-8B-Instruct,w8a16_bnb_int8,r1,6.0,196,110,45,0,1,,45,1,False
SteerQuant_Meta-Llama-3-1-8B-Instruct_w8a16_bnb_int8_sentiment_L16_r1_COMPLETE_20260714|a8.0|i0,SteerQuant_Meta-Llama-3-1-8B-Instruct_w8a16_bnb_int8_sentiment_L16_r1_COMPLETE_20260714.json,meta-llama/Meta-Llama-3.1-8B-Instruct,w8a16_bnb_int8,r1,8.0,0,127,120,0,1,,120,1,False
SteerQuant_Meta-Llama-3-1-8B-Instruct_w8a16_bnb_int8_sentiment_L16_r1_COMPLETE_20260714|a8.0|i18,SteerQuant_Meta-Llama-3-1-8B-Instruct_w8a16_bnb_int8_sentiment_L16_r1_COMPLETE_20260714.json,meta-llama/Meta-Llama-3.1-8B-Instruct,w8a16_bnb_int8,r1,8.0,18,198,320,0,1,,320,1,False
SteerQuant_Meta-Llama-3-1-8B-Instruct_w8a16_bnb_int8_sentiment_L16_r1_COMPLETE_20260714|a8.0|i22,SteerQuant_Meta-Llama-3-1-8B-Instruct_w8a16_bnb_int8_sentiment_L16_r1_COMPLETE_20260714.json,meta-llama/Meta-Llama-3.1-8B-Instruct,w8a16_bnb_int8,r1,8.0,22,194,10,0,1,,10,1,False
SteerQuant_Meta-Llama-3-1-8B-Instruct_w8a16_bnb_int8_sentiment_L16_r1_COMPLETE_20260714|a8.0|i24,SteerQuant_Meta-Llama-3-1-8B-Instruct_w8a16_bnb_int8_sentiment_L16_r1_COMPLETE_20260714.json,meta-llama/Meta-Llama-3.1-8B-Instruct,w8a16_bnb_int8,r1,8.0,24,11,694,0,1,,694,1,False
SteerQuant_Meta-Llama-3-1-8B-Instruct_w8a16_bnb_int8_sentiment_L16_r1_COMPLETE_20260714|a8.0|i37,SteerQuant_Meta-Llama-3-1-8B-Instruct_w8a16_bnb_int8_sentiment_L16_r1_COMPLETE_20260714.json,meta-llama/Meta-Llama-3.1-8B-Instruct,w8a16_bnb_int8,r1,8.0,37,167,16,0,1,,16,1,False
SteerQuant_Meta-Llama-3-1-8B-Instruct_w8a16_bnb_int8_sentiment_L16_r1_COMPLETE_20260714|a8.0|i38,SteerQuant_Meta-Llama-3-1-8B-Instruct_w8a16_bnb_int8_sentiment_L16_r1_COMPLETE_20260714.json,meta-llama/Meta-Llama-3.1-8B-Instruct,w8a16_bnb_int8,r1,8.0,38,181,160,0,1,,160,1,False
SteerQuant_Meta-Llama-3-1-8B-Instruct_w8a16_bnb_int8_sentiment_L16_r1_COMPLETE_20260714|a8.0|i43,SteerQuant_Meta-Llama-3-1-8B-Instruct_w8a16_bnb_int8_sentiment_L16_r1_COMPLETE_20260714.json,meta-llama/Meta-Llama-3.1-8B-Instruct,w8a16_bnb_int8,r1,8.0,43,174,95,0,1,,95,1,False
SteerQuant_Meta-Llama-3-1-8B-Instruct_w8a16_bnb_int8_sentiment_L16_r1_COMPLETE_20260714|a8.0|i45,SteerQuant_Meta-Llama-3-1-8B-Instruct_w8a16_bnb_int8_sentiment_L16_r1_COMPLETE_20260714.json,meta-llama/Meta-Llama-3.1-8B-Instruct,w8a16_bnb_int8,r1,8.0,45,187,106,0,1,,106,1,False
SteerQuant_Meta-Llama-3-1-8B-Instruct_w8a16_bnb_int8_sentiment_L16_r1_COMPLETE_20260714|a8.0|i62,SteerQuant_Meta-Llama-3-1-8B-Instruct_w8a16_bnb_int8_sentiment_L16_r1_COMPLETE_20260714.json,meta-llama/Meta-Llama-3.1-8B-Instruct,w8a16_bnb_int8,r1,8.0,62,181,160,0,1,,160,1,False
SteerQuant_Meta-Llama-3-1-8B-Instruct_w8a16_bnb_int8_sentiment_L16_r1_COMPLETE_20260714|a8.0|i63,SteerQuant_Meta-Llama-3-1-8B-Instruct_w8a16_bnb_int8_sentiment_L16_r1_COMPLETE_20260714.json,meta-llama/Meta-Llama-3.1-8B-Instruct,w8a16_bnb_int8,r1,8.0,63,56,3,0,1,,3,1,False
SteerQuant_Meta-Llama-3-1-8B-Instruct_w8a16_bnb_int8_sentiment_L16_r1_COMPLETE_20260714|a8.0|i64,SteerQuant_Meta-Llama-3-1-8B-Instruct_w8a16_bnb_int8_sentiment_L16_r1_COMPLETE_20260714.json,meta-llama/Meta-Llama-3.1-8B-Instruct,w8a16_bnb_int8,r1,8.0,64,19,6,0,1,,6,1,False
SteerQuant_Meta-Llama-3-1-8B-Instruct_w8a16_bnb_int8_sentiment_L16_r1_COMPLETE_20260714|a8.0|i72,SteerQuant_Meta-Llama-3-1-8B-Instruct_w8a16_bnb_int8_sentiment_L16_r1_COMPLETE_20260714.json,meta-llama/Meta-Llama-3.1-8B-Instruct,w8a16_bnb_int8,r1,8.0,72,146,2125,0,1,,2125,1,False
SteerQuant_Meta-Llama-3-1-8B-Instruct_w8a16_bnb_int8_sentiment_L16_r1_COMPLETE_20260714|a8.0|i79,SteerQuant_Meta-Llama-3-1-8B-Instruct_w8a16_bnb_int8_sentiment_L16_r1_COMPLETE_20260714.json,meta-llama/Meta-Llama-3.1-8B-Instruct,w8a16_bnb_int8,r1,8.0,79,41,200,0,1,,200,1,False
SteerQuant_Meta-Llama-3-1-8B-Instruct_w8a16_bnb_int8_sentiment_L16_r1_COMPLETE_20260714|a8.0|i82,SteerQuant_Meta-Llama-3-1-8B-Instruct_w8a16_bnb_int8_sentiment_L16_r1_COMPLETE_20260714.json,meta-llama/Meta-Llama-3.1-8B-Instruct,w8a16_bnb_int8,r1,8.0,82,28,25,0,1,,25,1,False
SteerQuant_Meta-Llama-3-1-8B-Instruct_w8a16_bnb_int8_sentiment_L16_r1_COMPLETE_20260714|a8.0|i85,SteerQuant_Meta-Llama-3-1-8B-Instruct_w8a16_bnb_int8_sentiment_L16_r1_COMPLETE_20260714.json,meta-llama/Meta-Llama-3.1-8B-Instruct,w8a16_bnb_int8,r1,8.0,85,134,720,0,1,,720,1,False
SteerQuant_Meta-Llama-3-1-8B-Instruct_w8a16_bnb_int8_sentiment_L16_r1_COMPLETE_20260714|a8.0|i87,SteerQuant_Meta-Llama-3-1-8B-Instruct_w8a16_bnb_int8_sentiment_L16_r1_COMPLETE_20260714.json,meta-llama/Meta-Llama-3.1-8B-Instruct,w8a16_bnb_int8,r1,8.0,87,0,18,0,1,,18,1,False
SteerQuant_Meta-Llama-3-1-8B-Instruct_w8a16_bnb_int8_sentiment_L16_r1_COMPLETE_20260714|a8.0|i89,SteerQuant_Meta-Llama-3-1-8B-Instruct_w8a16_bnb_int8_sentiment_L16_r1_COMPLETE_20260714.json,meta-llama/Meta-Llama-3.1-8B-Instruct,w8a16_bnb_int8,r1,8.0,89,179,130,0,1,,130,1,False
SteerQuant_Meta-Llama-3-1-8B-Instruct_w8a16_bnb_int8_sentiment_L16_r1_COMPLETE_20260714|a8.0|i92,SteerQuant_Meta-Llama-3-1-8B-Instruct_w8a16_bnb_int8_sentiment_L16_r1_COMPLETE_20260714.json,meta-llama/Meta-Llama-3.1-8B-Instruct,w8a16_bnb_int8,r1,8.0,92,190,360,0,1,,360,1,False
SteerQuant_Meta-Llama-3-1-8B-Instruct_w8a16_bnb_int8_sentiment_L16_r1_COMPLETE_20260714|a8.0|i95,SteerQuant_Meta-Llama-3-1-8B-Instruct_w8a16_bnb_int8_sentiment_L16_r1_COMPLETE_20260714.json,meta-llama/Meta-Llama-3.1-8B-Instruct,w8a16_bnb_int8,r1,8.0,95,161,32,0,1,,32,1,False
SteerQuant_Meta-Llama-3-1-8B-Instruct_w8a16_bnb_int8_sentiment_L16_r1_COMPLETE_20260714|a8.0|i97,SteerQuant_Meta-Llama-3-1-8B-Instruct_w8a16_bnb_int8_sentiment_L16_r1_COMPLETE_20260714.json,meta-llama/Meta-Llama-3.1-8B-Instruct,w8a16_bnb_int8,r1,8.0,97,107,3,0,1,,3,1,False
SteerQuant_Meta-Llama-3-1-8B-Instruct_w8a16_bnb_int8_sentiment_L16_r1_COMPLETE_20260714|a8.0|i98,SteerQuant_Meta-Llama-3-1-8B-Instruct_w8a16_bnb_int8_sentiment_L16_r1_COMPLETE_20260714.json,meta-llama/Meta-Llama-3.1-8B-Instruct,w8a16_bnb_int8,r1,8.0,98,146,2125,0,1,,2125,1,False
SteerQuant_Meta-Llama-3-1-8B-Instruct_w8a16_bnb_int8_sentiment_L16_r1_COMPLETE_20260714|a8.0|i99,SteerQuant_Meta-Llama-3-1-8B-Instruct_w8a16_bnb_int8_sentiment_L16_r1_COMPLETE_20260714.json,meta-llama/Meta-Llama-3.1-8B-Instruct,w8a16_bnb_int8,r1,8.0,99,199,7500,0,1,,7500,1,False
SteerQuant_Meta-Llama-3-1-8B-Instruct_w8a16_bnb_int8_sentiment_L16_r1_COMPLETE_20260714|a8.0|i103,SteerQuant_Meta-Llama-3-1-8B-Instruct_w8a16_bnb_int8_sentiment_L16_r1_COMPLETE_20260714.json,meta-llama/Meta-Llama-3.1-8B-Instruct,w8a16_bnb_int8,r1,8.0,103,11,694,0,1,,694,1,False
SteerQuant_Meta-Llama-3-1-8B-Instruct_w8a16_bnb_int8_sentiment_L16_r1_COMPLETE_20260714|a8.0|i108,SteerQuant_Meta-Llama-3-1-8B-Instruct_w8a16_bnb_int8_sentiment_L16_r1_COMPLETE_20260714.json,meta-llama/Meta-Llama-3.1-8B-Instruct,w8a16_bnb_int8,r1,8.0,108,103,140,0,1,,140,1,False
SteerQuant_Meta-Llama-3-1-8B-Instruct_w8a16_bnb_int8_sentiment_L16_r1_COMPLETE_20260714|a8.0|i111,SteerQuant_Meta-Llama-3-1-8B-Instruct_w8a16_bnb_int8_sentiment_L16_r1_COMPLETE_20260714.json,meta-llama/Meta-Llama-3.1-8B-Instruct,w8a16_bnb_int8,r1,8.0,111,107,3,0,1,,3,1,False
SteerQuant_Meta-Llama-3-1-8B-Instruct_w8a16_bnb_int8_sentiment_L16_r1_COMPLETE_20260714|a8.0|i112,SteerQuant_Meta-Llama-3-1-8B-Instruct_w8a16_bnb_int8_sentiment_L16_r1_COMPLETE_20260714.json,meta-llama/Meta-Llama-3.1-8B-Instruct,w8a16_bnb_int8,r1,8.0,112,151,5,0,1,,5,1,False
SteerQuant_Meta-Llama-3-1-8B-Instruct_w8a16_bnb_int8_sentiment_L16_r1_COMPLETE_20260714|a8.0|i120,SteerQuant_Meta-Llama-3-1-8B-Instruct_w8a16_bnb_int8_sentiment_L16_r1_COMPLETE_20260714.json,meta-llama/Meta-Llama-3.1-8B-Instruct,w8a16_bnb_int8,r1,8.0,120,99,58,0,1,,58,1,False
SteerQuant_Meta-Llama-3-1-8B-Instruct_w8a16_bnb_int8_sentiment_L16_r1_COMPLETE_20260714|a8.0|i121,SteerQuant_Meta-Llama-3-1-8B-Instruct_w8a16_bnb_int8_sentiment_L16_r1_COMPLETE_20260714.json,meta-llama/Meta-Llama-3.1-8B-Instruct,w8a16_bnb_int8,r1,8.0,121,41,200,0,1,,200,1,False
SteerQuant_Meta-Llama-3-1-8B-Instruct_w8a16_bnb_int8_sentiment_L16_r1_COMPLETE_20260714|a8.0|i122,SteerQuant_Meta-Llama-3-1-8B-Instruct_w8a16_bnb_int8_sentiment_L16_r1_COMPLETE_20260714.json,meta-llama/Meta-Llama-3.1-8B-Instruct,w8a16_bnb_int8,r1,8.0,122,181,160,0,1,,160,1,False
SteerQuant_Meta-Llama-3-1-8B-Instruct_w8a16_bnb_int8_sentiment_L16_r1_COMPLETE_20260714|a8.0|i123,SteerQuant_Meta-Llama-3-1-8B-Instruct_w8a16_bnb_int8_sentiment_L16_r1_COMPLETE_20260714.json,meta-llama/Meta-Llama-3.1-8B-Instruct,w8a16_bnb_int8,r1,8.0,123,55,14,0,1,,14,1,False
SteerQuant_Meta-Llama-3-1-8B-Instruct_w8a16_bnb_int8_sentiment_L16_r1_COMPLETE_20260714|a8.0|i124,SteerQuant_Meta-Llama-3-1-8B-Instruct_w8a16_bnb_int8_sentiment_L16_r1_COMPLETE_20260714.json,meta-llama/Meta-Llama-3.1-8B-Instruct,w8a16_bnb_int8,r1,8.0,124,120,240,0,1,,240,1,False
SteerQuant_Meta-Llama-3-1-8B-Instruct_w8a16_bnb_int8_sentiment_L16_r1_COMPLETE_20260714|a8.0|i126,SteerQuant_Meta-Llama-3-1-8B-Instruct_w8a16_bnb_int8_sentiment_L16_r1_COMPLETE_20260714.json,meta-llama/Meta-Llama-3.1-8B-Instruct,w8a16_bnb_int8,r1,8.0,126,107,3,0,1,,3,1,False
SteerQuant_Meta-Llama-3-1-8B-Instruct_w8a16_bnb_int8_sentiment_L16_r1_COMPLETE_20260714|a8.0|i128,SteerQuant_Meta-Llama-3-1-8B-Instruct_w8a16_bnb_int8_sentiment_L16_r1_COMPLETE_20260714.json,meta-llama/Meta-Llama-3.1-8B-Instruct,w8a16_bnb_int8,r1,8.0,128,90,225,0,1,,225,1,False
SteerQuant_Meta-Llama-3-1-8B-Instruct_w8a16_bnb_int8_sentiment_L16_r1_COMPLETE_20260714|a8.0|i129,SteerQuant_Meta-Llama-3-1-8B-Instruct_w8a16_bnb_int8_sentiment_L16_r1_COMPLETE_20260714.json,meta-llama/Meta-Llama-3.1-8B-Instruct,w8a16_bnb_int8,r1,8.0,129,179,130,0,1,,130,1,False
SteerQuant_Meta-Llama-3-1-8B-Instruct_w8a16_bnb_int8_sentiment_L16_r1_COMPLETE_20260714|a8.0|i148,SteerQuant_Meta-Llama-3-1-8B-Instruct_w8a16_bnb_int8_sentiment_L16_r1_COMPLETE_20260714.json,meta-llama/Meta-Llama-3.1-8B-Instruct,w8a16_bnb_int8,r1,8.0,148,97,12,0,1,,12,1,False
SteerQuant_Meta-Llama-3-1-8B-Instruct_w8a16_bnb_int8_sentiment_L16_r1_COMPLETE_20260714|a8.0|i149,SteerQuant_Meta-Llama-3-1-8B-Instruct_w8a16_bnb_int8_sentiment_L16_r1_COMPLETE_20260714.json,meta-llama/Meta-Llama-3.1-8B-Instruct,w8a16_bnb_int8,r1,8.0,149,57,83,0,1,,83,1,False
SteerQuant_Meta-Llama-3-1-8B-Instruct_w8a16_bnb_int8_sentiment_L16_r1_COMPLETE_20260714|a8.0|i172,SteerQuant_Meta-Llama-3-1-8B-Instruct_w8a16_bnb_int8_sentiment_L16_r1_COMPLETE_20260714.json,meta-llama/Meta-Llama-3.1-8B-Instruct,w8a16_bnb_int8,r1,8.0,172,64,300,0,1,,300,1,False
SteerQuant_Meta-Llama-3-1-8B-Instruct_w8a16_bnb_int8_sentiment_L16_r1_COMPLETE_20260714|a8.0|i179,SteerQuant_Meta-Llama-3-1-8B-Instruct_w8a16_bnb_int8_sentiment_L16_r1_COMPLETE_20260714.json,meta-llama/Meta-Llama-3.1-8B-Instruct,w8a16_bnb_int8,r1,8.0,179,198,320,0,1,,320,1,False
SteerQuant_Meta-Llama-3-1-8B-Instruct_w8a16_bnb_int8_sentiment_L16_r1_COMPLETE_20260714|a8.0|i182,SteerQuant_Meta-Llama-3-1-8B-Instruct_w8a16_bnb_int8_sentiment_L16_r1_COMPLETE_20260714.json,meta-llama/Meta-Llama-3.1-8B-Instruct,w8a16_bnb_int8,r1,8.0,182,97,12,0,1,,12,1,False
SteerQuant_Meta-Llama-3-1-8B-Instruct_w8a16_bnb_int8_sentiment_L16_r1_COMPLETE_20260714|a8.0|i184,SteerQuant_Meta-Llama-3-1-8B-Instruct_w8a16_bnb_int8_sentiment_L16_r1_COMPLETE_20260714.json,meta-llama/Meta-Llama-3.1-8B-Instruct,w8a16_bnb_int8,r1,8.0,184,96,3,0,1,,3,1,False
SteerQuant_Meta-Llama-3-1-8B-Instruct_w8a16_bnb_int8_sentiment_L16_r1_COMPLETE_20260714|a10.0|i0,SteerQuant_Meta-Llama-3-1-8B-Instruct_w8a16_bnb_int8_sentiment_L16_r1_COMPLETE_20260714.json,meta-llama/Meta-Llama-3.1-8B-Instruct,w8a16_bnb_int8,r1,10.0,0,127,120,0,1,,120,1,False
SteerQuant_Meta-Llama-3-1-8B-Instruct_w8a16_bnb_int8_sentiment_L16_r1_COMPLETE_20260714|a10.0|i8,SteerQuant_Meta-Llama-3-1-8B-Instruct_w8a16_bnb_int8_sentiment_L16_r1_COMPLETE_20260714.json,meta-llama/Meta-Llama-3.1-8B-Instruct,w8a16_bnb_int8,r1,10.0,8,24,26,0,1,,26,1,False
SteerQuant_Meta-Llama-3-1-8B-Instruct_w8a16_bnb_int8_sentiment_L16_r1_COMPLETE_20260714|a10.0|i63,SteerQuant_Meta-Llama-3-1-8B-Instruct_w8a16_bnb_int8_sentiment_L16_r1_COMPLETE_20260714.json,meta-llama/Meta-Llama-3.1-8B-Instruct,w8a16_bnb_int8,r1,10.0,63,56,3,0,1,,3,1,False
SteerQuant_Meta-Llama-3-1-8B-Instruct_w8a16_bnb_int8_sentiment_L16_r1_COMPLETE_20260714|a10.0|i64,SteerQuant_Meta-Llama-3-1-8B-Instruct_w8a16_bnb_int8_sentiment_L16_r1_COMPLETE_20260714.json,meta-llama/Meta-Llama-3.1-8B-Instruct,w8a16_bnb_int8,r1,10.0,64,19,6,0,1,,6,1,False
SteerQuant_Meta-Llama-3-1-8B-Instruct_w8a16_bnb_int8_sentiment_L16_r1_COMPLETE_20260714|a10.0|i65,SteerQuant_Meta-Llama-3-1-8B-Instruct_w8a16_bnb_int8_sentiment_L16_r1_COMPLETE_20260714.json,meta-llama/Meta-Llama-3.1-8B-Instruct,w8a16_bnb_int8,r1,10.0,65,64,300,0,1,,300,1,False
SteerQuant_Meta-Llama-3-1-8B-Instruct_w8a16_bnb_int8_sentiment_L16_r1_COMPLETE_20260714|a10.0|i70,SteerQuant_Meta-Llama-3-1-8B-Instruct_w8a16_bnb_int8_sentiment_L16_r1_COMPLETE_20260714.json,meta-llama/Meta-Llama-3.1-8B-Instruct,w8a16_bnb_int8,r1,10.0,70,22,7,0,1,,7,1,False
SteerQuant_Meta-Llama-3-1-8B-Instruct_w8a16_bnb_int8_sentiment_L16_r1_COMPLETE_20260714|a10.0|i94,SteerQuant_Meta-Llama-3-1-8B-Instruct_w8a16_bnb_int8_sentiment_L16_r1_COMPLETE_20260714.json,meta-llama/Meta-Llama-3.1-8B-Instruct,w8a16_bnb_int8,r1,10.0,94,92,4,0,1,,4,1,False
SteerQuant_Meta-Llama-3-1-8B-Instruct_w8a16_bnb_int8_sentiment_L16_r1_COMPLETE_20260714|a10.0|i117,SteerQuant_Meta-Llama-3-1-8B-Instruct_w8a16_bnb_int8_sentiment_L16_r1_COMPLETE_20260714.json,meta-llama/Meta-Llama-3.1-8B-Instruct,w8a16_bnb_int8,r1,10.0,117,64,300,0,1,,300,1,False
SteerQuant_Meta-Llama-3-1-8B-Instruct_w8a16_bnb_int8_sentiment_L16_r1_COMPLETE_20260714|a10.0|i123,SteerQuant_Meta-Llama-3-1-8B-Instruct_w8a16_bnb_int8_sentiment_L16_r1_COMPLETE_20260714.json,meta-llama/Meta-Llama-3.1-8B-Instruct,w8a16_bnb_int8,r1,10.0,123,55,14,0,1,,14,1,False
SteerQuant_Meta-Llama-3-1-8B-Instruct_w8a16_bnb_int8_sentiment_L16_r1_COMPLETE_20260714|a10.0|i128,SteerQuant_Meta-Llama-3-1-8B-Instruct_w8a16_bnb_int8_sentiment_L16_r1_COMPLETE_20260714.json,meta-llama/Meta-Llama-3.1-8B-Instruct,w8a16_bnb_int8,r1,10.0,128,90,225,0,1,,225,1,False
SteerQuant_Meta-Llama-3-1-8B-Instruct_w8a16_bnb_int8_sentiment_L16_r1_COMPLETE_20260714|a10.0|i133,SteerQuant_Meta-Llama-3-1-8B-Instruct_w8a16_bnb_int8_sentiment_L16_r1_COMPLETE_20260714.json,meta-llama/Meta-Llama-3.1-8B-Instruct,w8a16_bnb_int8,r1,10.0,133,127,120,0,1,,120,1,False
SteerQuant_Meta-Llama-3-1-8B-Instruct_w8a16_bnb_int8_sentiment_L16_r1_COMPLETE_20260714|a10.0|i149,SteerQuant_Meta-Llama-3-1-8B-Instruct_w8a16_bnb_int8_sentiment_L16_r1_COMPLETE_20260714.json,meta-llama/Meta-Llama-3.1-8B-Instruct,w8a16_bnb_int8,r1,10.0,149,57,83,0,1,,83,1,False
SteerQuant_Meta-Llama-3-1-8B-Instruct_w8a16_bnb_int8_sentiment_L16_r1_COMPLETE_20260714|a10.0|i156,SteerQuant_Meta-Llama-3-1-8B-Instruct_w8a16_bnb_int8_sentiment_L16_r1_COMPLETE_20260714.json,meta-llama/Meta-Llama-3.1-8B-Instruct,w8a16_bnb_int8,r1,10.0,156,27,16,0,1,,16,1,False
SteerQuant_Meta-Llama-3-1-8B-Instruct_w8a16_bnb_int8_sentiment_L16_r1_COMPLETE_20260714|a10.0|i172,SteerQuant_Meta-Llama-3-1-8B-Instruct_w8a16_bnb_int8_sentiment_L16_r1_COMPLETE_20260714.json,meta-llama/Meta-Llama-3.1-8B-Instruct,w8a16_bnb_int8,r1,10.0,172,64,300,0,1,,300,1,False
SteerQuant_Meta-Llama-3-1-8B-Instruct_w8a16_bnb_int8_sentiment_L16_r1_COMPLETE_20260714|a10.0|i176,SteerQuant_Meta-Llama-3-1-8B-Instruct_w8a16_bnb_int8_sentiment_L16_r1_COMPLETE_20260714.json,meta-llama/Meta-Llama-3.1-8B-Instruct,w8a16_bnb_int8,r1,10.0,176,54,40,0,1,,40,1,False
SteerQuant_Meta-Llama-3-1-8B-Instruct_w8a16_bnb_int8_sentiment_L16_r1_COMPLETE_20260714|a10.0|i179,SteerQuant_Meta-Llama-3-1-8B-Instruct_w8a16_bnb_int8_sentiment_L16_r1_COMPLETE_20260714.json,meta-llama/Meta-Llama-3.1-8B-Instruct,w8a16_bnb_int8,r1,10.0,179,198,320,0,1,,320,1,False
SteerQuant_Meta-Llama-3-1-8B-Instruct_w8a16_bnb_int8_sentiment_L16_r1_COMPLETE_20260714|a10.0|i184,SteerQuant_Meta-Llama-3-1-8B-Instruct_w8a16_bnb_int8_sentiment_L16_r1_COMPLETE_20260714.json,meta-llama/Meta-Llama-3.1-8B-Instruct,w8a16_bnb_int8,r1,10.0,184,96,3,0,1,,3,1,False
SteerQuant_Meta-Llama-3-1-8B-Instruct_w8a16_bnb_int8_sentiment_L16_r2_COMPLETE_20260714|a0.0|i10,SteerQuant_Meta-Llama-3-1-8B-Instruct_w8a16_bnb_int8_sentiment_L16_r2_COMPLETE_20260714.json,meta-llama/Meta-Llama-3.1-8B-Instruct,w8a16_bnb_int8,r2,0.0,10,56,3,0,1,,3,1,False
SteerQuant_Meta-Llama-3-1-8B-Instruct_w8a16_bnb_int8_sentiment_L16_r2_COMPLETE_20260714|a0.0|i21,SteerQuant_Meta-Llama-3-1-8B-Instruct_w8a16_bnb_int8_sentiment_L16_r2_COMPLETE_20260714.json,meta-llama/Meta-Llama-3.1-8B-Instruct,w8a16_bnb_int8,r2,0.0,21,173,18000,0,1,,18000,1,False
SteerQuant_Meta-Llama-3-1-8B-Instruct_w8a16_bnb_int8_sentiment_L16_r2_COMPLETE_20260714|a0.0|i63,SteerQuant_Meta-Llama-3-1-8B-Instruct_w8a16_bnb_int8_sentiment_L16_r2_COMPLETE_20260714.json,meta-llama/Meta-Llama-3.1-8B-Instruct,w8a16_bnb_int8,r2,0.0,63,198,320,0,1,,320,1,False
SteerQuant_Meta-Llama-3-1-8B-Instruct_w8a16_bnb_int8_sentiment_L16_r2_COMPLETE_20260714|a0.0|i64,SteerQuant_Meta-Llama-3-1-8B-Instruct_w8a16_bnb_int8_sentiment_L16_r2_COMPLETE_20260714.json,meta-llama/Meta-Llama-3.1-8B-Instruct,w8a16_bnb_int8,r2,0.0,64,57,83,0,1,,83,1,False
SteerQuant_Meta-Llama-3-1-8B-Instruct_w8a16_bnb_int8_sentiment_L16_r2_COMPLETE_20260714|a0.0|i69,SteerQuant_Meta-Llama-3-1-8B-Instruct_w8a16_bnb_int8_sentiment_L16_r2_COMPLETE_20260714.json,meta-llama/Meta-Llama-3.1-8B-Instruct,w8a16_bnb_int8,r2,0.0,69,21,14,0,1,,14,1,False
SteerQuant_Meta-Llama-3-1-8B-Instruct_w8a16_bnb_int8_sentiment_L16_r2_COMPLETE_20260714|a0.0|i77,SteerQuant_Meta-Llama-3-1-8B-Instruct_w8a16_bnb_int8_sentiment_L16_r2_COMPLETE_20260714.json,meta-llama/Meta-Llama-3.1-8B-Instruct,w8a16_bnb_int8,r2,0.0,77,97,12,0,1,,12,1,False
SteerQuant_Meta-Llama-3-1-8B-Instruct_w8a16_bnb_int8_sentiment_L16_r2_COMPLETE_20260714|a0.0|i85,SteerQuant_Meta-Llama-3-1-8B-Instruct_w8a16_bnb_int8_sentiment_L16_r2_COMPLETE_20260714.json,meta-llama/Meta-Llama-3.1-8B-Instruct,w8a16_bnb_int8,r2,0.0,85,195,12,0,1,,12,1,False
SteerQuant_Meta-Llama-3-1-8B-Instruct_w8a16_bnb_int8_sentiment_L16_r2_COMPLETE_20260714|a0.0|i95,SteerQuant_Meta-Llama-3-1-8B-Instruct_w8a16_bnb_int8_sentiment_L16_r2_COMPLETE_20260714.json,meta-llama/Meta-Llama-3.1-8B-Instruct,w8a16_bnb_int8,r2,0.0,95,167,16,0,1,,16,1,False
SteerQuant_Meta-Llama-3-1-8B-Instruct_w8a16_bnb_int8_sentiment_L16_r2_COMPLETE_20260714|a0.0|i114,SteerQuant_Meta-Llama-3-1-8B-Instruct_w8a16_bnb_int8_sentiment_L16_r2_COMPLETE_20260714.json,meta-llama/Meta-Llama-3.1-8B-Instruct,w8a16_bnb_int8,r2,0.0,114,124,10,0,1,,10,1,False
SteerQuant_Meta-Llama-3-1-8B-Instruct_w8a16_bnb_int8_sentiment_L16_r2_COMPLETE_20260714|a0.0|i127,SteerQuant_Meta-Llama-3-1-8B-Instruct_w8a16_bnb_int8_sentiment_L16_r2_COMPLETE_20260714.json,meta-llama/Meta-Llama-3.1-8B-Instruct,w8a16_bnb_int8,r2,0.0,127,156,1400,0,1,,1400,1,False
SteerQuant_Meta-Llama-3-1-8B-Instruct_w8a16_bnb_int8_sentiment_L16_r2_COMPLETE_20260714|a0.0|i131,SteerQuant_Meta-Llama-3-1-8B-Instruct_w8a16_bnb_int8_sentiment_L16_r2_COMPLETE_20260714.json,meta-llama/Meta-Llama-3.1-8B-Instruct,w8a16_bnb_int8,r2,0.0,131,181,160,0,1,,160,1,False
SteerQuant_Meta-Llama-3-1-8B-Instruct_w8a16_bnb_int8_sentiment_L16_r2_COMPLETE_20260714|a0.0|i154,SteerQuant_Meta-Llama-3-1-8B-Instruct_w8a16_bnb_int8_sentiment_L16_r2_COMPLETE_20260714.json,meta-llama/Meta-Llama-3.1-8B-Instruct,w8a16_bnb_int8,r2,0.0,154,86,22,0,1,,22,1,False
SteerQuant_Meta-Llama-3-1-8B-Instruct_w8a16_bnb_int8_sentiment_L16_r2_COMPLETE_20260714|a0.0|i157,SteerQuant_Meta-Llama-3-1-8B-Instruct_w8a16_bnb_int8_sentiment_L16_r2_COMPLETE_20260714.json,meta-llama/Meta-Llama-3.1-8B-Instruct,w8a16_bnb_int8,r2,0.0,157,23,8,0,1,,8,1,False
SteerQuant_Meta-Llama-3-1-8B-Instruct_w8a16_bnb_int8_sentiment_L16_r2_COMPLETE_20260714|a0.0|i172,SteerQuant_Meta-Llama-3-1-8B-Instruct_w8a16_bnb_int8_sentiment_L16_r2_COMPLETE_20260714.json,meta-llama/Meta-Llama-3.1-8B-Instruct,w8a16_bnb_int8,r2,0.0,172,124,10,0,1,,10,1,False
SteerQuant_Meta-Llama-3-1-8B-Instruct_w8a16_bnb_int8_sentiment_L16_r2_COMPLETE_20260714|a2.0|i1,SteerQuant_Meta-Llama-3-1-8B-Instruct_w8a16_bnb_int8_sentiment_L16_r2_COMPLETE_20260714.json,meta-llama/Meta-Llama-3.1-8B-Instruct,w8a16_bnb_int8,r2,2.0,1,103,140,0,1,,140,1,False
SteerQuant_Meta-Llama-3-1-8B-Instruct_w8a16_bnb_int8_sentiment_L16_r2_COMPLETE_20260714|a2.0|i3,SteerQuant_Meta-Llama-3-1-8B-Instruct_w8a16_bnb_int8_sentiment_L16_r2_COMPLETE_20260714.json,meta-llama/Meta-Llama-3.1-8B-Instruct,w8a16_bnb_int8,r2,2.0,3,25,2,0,1,,2,1,False
SteerQuant_Meta-Llama-3-1-8B-Instruct_w8a16_bnb_int8_sentiment_L16_r2_COMPLETE_20260714|a2.0|i4,SteerQuant_Meta-Llama-3-1-8B-Instruct_w8a16_bnb_int8_sentiment_L16_r2_COMPLETE_20260714.json,meta-llama/Meta-Llama-3.1-8B-Instruct,w8a16_bnb_int8,r2,2.0,4,199,7500,0,1,,7500,1,False
SteerQuant_Meta-Llama-3-1-8B-Instruct_w8a16_bnb_int8_sentiment_L16_r2_COMPLETE_20260714|a2.0|i6,SteerQuant_Meta-Llama-3-1-8B-Instruct_w8a16_bnb_int8_sentiment_L16_r2_COMPLETE_20260714.json,meta-llama/Meta-Llama-3.1-8B-Instruct,w8a16_bnb_int8,r2,2.0,6,199,7500,0,1,,7500,1,False
SteerQuant_Meta-Llama-3-1-8B-Instruct_w8a16_bnb_int8_sentiment_L16_r2_COMPLETE_20260714|a2.0|i12,SteerQuant_Meta-Llama-3-1-8B-Instruct_w8a16_bnb_int8_sentiment_L16_r2_COMPLETE_20260714.json,meta-llama/Meta-Llama-3.1-8B-Instruct,w8a16_bnb_int8,r2,2.0,12,25,2,0,1,,2,1,False
SteerQuant_Meta-Llama-3-1-8B-Instruct_w8a16_bnb_int8_sentiment_L16_r2_COMPLETE_20260714|a2.0|i25,SteerQuant_Meta-Llama-3-1-8B-Instruct_w8a16_bnb_int8_sentiment_L16_r2_COMPLETE_20260714.json,meta-llama/Meta-Llama-3.1-8B-Instruct,w8a16_bnb_int8,r2,2.0,25,55,14,0,1,,14,1,False
SteerQuant_Meta-Llama-3-1-8B-Instruct_w8a16_bnb_int8_sentiment_L16_r2_COMPLETE_20260714|a2.0|i27,SteerQuant_Meta-Llama-3-1-8B-Instruct_w8a16_bnb_int8_sentiment_L16_r2_COMPLETE_20260714.json,meta-llama/Meta-Llama-3.1-8B-Instruct,w8a16_bnb_int8,r2,2.0,27,130,30,0,1,,30,1,False
SteerQuant_Meta-Llama-3-1-8B-Instruct_w8a16_bnb_int8_sentiment_L16_r2_COMPLETE_20260714|a2.0|i58,SteerQuant_Meta-Llama-3-1-8B-Instruct_w8a16_bnb_int8_sentiment_L16_r2_COMPLETE_20260714.json,meta-llama/Meta-Llama-3.1-8B-Instruct,w8a16_bnb_int8,r2,2.0,58,133,13,0,1,,13,1,False
SteerQuant_Meta-Llama-3-1-8B-Instruct_w8a16_bnb_int8_sentiment_L16_r2_COMPLETE_20260714|a2.0|i63,SteerQuant_Meta-Llama-3-1-8B-Instruct_w8a16_bnb_int8_sentiment_L16_r2_COMPLETE_20260714.json,meta-llama/Meta-Llama-3.1-8B-Instruct,w8a16_bnb_int8,r2,2.0,63,198,320,0,1,,320,1,False
SteerQuant_Meta-Llama-3-1-8B-Instruct_w8a16_bnb_int8_sentiment_L16_r2_COMPLETE_20260714|a2.0|i69,SteerQuant_Meta-Llama-3-1-8B-Instruct_w8a16_bnb_int8_sentiment_L16_r2_COMPLETE_20260714.json,meta-llama/Meta-Llama-3.1-8B-Instruct,w8a16_bnb_int8,r2,2.0,69,21,14,0,1,,14,1,False
SteerQuant_Meta-Llama-3-1-8B-Instruct_w8a16_bnb_int8_sentiment_L16_r2_COMPLETE_20260714|a2.0|i73,SteerQuant_Meta-Llama-3-1-8B-Instruct_w8a16_bnb_int8_sentiment_L16_r2_COMPLETE_20260714.json,meta-llama/Meta-Llama-3.1-8B-Instruct,w8a16_bnb_int8,r2,2.0,73,185,30,0,1,,30,1,False
SteerQuant_Meta-Llama-3-1-8B-Instruct_w8a16_bnb_int8_sentiment_L16_r2_COMPLETE_20260714|a2.0|i76,SteerQuant_Meta-Llama-3-1-8B-Instruct_w8a16_bnb_int8_sentiment_L16_r2_COMPLETE_20260714.json,meta-llama/Meta-Llama-3.1-8B-Instruct,w8a16_bnb_int8,r2,2.0,76,33,70,0,1,,70,1,False
SteerQuant_Meta-Llama-3-1-8B-Instruct_w8a16_bnb_int8_sentiment_L16_r2_COMPLETE_20260714|a2.0|i77,SteerQuant_Meta-Llama-3-1-8B-Instruct_w8a16_bnb_int8_sentiment_L16_r2_COMPLETE_20260714.json,meta-llama/Meta-Llama-3.1-8B-Instruct,w8a16_bnb_int8,r2,2.0,77,97,12,0,1,,12,1,False
SteerQuant_Meta-Llama-3-1-8B-Instruct_w8a16_bnb_int8_sentiment_L16_r2_COMPLETE_20260714|a2.0|i85,SteerQuant_Meta-Llama-3-1-8B-Instruct_w8a16_bnb_int8_sentiment_L16_r2_COMPLETE_20260714.json,meta-llama/Meta-Llama-3.1-8B-Instruct,w8a16_bnb_int8,r2,2.0,85,195,12,0,1,,12,1,False
SteerQuant_Meta-Llama-3-1-8B-Instruct_w8a16_bnb_int8_sentiment_L16_r2_COMPLETE_20260714|a2.0|i87,SteerQuant_Meta-Llama-3-1-8B-Instruct_w8a16_bnb_int8_sentiment_L16_r2_COMPLETE_20260714.json,meta-llama/Meta-Llama-3.1-8B-Instruct,w8a16_bnb_int8,r2,2.0,87,136,6,0,1,,6,1,False
SteerQuant_Meta-Llama-3-1-8B-Instruct_w8a16_bnb_int8_sentiment_L16_r2_COMPLETE_20260714|a2.0|i88,SteerQuant_Meta-Llama-3-1-8B-Instruct_w8a16_bnb_int8_sentiment_L16_r2_COMPLETE_20260714.json,meta-llama/Meta-Llama-3.1-8B-Instruct,w8a16_bnb_int8,r2,2.0,88,117,360,0,1,,360,1,False
SteerQuant_Meta-Llama-3-1-8B-Instruct_w8a16_bnb_int8_sentiment_L16_r2_COMPLETE_20260714|a2.0|i122,SteerQuant_Meta-Llama-3-1-8B-Instruct_w8a16_bnb_int8_sentiment_L16_r2_COMPLETE_20260714.json,meta-llama/Meta-Llama-3.1-8B-Instruct,w8a16_bnb_int8,r2,2.0,122,198,320,0,1,,320,1,False
SteerQuant_Meta-Llama-3-1-8B-Instruct_w8a16_bnb_int8_sentiment_L16_r2_COMPLETE_20260714|a2.0|i127,SteerQuant_Meta-Llama-3-1-8B-Instruct_w8a16_bnb_int8_sentiment_L16_r2_COMPLETE_20260714.json,meta-llama/Meta-Llama-3.1-8B-Instruct,w8a16_bnb_int8,r2,2.0,127,156,1400,0,1,,1400,1,False
SteerQuant_Meta-Llama-3-1-8B-Instruct_w8a16_bnb_int8_sentiment_L16_r2_COMPLETE_20260714|a2.0|i131,SteerQuant_Meta-Llama-3-1-8B-Instruct_w8a16_bnb_int8_sentiment_L16_r2_COMPLETE_20260714.json,meta-llama/Meta-Llama-3.1-8B-Instruct,w8a16_bnb_int8,r2,2.0,131,181,160,0,1,,160,1,False
SteerQuant_Meta-Llama-3-1-8B-Instruct_w8a16_bnb_int8_sentiment_L16_r2_COMPLETE_20260714|a2.0|i134,SteerQuant_Meta-Llama-3-1-8B-Instruct_w8a16_bnb_int8_sentiment_L16_r2_COMPLETE_20260714.json,meta-llama/Meta-Llama-3.1-8B-Instruct,w8a16_bnb_int8,r2,2.0,134,52,15,0,1,,15,1,False
SteerQuant_Meta-Llama-3-1-8B-Instruct_w8a16_bnb_int8_sentiment_L16_r2_COMPLETE_20260714|a2.0|i136,SteerQuant_Meta-Llama-3-1-8B-Instruct_w8a16_bnb_int8_sentiment_L16_r2_COMPLETE_20260714.json,meta-llama/Meta-Llama-3.1-8B-Instruct,w8a16_bnb_int8,r2,2.0,136,117,360,0,1,,360,1,False
SteerQuant_Meta-Llama-3-1-8B-Instruct_w8a16_bnb_int8_sentiment_L16_r2_COMPLETE_20260714|a2.0|i141,SteerQuant_Meta-Llama-3-1-8B-Instruct_w8a16_bnb_int8_sentiment_L16_r2_COMPLETE_20260714.json,meta-llama/Meta-Llama-3.1-8B-Instruct,w8a16_bnb_int8,r2,2.0,141,122,48,0,1,,48,1,False
SteerQuant_Meta-Llama-3-1-8B-Instruct_w8a16_bnb_int8_sentiment_L16_r2_COMPLETE_20260714|a2.0|i145,SteerQuant_Meta-Llama-3-1-8B-Instruct_w8a16_bnb_int8_sentiment_L16_r2_COMPLETE_20260714.json,meta-llama/Meta-Llama-3.1-8B-Instruct,w8a16_bnb_int8,r2,2.0,145,103,140,0,1,,140,1,False
SteerQuant_Meta-Llama-3-1-8B-Instruct_w8a16_bnb_int8_sentiment_L16_r2_COMPLETE_20260714|a2.0|i146,SteerQuant_Meta-Llama-3-1-8B-Instruct_w8a16_bnb_int8_sentiment_L16_r2_COMPLETE_20260714.json,meta-llama/Meta-Llama-3.1-8B-Instruct,w8a16_bnb_int8,r2,2.0,146,176,100,0,1,,100,1,False
SteerQuant_Meta-Llama-3-1-8B-Instruct_w8a16_bnb_int8_sentiment_L16_r2_COMPLETE_20260714|a2.0|i152,SteerQuant_Meta-Llama-3-1-8B-Instruct_w8a16_bnb_int8_sentiment_L16_r2_COMPLETE_20260714.json,meta-llama/Meta-Llama-3.1-8B-Instruct,w8a16_bnb_int8,r2,2.0,152,21,14,0,1,,14,1,False
SteerQuant_Meta-Llama-3-1-8B-Instruct_w8a16_bnb_int8_sentiment_L16_r2_COMPLETE_20260714|a2.0|i153,SteerQuant_Meta-Llama-3-1-8B-Instruct_w8a16_bnb_int8_sentiment_L16_r2_COMPLETE_20260714.json,meta-llama/Meta-Llama-3.1-8B-Instruct,w8a16_bnb_int8,r2,2.0,153,135,40,0,1,,40,1,False
SteerQuant_Meta-Llama-3-1-8B-Instruct_w8a16_bnb_int8_sentiment_L16_r2_COMPLETE_20260714|a2.0|i157,SteerQuant_Meta-Llama-3-1-8B-Instruct_w8a16_bnb_int8_sentiment_L16_r2_COMPLETE_20260714.json,meta-llama/Meta-Llama-3.1-8B-Instruct,w8a16_bnb_int8,r2,2.0,157,23,8,0,1,,8,1,False
SteerQuant_Meta-Llama-3-1-8B-Instruct_w8a16_bnb_int8_sentiment_L16_r2_COMPLETE_20260714|a2.0|i168,SteerQuant_Meta-Llama-3-1-8B-Instruct_w8a16_bnb_int8_sentiment_L16_r2_COMPLETE_20260714.json,meta-llama/Meta-Llama-3.1-8B-Instruct,w8a16_bnb_int8,r2,2.0,168,14,60,0,1,,60,1,False
SteerQuant_Meta-Llama-3-1-8B-Instruct_w8a16_bnb_int8_sentiment_L16_r2_COMPLETE_20260714|a2.0|i171,SteerQuant_Meta-Llama-3-1-8B-Instruct_w8a16_bnb_int8_sentiment_L16_r2_COMPLETE_20260714.json,meta-llama/Meta-Llama-3.1-8B-Instruct,w8a16_bnb_int8,r2,2.0,171,65,36,0,1,,36,1,False
SteerQuant_Meta-Llama-3-1-8B-Instruct_w8a16_bnb_int8_sentiment_L16_r2_COMPLETE_20260714|a2.0|i176,SteerQuant_Meta-Llama-3-1-8B-Instruct_w8a16_bnb_int8_sentiment_L16_r2_COMPLETE_20260714.json,meta-llama/Meta-Llama-3.1-8B-Instruct,w8a16_bnb_int8,r2,2.0,176,122,48,0,1,,48,1,False
SteerQuant_Meta-Llama-3-1-8B-Instruct_w8a16_bnb_int8_sentiment_L16_r2_COMPLETE_20260714|a2.0|i191,SteerQuant_Meta-Llama-3-1-8B-Instruct_w8a16_bnb_int8_sentiment_L16_r2_COMPLETE_20260714.json,meta-llama/Meta-Llama-3.1-8B-Instruct,w8a16_bnb_int8,r2,2.0,191,104,500,0,1,,500,1,False
SteerQuant_Meta-Llama-3-1-8B-Instruct_w8a16_bnb_int8_sentiment_L16_r2_COMPLETE_20260714|a4.0|i1,SteerQuant_Meta-Llama-3-1-8B-Instruct_w8a16_bnb_int8_sentiment_L16_r2_COMPLETE_20260714.json,meta-llama/Meta-Llama-3.1-8B-Instruct,w8a16_bnb_int8,r2,4.0,1,103,140,0,1,,140,1,False
SteerQuant_Meta-Llama-3-1-8B-Instruct_w8a16_bnb_int8_sentiment_L16_r2_COMPLETE_20260714|a4.0|i4,SteerQuant_Meta-Llama-3-1-8B-Instruct_w8a16_bnb_int8_sentiment_L16_r2_COMPLETE_20260714.json,meta-llama/Meta-Llama-3.1-8B-Instruct,w8a16_bnb_int8,r2,4.0,4,199,7500,0,1,,7500,1,False
SteerQuant_Meta-Llama-3-1-8B-Instruct_w8a16_bnb_int8_sentiment_L16_r2_COMPLETE_20260714|a4.0|i6,SteerQuant_Meta-Llama-3-1-8B-Instruct_w8a16_bnb_int8_sentiment_L16_r2_COMPLETE_20260714.json,meta-llama/Meta-Llama-3.1-8B-Instruct,w8a16_bnb_int8,r2,4.0,6,199,7500,0,1,,7500,1,False
SteerQuant_Meta-Llama-3-1-8B-Instruct_w8a16_bnb_int8_sentiment_L16_r2_COMPLETE_20260714|a4.0|i16,SteerQuant_Meta-Llama-3-1-8B-Instruct_w8a16_bnb_int8_sentiment_L16_r2_COMPLETE_20260714.json,meta-llama/Meta-Llama-3.1-8B-Instruct,w8a16_bnb_int8,r2,4.0,16,63,1596,0,1,,1596,1,False
SteerQuant_Meta-Llama-3-1-8B-Instruct_w8a16_bnb_int8_sentiment_L16_r2_COMPLETE_20260714|a4.0|i22,SteerQuant_Meta-Llama-3-1-8B-Instruct_w8a16_bnb_int8_sentiment_L16_r2_COMPLETE_20260714.json,meta-llama/Meta-Llama-3.1-8B-Instruct,w8a16_bnb_int8,r2,4.0,22,195,12,0,1,,12,1,False
SteerQuant_Meta-Llama-3-1-8B-Instruct_w8a16_bnb_int8_sentiment_L16_r2_COMPLETE_20260714|a4.0|i25,SteerQuant_Meta-Llama-3-1-8B-Instruct_w8a16_bnb_int8_sentiment_L16_r2_COMPLETE_20260714.json,meta-llama/Meta-Llama-3.1-8B-Instruct,w8a16_bnb_int8,r2,4.0,25,55,14,0,1,,14,1,False
SteerQuant_Meta-Llama-3-1-8B-Instruct_w8a16_bnb_int8_sentiment_L16_r2_COMPLETE_20260714|a4.0|i27,SteerQuant_Meta-Llama-3-1-8B-Instruct_w8a16_bnb_int8_sentiment_L16_r2_COMPLETE_20260714.json,meta-llama/Meta-Llama-3.1-8B-Instruct,w8a16_bnb_int8,r2,4.0,27,130,30,0,1,,30,1,False
SteerQuant_Meta-Llama-3-1-8B-Instruct_w8a16_bnb_int8_sentiment_L16_r2_COMPLETE_20260714|a4.0|i36,SteerQuant_Meta-Llama-3-1-8B-Instruct_w8a16_bnb_int8_sentiment_L16_r2_COMPLETE_20260714.json,meta-llama/Meta-Llama-3.1-8B-Instruct,w8a16_bnb_int8,r2,4.0,36,117,360,0,1,,360,1,False
SteerQuant_Meta-Llama-3-1-8B-Instruct_w8a16_bnb_int8_sentiment_L16_r2_COMPLETE_20260714|a4.0|i48,SteerQuant_Meta-Llama-3-1-8B-Instruct_w8a16_bnb_int8_sentiment_L16_r2_COMPLETE_20260714.json,meta-llama/Meta-Llama-3.1-8B-Instruct,w8a16_bnb_int8,r2,4.0,48,0,18,0,1,,18,1,False
SteerQuant_Meta-Llama-3-1-8B-Instruct_w8a16_bnb_int8_sentiment_L16_r2_COMPLETE_20260714|a4.0|i56,SteerQuant_Meta-Llama-3-1-8B-Instruct_w8a16_bnb_int8_sentiment_L16_r2_COMPLETE_20260714.json,meta-llama/Meta-Llama-3.1-8B-Instruct,w8a16_bnb_int8,r2,4.0,56,92,4,0,1,,4,1,False
SteerQuant_Meta-Llama-3-1-8B-Instruct_w8a16_bnb_int8_sentiment_L16_r2_COMPLETE_20260714|a4.0|i60,SteerQuant_Meta-Llama-3-1-8B-Instruct_w8a16_bnb_int8_sentiment_L16_r2_COMPLETE_20260714.json,meta-llama/Meta-Llama-3.1-8B-Instruct,w8a16_bnb_int8,r2,4.0,60,168,18,0,1,,18,1,False
SteerQuant_Meta-Llama-3-1-8B-Instruct_w8a16_bnb_int8_sentiment_L16_r2_COMPLETE_20260714|a4.0|i63,SteerQuant_Meta-Llama-3-1-8B-Instruct_w8a16_bnb_int8_sentiment_L16_r2_COMPLETE_20260714.json,meta-llama/Meta-Llama-3.1-8B-Instruct,w8a16_bnb_int8,r2,4.0,63,198,320,0,1,,320,1,False
SteerQuant_Meta-Llama-3-1-8B-Instruct_w8a16_bnb_int8_sentiment_L16_r2_COMPLETE_20260714|a4.0|i64,SteerQuant_Meta-Llama-3-1-8B-Instruct_w8a16_bnb_int8_sentiment_L16_r2_COMPLETE_20260714.json,meta-llama/Meta-Llama-3.1-8B-Instruct,w8a16_bnb_int8,r2,4.0,64,57,83,0,1,,83,1,False
SteerQuant_Meta-Llama-3-1-8B-Instruct_w8a16_bnb_int8_sentiment_L16_r2_COMPLETE_20260714|a4.0|i70,SteerQuant_Meta-Llama-3-1-8B-Instruct_w8a16_bnb_int8_sentiment_L16_r2_COMPLETE_20260714.json,meta-llama/Meta-Llama-3.1-8B-Instruct,w8a16_bnb_int8,r2,4.0,70,166,5,0,1,,5,1,False
SteerQuant_Meta-Llama-3-1-8B-Instruct_w8a16_bnb_int8_sentiment_L16_r2_COMPLETE_20260714|a4.0|i76,SteerQuant_Meta-Llama-3-1-8B-Instruct_w8a16_bnb_int8_sentiment_L16_r2_COMPLETE_20260714.json,meta-llama/Meta-Llama-3.1-8B-Instruct,w8a16_bnb_int8,r2,4.0,76,33,70,0,1,,70,1,False
SteerQuant_Meta-Llama-3-1-8B-Instruct_w8a16_bnb_int8_sentiment_L16_r2_COMPLETE_20260714|a4.0|i77,SteerQuant_Meta-Llama-3-1-8B-Instruct_w8a16_bnb_int8_sentiment_L16_r2_COMPLETE_20260714.json,meta-llama/Meta-Llama-3.1-8B-Instruct,w8a16_bnb_int8,r2,4.0,77,97,12,0,1,,12,1,False
SteerQuant_Meta-Llama-3-1-8B-Instruct_w8a16_bnb_int8_sentiment_L16_r2_COMPLETE_20260714|a4.0|i85,SteerQuant_Meta-Llama-3-1-8B-Instruct_w8a16_bnb_int8_sentiment_L16_r2_COMPLETE_20260714.json,meta-llama/Meta-Llama-3.1-8B-Instruct,w8a16_bnb_int8,r2,4.0,85,195,12,0,1,,12,1,False
SteerQuant_Meta-Llama-3-1-8B-Instruct_w8a16_bnb_int8_sentiment_L16_r2_COMPLETE_20260714|a4.0|i88,SteerQuant_Meta-Llama-3-1-8B-Instruct_w8a16_bnb_int8_sentiment_L16_r2_COMPLETE_20260714.json,meta-llama/Meta-Llama-3.1-8B-Instruct,w8a16_bnb_int8,r2,4.0,88,117,360,0,1,,360,1,False
SteerQuant_Meta-Llama-3-1-8B-Instruct_w8a16_bnb_int8_sentiment_L16_r2_COMPLETE_20260714|a4.0|i94,SteerQuant_Meta-Llama-3-1-8B-Instruct_w8a16_bnb_int8_sentiment_L16_r2_COMPLETE_20260714.json,meta-llama/Meta-Llama-3.1-8B-Instruct,w8a16_bnb_int8,r2,4.0,94,14,60,0,1,,60,1,False
SteerQuant_Meta-Llama-3-1-8B-Instruct_w8a16_bnb_int8_sentiment_L16_r2_COMPLETE_20260714|a4.0|i95,SteerQuant_Meta-Llama-3-1-8B-Instruct_w8a16_bnb_int8_sentiment_L16_r2_COMPLETE_20260714.json,meta-llama/Meta-Llama-3.1-8B-Instruct,w8a16_bnb_int8,r2,4.0,95,167,16,0,1,,16,1,False
SteerQuant_Meta-Llama-3-1-8B-Instruct_w8a16_bnb_int8_sentiment_L16_r2_COMPLETE_20260714|a4.0|i97,SteerQuant_Meta-Llama-3-1-8B-Instruct_w8a16_bnb_int8_sentiment_L16_r2_COMPLETE_20260714.json,meta-llama/Meta-Llama-3.1-8B-Instruct,w8a16_bnb_int8,r2,4.0,97,50,294,0,1,,294,1,False
SteerQuant_Meta-Llama-3-1-8B-Instruct_w8a16_bnb_int8_sentiment_L16_r2_COMPLETE_20260714|a4.0|i102,SteerQuant_Meta-Llama-3-1-8B-Instruct_w8a16_bnb_int8_sentiment_L16_r2_COMPLETE_20260714.json,meta-llama/Meta-Llama-3.1-8B-Instruct,w8a16_bnb_int8,r2,4.0,102,27,16,0,1,,16,1,False
SteerQuant_Meta-Llama-3-1-8B-Instruct_w8a16_bnb_int8_sentiment_L16_r2_COMPLETE_20260714|a4.0|i121,SteerQuant_Meta-Llama-3-1-8B-Instruct_w8a16_bnb_int8_sentiment_L16_r2_COMPLETE_20260714.json,meta-llama/Meta-Llama-3.1-8B-Instruct,w8a16_bnb_int8,r2,4.0,121,88,8000,0,1,,8000,1,False
SteerQuant_Meta-Llama-3-1-8B-Instruct_w8a16_bnb_int8_sentiment_L16_r2_COMPLETE_20260714|a4.0|i122,SteerQuant_Meta-Llama-3-1-8B-Instruct_w8a16_bnb_int8_sentiment_L16_r2_COMPLETE_20260714.json,meta-llama/Meta-Llama-3.1-8B-Instruct,w8a16_bnb_int8,r2,4.0,122,198,320,0,1,,320,1,False
SteerQuant_Meta-Llama-3-1-8B-Instruct_w8a16_bnb_int8_sentiment_L16_r2_COMPLETE_20260714|a4.0|i127,SteerQuant_Meta-Llama-3-1-8B-Instruct_w8a16_bnb_int8_sentiment_L16_r2_COMPLETE_20260714.json,meta-llama/Meta-Llama-3.1-8B-Instruct,w8a16_bnb_int8,r2,4.0,127,156,1400,0,1,,1400,1,False
SteerQuant_Meta-Llama-3-1-8B-Instruct_w8a16_bnb_int8_sentiment_L16_r2_COMPLETE_20260714|a4.0|i129,SteerQuant_Meta-Llama-3-1-8B-Instruct_w8a16_bnb_int8_sentiment_L16_r2_COMPLETE_20260714.json,meta-llama/Meta-Llama-3.1-8B-Instruct,w8a16_bnb_int8,r2,4.0,129,185,30,0,1,,30,1,False
SteerQuant_Meta-Llama-3-1-8B-Instruct_w8a16_bnb_int8_sentiment_L16_r2_COMPLETE_20260714|a4.0|i131,SteerQuant_Meta-Llama-3-1-8B-Instruct_w8a16_bnb_int8_sentiment_L16_r2_COMPLETE_20260714.json,meta-llama/Meta-Llama-3.1-8B-Instruct,w8a16_bnb_int8,r2,4.0,131,181,160,0,1,,160,1,False
SteerQuant_Meta-Llama-3-1-8B-Instruct_w8a16_bnb_int8_sentiment_L16_r2_COMPLETE_20260714|a4.0|i134,SteerQuant_Meta-Llama-3-1-8B-Instruct_w8a16_bnb_int8_sentiment_L16_r2_COMPLETE_20260714.json,meta-llama/Meta-Llama-3.1-8B-Instruct,w8a16_bnb_int8,r2,4.0,134,52,15,0,1,,15,1,False
SteerQuant_Meta-Llama-3-1-8B-Instruct_w8a16_bnb_int8_sentiment_L16_r2_COMPLETE_20260714|a4.0|i136,SteerQuant_Meta-Llama-3-1-8B-Instruct_w8a16_bnb_int8_sentiment_L16_r2_COMPLETE_20260714.json,meta-llama/Meta-Llama-3.1-8B-Instruct,w8a16_bnb_int8,r2,4.0,136,117,360,0,1,,360,1,False
SteerQuant_Meta-Llama-3-1-8B-Instruct_w8a16_bnb_int8_sentiment_L16_r2_COMPLETE_20260714|a4.0|i138,SteerQuant_Meta-Llama-3-1-8B-Instruct_w8a16_bnb_int8_sentiment_L16_r2_COMPLETE_20260714.json,meta-llama/Meta-Llama-3.1-8B-Instruct,w8a16_bnb_int8,r2,4.0,138,99,58,0,1,,58,1,False
SteerQuant_Meta-Llama-3-1-8B-Instruct_w8a16_bnb_int8_sentiment_L16_r2_COMPLETE_20260714|a4.0|i144,SteerQuant_Meta-Llama-3-1-8B-Instruct_w8a16_bnb_int8_sentiment_L16_r2_COMPLETE_20260714.json,meta-llama/Meta-Llama-3.1-8B-Instruct,w8a16_bnb_int8,r2,4.0,144,126,82,0,1,,82,1,False
SteerQuant_Meta-Llama-3-1-8B-Instruct_w8a16_bnb_int8_sentiment_L16_r2_COMPLETE_20260714|a4.0|i145,SteerQuant_Meta-Llama-3-1-8B-Instruct_w8a16_bnb_int8_sentiment_L16_r2_COMPLETE_20260714.json,meta-llama/Meta-Llama-3.1-8B-Instruct,w8a16_bnb_int8,r2,4.0,145,103,140,0,1,,140,1,False
SteerQuant_Meta-Llama-3-1-8B-Instruct_w8a16_bnb_int8_sentiment_L16_r2_COMPLETE_20260714|a4.0|i146,SteerQuant_Meta-Llama-3-1-8B-Instruct_w8a16_bnb_int8_sentiment_L16_r2_COMPLETE_20260714.json,meta-llama/Meta-Llama-3.1-8B-Instruct,w8a16_bnb_int8,r2,4.0,146,176,100,0,1,,100,1,False
SteerQuant_Meta-Llama-3-1-8B-Instruct_w8a16_bnb_int8_sentiment_L16_r2_COMPLETE_20260714|a4.0|i153,SteerQuant_Meta-Llama-3-1-8B-Instruct_w8a16_bnb_int8_sentiment_L16_r2_COMPLETE_20260714.json,meta-llama/Meta-Llama-3.1-8B-Instruct,w8a16_bnb_int8,r2,4.0,153,135,40,0,1,,40,1,False
SteerQuant_Meta-Llama-3-1-8B-Instruct_w8a16_bnb_int8_sentiment_L16_r2_COMPLETE_20260714|a4.0|i157,SteerQuant_Meta-Llama-3-1-8B-Instruct_w8a16_bnb_int8_sentiment_L16_r2_COMPLETE_20260714.json,meta-llama/Meta-Llama-3.1-8B-Instruct,w8a16_bnb_int8,r2,4.0,157,23,8,0,1,,8,1,False
SteerQuant_Meta-Llama-3-1-8B-Instruct_w8a16_bnb_int8_sentiment_L16_r2_COMPLETE_20260714|a4.0|i159,SteerQuant_Meta-Llama-3-1-8B-Instruct_w8a16_bnb_int8_sentiment_L16_r2_COMPLETE_20260714.json,meta-llama/Meta-Llama-3.1-8B-Instruct,w8a16_bnb_int8,r2,4.0,159,167,16,0,1,,16,1,False
SteerQuant_Meta-Llama-3-1-8B-Instruct_w8a16_bnb_int8_sentiment_L16_r2_COMPLETE_20260714|a4.0|i168,SteerQuant_Meta-Llama-3-1-8B-Instruct_w8a16_bnb_int8_sentiment_L16_r2_COMPLETE_20260714.json,meta-llama/Meta-Llama-3.1-8B-Instruct,w8a16_bnb_int8,r2,4.0,168,14,60,0,1,,60,1,False
SteerQuant_Meta-Llama-3-1-8B-Instruct_w8a16_bnb_int8_sentiment_L16_r2_COMPLETE_20260714|a4.0|i172,SteerQuant_Meta-Llama-3-1-8B-Instruct_w8a16_bnb_int8_sentiment_L16_r2_COMPLETE_20260714.json,meta-llama/Meta-Llama-3.1-8B-Instruct,w8a16_bnb_int8,r2,4.0,172,124,10,0,1,,10,1,False
SteerQuant_Meta-Llama-3-1-8B-Instruct_w8a16_bnb_int8_sentiment_L16_r2_COMPLETE_20260714|a4.0|i179,SteerQuant_Meta-Llama-3-1-8B-Instruct_w8a16_bnb_int8_sentiment_L16_r2_COMPLETE_20260714.json,meta-llama/Meta-Llama-3.1-8B-Instruct,w8a16_bnb_int8,r2,4.0,179,14,60,0,1,,60,1,False
SteerQuant_Meta-Llama-3-1-8B-Instruct_w8a16_bnb_int8_sentiment_L16_r2_COMPLETE_20260714|a4.0|i183,SteerQuant_Meta-Llama-3-1-8B-Instruct_w8a16_bnb_int8_sentiment_L16_r2_COMPLETE_20260714.json,meta-llama/Meta-Llama-3.1-8B-Instruct,w8a16_bnb_int8,r2,4.0,183,108,50,0,1,,50,1,False
SteerQuant_Meta-Llama-3-1-8B-Instruct_w8a16_bnb_int8_sentiment_L16_r2_COMPLETE_20260714|a4.0|i186,SteerQuant_Meta-Llama-3-1-8B-Instruct_w8a16_bnb_int8_sentiment_L16_r2_COMPLETE_20260714.json,meta-llama/Meta-Llama-3.1-8B-Instruct,w8a16_bnb_int8,r2,4.0,186,56,3,0,1,,3,1,False
SteerQuant_Meta-Llama-3-1-8B-Instruct_w8a16_bnb_int8_sentiment_L16_r2_COMPLETE_20260714|a4.0|i187,SteerQuant_Meta-Llama-3-1-8B-Instruct_w8a16_bnb_int8_sentiment_L16_r2_COMPLETE_20260714.json,meta-llama/Meta-Llama-3.1-8B-Instruct,w8a16_bnb_int8,r2,4.0,187,83,600,0,1,,600,1,False
SteerQuant_Meta-Llama-3-1-8B-Instruct_w8a16_bnb_int8_sentiment_L16_r2_COMPLETE_20260714|a6.0|i1,SteerQuant_Meta-Llama-3-1-8B-Instruct_w8a16_bnb_int8_sentiment_L16_r2_COMPLETE_20260714.json,meta-llama/Meta-Llama-3.1-8B-Instruct,w8a16_bnb_int8,r2,6.0,1,103,140,0,1,,140,1,False
SteerQuant_Meta-Llama-3-1-8B-Instruct_w8a16_bnb_int8_sentiment_L16_r2_COMPLETE_20260714|a6.0|i4,SteerQuant_Meta-Llama-3-1-8B-Instruct_w8a16_bnb_int8_sentiment_L16_r2_COMPLETE_20260714.json,meta-llama/Meta-Llama-3.1-8B-Instruct,w8a16_bnb_int8,r2,6.0,4,199,7500,0,1,,7500,1,False
SteerQuant_Meta-Llama-3-1-8B-Instruct_w8a16_bnb_int8_sentiment_L16_r2_COMPLETE_20260714|a6.0|i6,SteerQuant_Meta-Llama-3-1-8B-Instruct_w8a16_bnb_int8_sentiment_L16_r2_COMPLETE_20260714.json,meta-llama/Meta-Llama-3.1-8B-Instruct,w8a16_bnb_int8,r2,6.0,6,199,7500,0,1,,7500,1,False
SteerQuant_Meta-Llama-3-1-8B-Instruct_w8a16_bnb_int8_sentiment_L16_r2_COMPLETE_20260714|a6.0|i11,SteerQuant_Meta-Llama-3-1-8B-Instruct_w8a16_bnb_int8_sentiment_L16_r2_COMPLETE_20260714.json,meta-llama/Meta-Llama-3.1-8B-Instruct,w8a16_bnb_int8,r2,6.0,11,194,10,0,1,,10,1,False
SteerQuant_Meta-Llama-3-1-8B-Instruct_w8a16_bnb_int8_sentiment_L16_r2_COMPLETE_20260714|a6.0|i14,SteerQuant_Meta-Llama-3-1-8B-Instruct_w8a16_bnb_int8_sentiment_L16_r2_COMPLETE_20260714.json,meta-llama/Meta-Llama-3.1-8B-Instruct,w8a16_bnb_int8,r2,6.0,14,79,70,0,1,,70,1,False
SteerQuant_Meta-Llama-3-1-8B-Instruct_w8a16_bnb_int8_sentiment_L16_r2_COMPLETE_20260714|a6.0|i25,SteerQuant_Meta-Llama-3-1-8B-Instruct_w8a16_bnb_int8_sentiment_L16_r2_COMPLETE_20260714.json,meta-llama/Meta-Llama-3.1-8B-Instruct,w8a16_bnb_int8,r2,6.0,25,55,14,0,1,,14,1,False
SteerQuant_Meta-Llama-3-1-8B-Instruct_w8a16_bnb_int8_sentiment_L16_r2_COMPLETE_20260714|a6.0|i30,SteerQuant_Meta-Llama-3-1-8B-Instruct_w8a16_bnb_int8_sentiment_L16_r2_COMPLETE_20260714.json,meta-llama/Meta-Llama-3.1-8B-Instruct,w8a16_bnb_int8,r2,6.0,30,88,8000,0,1,,8000,1,False
SteerQuant_Meta-Llama-3-1-8B-Instruct_w8a16_bnb_int8_sentiment_L16_r2_COMPLETE_20260714|a6.0|i48,SteerQuant_Meta-Llama-3-1-8B-Instruct_w8a16_bnb_int8_sentiment_L16_r2_COMPLETE_20260714.json,meta-llama/Meta-Llama-3.1-8B-Instruct,w8a16_bnb_int8,r2,6.0,48,0,18,0,1,,18,1,False
SteerQuant_Meta-Llama-3-1-8B-Instruct_w8a16_bnb_int8_sentiment_L16_r2_COMPLETE_20260714|a6.0|i56,SteerQuant_Meta-Llama-3-1-8B-Instruct_w8a16_bnb_int8_sentiment_L16_r2_COMPLETE_20260714.json,meta-llama/Meta-Llama-3.1-8B-Instruct,w8a16_bnb_int8,r2,6.0,56,92,4,0,1,,4,1,False
SteerQuant_Meta-Llama-3-1-8B-Instruct_w8a16_bnb_int8_sentiment_L16_r2_COMPLETE_20260714|a6.0|i64,SteerQuant_Meta-Llama-3-1-8B-Instruct_w8a16_bnb_int8_sentiment_L16_r2_COMPLETE_20260714.json,meta-llama/Meta-Llama-3.1-8B-Instruct,w8a16_bnb_int8,r2,6.0,64,57,83,0,1,,83,1,False
SteerQuant_Meta-Llama-3-1-8B-Instruct_w8a16_bnb_int8_sentiment_L16_r2_COMPLETE_20260714|a6.0|i72,SteerQuant_Meta-Llama-3-1-8B-Instruct_w8a16_bnb_int8_sentiment_L16_r2_COMPLETE_20260714.json,meta-llama/Meta-Llama-3.1-8B-Instruct,w8a16_bnb_int8,r2,6.0,72,64,300,0,1,,300,1,False
SteerQuant_Meta-Llama-3-1-8B-Instruct_w8a16_bnb_int8_sentiment_L16_r2_COMPLETE_20260714|a6.0|i97,SteerQuant_Meta-Llama-3-1-8B-Instruct_w8a16_bnb_int8_sentiment_L16_r2_COMPLETE_20260714.json,meta-llama/Meta-Llama-3.1-8B-Instruct,w8a16_bnb_int8,r2,6.0,97,50,294,0,1,,294,1,False
SteerQuant_Meta-Llama-3-1-8B-Instruct_w8a16_bnb_int8_sentiment_L16_r2_COMPLETE_20260714|a6.0|i102,SteerQuant_Meta-Llama-3-1-8B-Instruct_w8a16_bnb_int8_sentiment_L16_r2_COMPLETE_20260714.json,meta-llama/Meta-Llama-3.1-8B-Instruct,w8a16_bnb_int8,r2,6.0,102,27,16,0,1,,16,1,False
SteerQuant_Meta-Llama-3-1-8B-Instruct_w8a16_bnb_int8_sentiment_L16_r2_COMPLETE_20260714|a6.0|i112,SteerQuant_Meta-Llama-3-1-8B-Instruct_w8a16_bnb_int8_sentiment_L16_r2_COMPLETE_20260714.json,meta-llama/Meta-Llama-3.1-8B-Instruct,w8a16_bnb_int8,r2,6.0,112,93,36,0,1,,36,1,False
SteerQuant_Meta-Llama-3-1-8B-Instruct_w8a16_bnb_int8_sentiment_L16_r2_COMPLETE_20260714|a6.0|i114,SteerQuant_Meta-Llama-3-1-8B-Instruct_w8a16_bnb_int8_sentiment_L16_r2_COMPLETE_20260714.json,meta-llama/Meta-Llama-3.1-8B-Instruct,w8a16_bnb_int8,r2,6.0,114,124,10,0,1,,10,1,False
SteerQuant_Meta-Llama-3-1-8B-Instruct_w8a16_bnb_int8_sentiment_L16_r2_COMPLETE_20260714|a6.0|i121,SteerQuant_Meta-Llama-3-1-8B-Instruct_w8a16_bnb_int8_sentiment_L16_r2_COMPLETE_20260714.json,meta-llama/Meta-Llama-3.1-8B-Instruct,w8a16_bnb_int8,r2,6.0,121,88,8000,0,1,,8000,1,False
SteerQuant_Meta-Llama-3-1-8B-Instruct_w8a16_bnb_int8_sentiment_L16_r2_COMPLETE_20260714|a6.0|i127,SteerQuant_Meta-Llama-3-1-8B-Instruct_w8a16_bnb_int8_sentiment_L16_r2_COMPLETE_20260714.json,meta-llama/Meta-Llama-3.1-8B-Instruct,w8a16_bnb_int8,r2,6.0,127,156,1400,0,1,,1400,1,False
SteerQuant_Meta-Llama-3-1-8B-Instruct_w8a16_bnb_int8_sentiment_L16_r2_COMPLETE_20260714|a6.0|i128,SteerQuant_Meta-Llama-3-1-8B-Instruct_w8a16_bnb_int8_sentiment_L16_r2_COMPLETE_20260714.json,meta-llama/Meta-Llama-3.1-8B-Instruct,w8a16_bnb_int8,r2,6.0,128,196,120,0,1,,120,1,False
SteerQuant_Meta-Llama-3-1-8B-Instruct_w8a16_bnb_int8_sentiment_L16_r2_COMPLETE_20260714|a6.0|i131,SteerQuant_Meta-Llama-3-1-8B-Instruct_w8a16_bnb_int8_sentiment_L16_r2_COMPLETE_20260714.json,meta-llama/Meta-Llama-3.1-8B-Instruct,w8a16_bnb_int8,r2,6.0,131,181,160,0,1,,160,1,False
SteerQuant_Meta-Llama-3-1-8B-Instruct_w8a16_bnb_int8_sentiment_L16_r2_COMPLETE_20260714|a6.0|i133,SteerQuant_Meta-Llama-3-1-8B-Instruct_w8a16_bnb_int8_sentiment_L16_r2_COMPLETE_20260714.json,meta-llama/Meta-Llama-3.1-8B-Instruct,w8a16_bnb_int8,r2,6.0,133,197,6277,0,1,,6277,1,False
SteerQuant_Meta-Llama-3-1-8B-Instruct_w8a16_bnb_int8_sentiment_L16_r2_COMPLETE_20260714|a6.0|i134,SteerQuant_Meta-Llama-3-1-8B-Instruct_w8a16_bnb_int8_sentiment_L16_r2_COMPLETE_20260714.json,meta-llama/Meta-Llama-3.1-8B-Instruct,w8a16_bnb_int8,r2,6.0,134,52,15,0,1,,15,1,False
SteerQuant_Meta-Llama-3-1-8B-Instruct_w8a16_bnb_int8_sentiment_L16_r2_COMPLETE_20260714|a6.0|i136,SteerQuant_Meta-Llama-3-1-8B-Instruct_w8a16_bnb_int8_sentiment_L16_r2_COMPLETE_20260714.json,meta-llama/Meta-Llama-3.1-8B-Instruct,w8a16_bnb_int8,r2,6.0,136,117,360,0,1,,360,1,False
SteerQuant_Meta-Llama-3-1-8B-Instruct_w8a16_bnb_int8_sentiment_L16_r2_COMPLETE_20260714|a6.0|i145,SteerQuant_Meta-Llama-3-1-8B-Instruct_w8a16_bnb_int8_sentiment_L16_r2_COMPLETE_20260714.json,meta-llama/Meta-Llama-3.1-8B-Instruct,w8a16_bnb_int8,r2,6.0,145,103,140,0,1,,140,1,False
SteerQuant_Meta-Llama-3-1-8B-Instruct_w8a16_bnb_int8_sentiment_L16_r2_COMPLETE_20260714|a6.0|i146,SteerQuant_Meta-Llama-3-1-8B-Instruct_w8a16_bnb_int8_sentiment_L16_r2_COMPLETE_20260714.json,meta-llama/Meta-Llama-3.1-8B-Instruct,w8a16_bnb_int8,r2,6.0,146,176,100,0,1,,100,1,False
SteerQuant_Meta-Llama-3-1-8B-Instruct_w8a16_bnb_int8_sentiment_L16_r2_COMPLETE_20260714|a6.0|i151,SteerQuant_Meta-Llama-3-1-8B-Instruct_w8a16_bnb_int8_sentiment_L16_r2_COMPLETE_20260714.json,meta-llama/Meta-Llama-3.1-8B-Instruct,w8a16_bnb_int8,r2,6.0,151,49,30,0,1,,30,1,False
SteerQuant_Meta-Llama-3-1-8B-Instruct_w8a16_bnb_int8_sentiment_L16_r2_COMPLETE_20260714|a6.0|i153,SteerQuant_Meta-Llama-3-1-8B-Instruct_w8a16_bnb_int8_sentiment_L16_r2_COMPLETE_20260714.json,meta-llama/Meta-Llama-3.1-8B-Instruct,w8a16_bnb_int8,r2,6.0,153,135,40,0,1,,40,1,False
SteerQuant_Meta-Llama-3-1-8B-Instruct_w8a16_bnb_int8_sentiment_L16_r2_COMPLETE_20260714|a6.0|i172,SteerQuant_Meta-Llama-3-1-8B-Instruct_w8a16_bnb_int8_sentiment_L16_r2_COMPLETE_20260714.json,meta-llama/Meta-Llama-3.1-8B-Instruct,w8a16_bnb_int8,r2,6.0,172,124,10,0,1,,10,1,False
SteerQuant_Meta-Llama-3-1-8B-Instruct_w8a16_bnb_int8_sentiment_L16_r2_COMPLETE_20260714|a6.0|i179,SteerQuant_Meta-Llama-3-1-8B-Instruct_w8a16_bnb_int8_sentiment_L16_r2_COMPLETE_20260714.json,meta-llama/Meta-Llama-3.1-8B-Instruct,w8a16_bnb_int8,r2,6.0,179,14,60,0,1,,60,1,False
SteerQuant_Meta-Llama-3-1-8B-Instruct_w8a16_bnb_int8_sentiment_L16_r2_COMPLETE_20260714|a6.0|i189,SteerQuant_Meta-Llama-3-1-8B-Instruct_w8a16_bnb_int8_sentiment_L16_r2_COMPLETE_20260714.json,meta-llama/Meta-Llama-3.1-8B-Instruct,w8a16_bnb_int8,r2,6.0,189,169,120,0,1,,120,1,False
SteerQuant_Meta-Llama-3-1-8B-Instruct_w8a16_bnb_int8_sentiment_L16_r2_COMPLETE_20260714|a6.0|i191,SteerQuant_Meta-Llama-3-1-8B-Instruct_w8a16_bnb_int8_sentiment_L16_r2_COMPLETE_20260714.json,meta-llama/Meta-Llama-3.1-8B-Instruct,w8a16_bnb_int8,r2,6.0,191,104,500,0,1,,500,1,False
SteerQuant_Meta-Llama-3-1-8B-Instruct_w8a16_bnb_int8_sentiment_L16_r2_COMPLETE_20260714|a8.0|i1,SteerQuant_Meta-Llama-3-1-8B-Instruct_w8a16_bnb_int8_sentiment_L16_r2_COMPLETE_20260714.json,meta-llama/Meta-Llama-3.1-8B-Instruct,w8a16_bnb_int8,r2,8.0,1,103,140,0,1,,140,1,False
SteerQuant_Meta-Llama-3-1-8B-Instruct_w8a16_bnb_int8_sentiment_L16_r2_COMPLETE_20260714|a8.0|i3,SteerQuant_Meta-Llama-3-1-8B-Instruct_w8a16_bnb_int8_sentiment_L16_r2_COMPLETE_20260714.json,meta-llama/Meta-Llama-3.1-8B-Instruct,w8a16_bnb_int8,r2,8.0,3,25,2,0,1,,2,1,False
SteerQuant_Meta-Llama-3-1-8B-Instruct_w8a16_bnb_int8_sentiment_L16_r2_COMPLETE_20260714|a8.0|i4,SteerQuant_Meta-Llama-3-1-8B-Instruct_w8a16_bnb_int8_sentiment_L16_r2_COMPLETE_20260714.json,meta-llama/Meta-Llama-3.1-8B-Instruct,w8a16_bnb_int8,r2,8.0,4,199,7500,0,1,,7500,1,False
SteerQuant_Meta-Llama-3-1-8B-Instruct_w8a16_bnb_int8_sentiment_L16_r2_COMPLETE_20260714|a8.0|i6,SteerQuant_Meta-Llama-3-1-8B-Instruct_w8a16_bnb_int8_sentiment_L16_r2_COMPLETE_20260714.json,meta-llama/Meta-Llama-3.1-8B-Instruct,w8a16_bnb_int8,r2,8.0,6,199,7500,0,1,,7500,1,False
SteerQuant_Meta-Llama-3-1-8B-Instruct_w8a16_bnb_int8_sentiment_L16_r2_COMPLETE_20260714|a8.0|i10,SteerQuant_Meta-Llama-3-1-8B-Instruct_w8a16_bnb_int8_sentiment_L16_r2_COMPLETE_20260714.json,meta-llama/Meta-Llama-3.1-8B-Instruct,w8a16_bnb_int8,r2,8.0,10,56,3,0,1,,3,1,False
SteerQuant_Meta-Llama-3-1-8B-Instruct_w8a16_bnb_int8_sentiment_L16_r2_COMPLETE_20260714|a8.0|i12,SteerQuant_Meta-Llama-3-1-8B-Instruct_w8a16_bnb_int8_sentiment_L16_r2_COMPLETE_20260714.json,meta-llama/Meta-Llama-3.1-8B-Instruct,w8a16_bnb_int8,r2,8.0,12,25,2,0,1,,2,1,False
SteerQuant_Meta-Llama-3-1-8B-Instruct_w8a16_bnb_int8_sentiment_L16_r2_COMPLETE_20260714|a8.0|i14,SteerQuant_Meta-Llama-3-1-8B-Instruct_w8a16_bnb_int8_sentiment_L16_r2_COMPLETE_20260714.json,meta-llama/Meta-Llama-3.1-8B-Instruct,w8a16_bnb_int8,r2,8.0,14,79,70,0,1,,70,1,False
SteerQuant_Meta-Llama-3-1-8B-Instruct_w8a16_bnb_int8_sentiment_L16_r2_COMPLETE_20260714|a8.0|i40,SteerQuant_Meta-Llama-3-1-8B-Instruct_w8a16_bnb_int8_sentiment_L16_r2_COMPLETE_20260714.json,meta-llama/Meta-Llama-3.1-8B-Instruct,w8a16_bnb_int8,r2,8.0,40,63,1596,0,1,,1596,1,False
SteerQuant_Meta-Llama-3-1-8B-Instruct_w8a16_bnb_int8_sentiment_L16_r2_COMPLETE_20260714|a8.0|i52,SteerQuant_Meta-Llama-3-1-8B-Instruct_w8a16_bnb_int8_sentiment_L16_r2_COMPLETE_20260714.json,meta-llama/Meta-Llama-3.1-8B-Instruct,w8a16_bnb_int8,r2,8.0,52,96,3,0,1,,3,1,False
SteerQuant_Meta-Llama-3-1-8B-Instruct_w8a16_bnb_int8_sentiment_L16_r2_COMPLETE_20260714|a8.0|i56,SteerQuant_Meta-Llama-3-1-8B-Instruct_w8a16_bnb_int8_sentiment_L16_r2_COMPLETE_20260714.json,meta-llama/Meta-Llama-3.1-8B-Instruct,w8a16_bnb_int8,r2,8.0,56,92,4,0,1,,4,1,False
SteerQuant_Meta-Llama-3-1-8B-Instruct_w8a16_bnb_int8_sentiment_L16_r2_COMPLETE_20260714|a8.0|i66,SteerQuant_Meta-Llama-3-1-8B-Instruct_w8a16_bnb_int8_sentiment_L16_r2_COMPLETE_20260714.json,meta-llama/Meta-Llama-3.1-8B-Instruct,w8a16_bnb_int8,r2,8.0,66,82,623,0,1,,623,1,False
SteerQuant_Meta-Llama-3-1-8B-Instruct_w8a16_bnb_int8_sentiment_L16_r2_COMPLETE_20260714|a8.0|i72,SteerQuant_Meta-Llama-3-1-8B-Instruct_w8a16_bnb_int8_sentiment_L16_r2_COMPLETE_20260714.json,meta-llama/Meta-Llama-3.1-8B-Instruct,w8a16_bnb_int8,r2,8.0,72,64,300,0,1,,300,1,False
SteerQuant_Meta-Llama-3-1-8B-Instruct_w8a16_bnb_int8_sentiment_L16_r2_COMPLETE_20260714|a8.0|i76,SteerQuant_Meta-Llama-3-1-8B-Instruct_w8a16_bnb_int8_sentiment_L16_r2_COMPLETE_20260714.json,meta-llama/Meta-Llama-3.1-8B-Instruct,w8a16_bnb_int8,r2,8.0,76,33,70,0,1,,70,1,False
SteerQuant_Meta-Llama-3-1-8B-Instruct_w8a16_bnb_int8_sentiment_L16_r2_COMPLETE_20260714|a8.0|i77,SteerQuant_Meta-Llama-3-1-8B-Instruct_w8a16_bnb_int8_sentiment_L16_r2_COMPLETE_20260714.json,meta-llama/Meta-Llama-3.1-8B-Instruct,w8a16_bnb_int8,r2,8.0,77,97,12,0,1,,12,1,False
SteerQuant_Meta-Llama-3-1-8B-Instruct_w8a16_bnb_int8_sentiment_L16_r2_COMPLETE_20260714|a8.0|i80,SteerQuant_Meta-Llama-3-1-8B-Instruct_w8a16_bnb_int8_sentiment_L16_r2_COMPLETE_20260714.json,meta-llama/Meta-Llama-3.1-8B-Instruct,w8a16_bnb_int8,r2,8.0,80,80,10,0,1,,10,1,False
SteerQuant_Meta-Llama-3-1-8B-Instruct_w8a16_bnb_int8_sentiment_L16_r2_COMPLETE_20260714|a8.0|i84,SteerQuant_Meta-Llama-3-1-8B-Instruct_w8a16_bnb_int8_sentiment_L16_r2_COMPLETE_20260714.json,meta-llama/Meta-Llama-3.1-8B-Instruct,w8a16_bnb_int8,r2,8.0,84,80,10,0,1,,10,1,False
SteerQuant_Meta-Llama-3-1-8B-Instruct_w8a16_bnb_int8_sentiment_L16_r2_COMPLETE_20260714|a8.0|i88,SteerQuant_Meta-Llama-3-1-8B-Instruct_w8a16_bnb_int8_sentiment_L16_r2_COMPLETE_20260714.json,meta-llama/Meta-Llama-3.1-8B-Instruct,w8a16_bnb_int8,r2,8.0,88,117,360,0,1,,360,1,False
SteerQuant_Meta-Llama-3-1-8B-Instruct_w8a16_bnb_int8_sentiment_L16_r2_COMPLETE_20260714|a8.0|i102,SteerQuant_Meta-Llama-3-1-8B-Instruct_w8a16_bnb_int8_sentiment_L16_r2_COMPLETE_20260714.json,meta-llama/Meta-Llama-3.1-8B-Instruct,w8a16_bnb_int8,r2,8.0,102,27,16,0,1,,16,1,False
SteerQuant_Meta-Llama-3-1-8B-Instruct_w8a16_bnb_int8_sentiment_L16_r2_COMPLETE_20260714|a8.0|i119,SteerQuant_Meta-Llama-3-1-8B-Instruct_w8a16_bnb_int8_sentiment_L16_r2_COMPLETE_20260714.json,meta-llama/Meta-Llama-3.1-8B-Instruct,w8a16_bnb_int8,r2,8.0,119,148,30,0,1,,30,1,False
SteerQuant_Meta-Llama-3-1-8B-Instruct_w8a16_bnb_int8_sentiment_L16_r2_COMPLETE_20260714|a8.0|i125,SteerQuant_Meta-Llama-3-1-8B-Instruct_w8a16_bnb_int8_sentiment_L16_r2_COMPLETE_20260714.json,meta-llama/Meta-Llama-3.1-8B-Instruct,w8a16_bnb_int8,r2,8.0,125,6,260,0,1,,260,1,False
SteerQuant_Meta-Llama-3-1-8B-Instruct_w8a16_bnb_int8_sentiment_L16_r2_COMPLETE_20260714|a8.0|i129,SteerQuant_Meta-Llama-3-1-8B-Instruct_w8a16_bnb_int8_sentiment_L16_r2_COMPLETE_20260714.json,meta-llama/Meta-Llama-3.1-8B-Instruct,w8a16_bnb_int8,r2,8.0,129,185,30,0,1,,30,1,False
SteerQuant_Meta-Llama-3-1-8B-Instruct_w8a16_bnb_int8_sentiment_L16_r2_COMPLETE_20260714|a8.0|i136,SteerQuant_Meta-Llama-3-1-8B-Instruct_w8a16_bnb_int8_sentiment_L16_r2_COMPLETE_20260714.json,meta-llama/Meta-Llama-3.1-8B-Instruct,w8a16_bnb_int8,r2,8.0,136,117,360,0,1,,360,1,False
SteerQuant_Meta-Llama-3-1-8B-Instruct_w8a16_bnb_int8_sentiment_L16_r2_COMPLETE_20260714|a8.0|i138,SteerQuant_Meta-Llama-3-1-8B-Instruct_w8a16_bnb_int8_sentiment_L16_r2_COMPLETE_20260714.json,meta-llama/Meta-Llama-3.1-8B-Instruct,w8a16_bnb_int8,r2,8.0,138,99,58,0,1,,58,1,False
SteerQuant_Meta-Llama-3-1-8B-Instruct_w8a16_bnb_int8_sentiment_L16_r2_COMPLETE_20260714|a8.0|i141,SteerQuant_Meta-Llama-3-1-8B-Instruct_w8a16_bnb_int8_sentiment_L16_r2_COMPLETE_20260714.json,meta-llama/Meta-Llama-3.1-8B-Instruct,w8a16_bnb_int8,r2,8.0,141,122,48,0,1,,48,1,False
SteerQuant_Meta-Llama-3-1-8B-Instruct_w8a16_bnb_int8_sentiment_L16_r2_COMPLETE_20260714|a8.0|i143,SteerQuant_Meta-Llama-3-1-8B-Instruct_w8a16_bnb_int8_sentiment_L16_r2_COMPLETE_20260714.json,meta-llama/Meta-Llama-3.1-8B-Instruct,w8a16_bnb_int8,r2,8.0,143,54,40,0,1,,40,1,False
SteerQuant_Meta-Llama-3-1-8B-Instruct_w8a16_bnb_int8_sentiment_L16_r2_COMPLETE_20260714|a8.0|i144,SteerQuant_Meta-Llama-3-1-8B-Instruct_w8a16_bnb_int8_sentiment_L16_r2_COMPLETE_20260714.json,meta-llama/Meta-Llama-3.1-8B-Instruct,w8a16_bnb_int8,r2,8.0,144,126,82,0,1,,82,1,False
SteerQuant_Meta-Llama-3-1-8B-Instruct_w8a16_bnb_int8_sentiment_L16_r2_COMPLETE_20260714|a8.0|i145,SteerQuant_Meta-Llama-3-1-8B-Instruct_w8a16_bnb_int8_sentiment_L16_r2_COMPLETE_20260714.json,meta-llama/Meta-Llama-3.1-8B-Instruct,w8a16_bnb_int8,r2,8.0,145,103,140,0,1,,140,1,False
SteerQuant_Meta-Llama-3-1-8B-Instruct_w8a16_bnb_int8_sentiment_L16_r2_COMPLETE_20260714|a8.0|i147,SteerQuant_Meta-Llama-3-1-8B-Instruct_w8a16_bnb_int8_sentiment_L16_r2_COMPLETE_20260714.json,meta-llama/Meta-Llama-3.1-8B-Instruct,w8a16_bnb_int8,r2,8.0,147,127,120,0,1,,120,1,False
SteerQuant_Meta-Llama-3-1-8B-Instruct_w8a16_bnb_int8_sentiment_L16_r2_COMPLETE_20260714|a8.0|i159,SteerQuant_Meta-Llama-3-1-8B-Instruct_w8a16_bnb_int8_sentiment_L16_r2_COMPLETE_20260714.json,meta-llama/Meta-Llama-3.1-8B-Instruct,w8a16_bnb_int8,r2,8.0,159,167,16,0,1,,16,1,False
SteerQuant_Meta-Llama-3-1-8B-Instruct_w8a16_bnb_int8_sentiment_L16_r2_COMPLETE_20260714|a8.0|i163,SteerQuant_Meta-Llama-3-1-8B-Instruct_w8a16_bnb_int8_sentiment_L16_r2_COMPLETE_20260714.json,meta-llama/Meta-Llama-3.1-8B-Instruct,w8a16_bnb_int8,r2,8.0,163,37,2,0,1,,2,1,False
SteerQuant_Meta-Llama-3-1-8B-Instruct_w8a16_bnb_int8_sentiment_L16_r2_COMPLETE_20260714|a8.0|i168,SteerQuant_Meta-Llama-3-1-8B-Instruct_w8a16_bnb_int8_sentiment_L16_r2_COMPLETE_20260714.json,meta-llama/Meta-Llama-3.1-8B-Instruct,w8a16_bnb_int8,r2,8.0,168,14,60,0,1,,60,1,False
SteerQuant_Meta-Llama-3-1-8B-Instruct_w8a16_bnb_int8_sentiment_L16_r2_COMPLETE_20260714|a8.0|i171,SteerQuant_Meta-Llama-3-1-8B-Instruct_w8a16_bnb_int8_sentiment_L16_r2_COMPLETE_20260714.json,meta-llama/Meta-Llama-3.1-8B-Instruct,w8a16_bnb_int8,r2,8.0,171,65,36,0,1,,36,1,False
SteerQuant_Meta-Llama-3-1-8B-Instruct_w8a16_bnb_int8_sentiment_L16_r2_COMPLETE_20260714|a8.0|i172,SteerQuant_Meta-Llama-3-1-8B-Instruct_w8a16_bnb_int8_sentiment_L16_r2_COMPLETE_20260714.json,meta-llama/Meta-Llama-3.1-8B-Instruct,w8a16_bnb_int8,r2,8.0,172,124,10,0,1,,10,1,False
SteerQuant_Meta-Llama-3-1-8B-Instruct_w8a16_bnb_int8_sentiment_L16_r2_COMPLETE_20260714|a8.0|i179,SteerQuant_Meta-Llama-3-1-8B-Instruct_w8a16_bnb_int8_sentiment_L16_r2_COMPLETE_20260714.json,meta-llama/Meta-Llama-3.1-8B-Instruct,w8a16_bnb_int8,r2,8.0,179,14,60,0,1,,60,1,False
SteerQuant_Meta-Llama-3-1-8B-Instruct_w8a16_bnb_int8_sentiment_L16_r2_COMPLETE_20260714|a8.0|i183,SteerQuant_Meta-Llama-3-1-8B-Instruct_w8a16_bnb_int8_sentiment_L16_r2_COMPLETE_20260714.json,meta-llama/Meta-Llama-3.1-8B-Instruct,w8a16_bnb_int8,r2,8.0,183,108,50,0,1,,50,1,False
SteerQuant_Meta-Llama-3-1-8B-Instruct_w8a16_bnb_int8_sentiment_L16_r2_COMPLETE_20260714|a8.0|i186,SteerQuant_Meta-Llama-3-1-8B-Instruct_w8a16_bnb_int8_sentiment_L16_r2_COMPLETE_20260714.json,meta-llama/Meta-Llama-3.1-8B-Instruct,w8a16_bnb_int8,r2,8.0,186,56,3,0,1,,3,1,False
SteerQuant_Meta-Llama-3-1-8B-Instruct_w8a16_bnb_int8_sentiment_L16_r3_COMPLETE_20260714|a0.0|i4,SteerQuant_Meta-Llama-3-1-8B-Instruct_w8a16_bnb_int8_sentiment_L16_r3_COMPLETE_20260714.json,meta-llama/Meta-Llama-3.1-8B-Instruct,w8a16_bnb_int8,r3,0.0,4,172,51,0,1,,51,1,False
SteerQuant_Meta-Llama-3-1-8B-Instruct_w8a16_bnb_int8_sentiment_L16_r3_COMPLETE_20260714|a0.0|i15,SteerQuant_Meta-Llama-3-1-8B-Instruct_w8a16_bnb_int8_sentiment_L16_r3_COMPLETE_20260714.json,meta-llama/Meta-Llama-3.1-8B-Instruct,w8a16_bnb_int8,r3,0.0,15,178,122,0,1,,122,1,False
SteerQuant_Meta-Llama-3-1-8B-Instruct_w8a16_bnb_int8_sentiment_L16_r3_COMPLETE_20260714|a0.0|i17,SteerQuant_Meta-Llama-3-1-8B-Instruct_w8a16_bnb_int8_sentiment_L16_r3_COMPLETE_20260714.json,meta-llama/Meta-Llama-3.1-8B-Instruct,w8a16_bnb_int8,r3,0.0,17,122,48,0,1,,48,1,False
SteerQuant_Meta-Llama-3-1-8B-Instruct_w8a16_bnb_int8_sentiment_L16_r3_COMPLETE_20260714|a0.0|i24,SteerQuant_Meta-Llama-3-1-8B-Instruct_w8a16_bnb_int8_sentiment_L16_r3_COMPLETE_20260714.json,meta-llama/Meta-Llama-3.1-8B-Instruct,w8a16_bnb_int8,r3,0.0,24,98,5,0,1,,5,1,False
SteerQuant_Meta-Llama-3-1-8B-Instruct_w8a16_bnb_int8_sentiment_L16_r3_COMPLETE_20260714|a0.0|i34,SteerQuant_Meta-Llama-3-1-8B-Instruct_w8a16_bnb_int8_sentiment_L16_r3_COMPLETE_20260714.json,meta-llama/Meta-Llama-3.1-8B-Instruct,w8a16_bnb_int8,r3,0.0,34,55,14,0,1,,14,1,False
SteerQuant_Meta-Llama-3-1-8B-Instruct_w8a16_bnb_int8_sentiment_L16_r3_COMPLETE_20260714|a0.0|i43,SteerQuant_Meta-Llama-3-1-8B-Instruct_w8a16_bnb_int8_sentiment_L16_r3_COMPLETE_20260714.json,meta-llama/Meta-Llama-3.1-8B-Instruct,w8a16_bnb_int8,r3,0.0,43,57,83,0,1,,83,1,False
SteerQuant_Meta-Llama-3-1-8B-Instruct_w8a16_bnb_int8_sentiment_L16_r3_COMPLETE_20260714|a0.0|i50,SteerQuant_Meta-Llama-3-1-8B-Instruct_w8a16_bnb_int8_sentiment_L16_r3_COMPLETE_20260714.json,meta-llama/Meta-Llama-3.1-8B-Instruct,w8a16_bnb_int8,r3,0.0,50,23,8,0,1,,8,1,False
SteerQuant_Meta-Llama-3-1-8B-Instruct_w8a16_bnb_int8_sentiment_L16_r3_COMPLETE_20260714|a0.0|i53,SteerQuant_Meta-Llama-3-1-8B-Instruct_w8a16_bnb_int8_sentiment_L16_r3_COMPLETE_20260714.json,meta-llama/Meta-Llama-3.1-8B-Instruct,w8a16_bnb_int8,r3,0.0,53,146,2125,0,1,,2125,1,False
SteerQuant_Meta-Llama-3-1-8B-Instruct_w8a16_bnb_int8_sentiment_L16_r3_COMPLETE_20260714|a0.0|i61,SteerQuant_Meta-Llama-3-1-8B-Instruct_w8a16_bnb_int8_sentiment_L16_r3_COMPLETE_20260714.json,meta-llama/Meta-Llama-3.1-8B-Instruct,w8a16_bnb_int8,r3,0.0,61,138,105,0,1,,105,1,False
SteerQuant_Meta-Llama-3-1-8B-Instruct_w8a16_bnb_int8_sentiment_L16_r3_COMPLETE_20260714|a0.0|i78,SteerQuant_Meta-Llama-3-1-8B-Instruct_w8a16_bnb_int8_sentiment_L16_r3_COMPLETE_20260714.json,meta-llama/Meta-Llama-3.1-8B-Instruct,w8a16_bnb_int8,r3,0.0,78,22,7,0,1,,7,1,False
SteerQuant_Meta-Llama-3-1-8B-Instruct_w8a16_bnb_int8_sentiment_L16_r3_COMPLETE_20260714|a0.0|i93,SteerQuant_Meta-Llama-3-1-8B-Instruct_w8a16_bnb_int8_sentiment_L16_r3_COMPLETE_20260714.json,meta-llama/Meta-Llama-3.1-8B-Instruct,w8a16_bnb_int8,r3,0.0,93,67,595,0,1,,595,1,False
SteerQuant_Meta-Llama-3-1-8B-Instruct_w8a16_bnb_int8_sentiment_L16_r3_COMPLETE_20260714|a0.0|i103,SteerQuant_Meta-Llama-3-1-8B-Instruct_w8a16_bnb_int8_sentiment_L16_r3_COMPLETE_20260714.json,meta-llama/Meta-Llama-3.1-8B-Instruct,w8a16_bnb_int8,r3,0.0,103,138,105,0,1,,105,1,False
SteerQuant_Meta-Llama-3-1-8B-Instruct_w8a16_bnb_int8_sentiment_L16_r3_COMPLETE_20260714|a0.0|i127,SteerQuant_Meta-Llama-3-1-8B-Instruct_w8a16_bnb_int8_sentiment_L16_r3_COMPLETE_20260714.json,meta-llama/Meta-Llama-3.1-8B-Instruct,w8a16_bnb_int8,r3,0.0,127,142,140,0,1,,140,1,False
SteerQuant_Meta-Llama-3-1-8B-Instruct_w8a16_bnb_int8_sentiment_L16_r3_COMPLETE_20260714|a0.0|i131,SteerQuant_Meta-Llama-3-1-8B-Instruct_w8a16_bnb_int8_sentiment_L16_r3_COMPLETE_20260714.json,meta-llama/Meta-Llama-3.1-8B-Instruct,w8a16_bnb_int8,r3,0.0,131,16,230,0,1,,230,1,False
SteerQuant_Meta-Llama-3-1-8B-Instruct_w8a16_bnb_int8_sentiment_L16_r3_COMPLETE_20260714|a0.0|i136,SteerQuant_Meta-Llama-3-1-8B-Instruct_w8a16_bnb_int8_sentiment_L16_r3_COMPLETE_20260714.json,meta-llama/Meta-Llama-3.1-8B-Instruct,w8a16_bnb_int8,r3,0.0,136,88,8000,0,1,,8000,1,False
SteerQuant_Meta-Llama-3-1-8B-Instruct_w8a16_bnb_int8_sentiment_L16_r3_COMPLETE_20260714|a0.0|i140,SteerQuant_Meta-Llama-3-1-8B-Instruct_w8a16_bnb_int8_sentiment_L16_r3_COMPLETE_20260714.json,meta-llama/Meta-Llama-3.1-8B-Instruct,w8a16_bnb_int8,r3,0.0,140,67,595,0,1,,595,1,False
SteerQuant_Meta-Llama-3-1-8B-Instruct_w8a16_bnb_int8_sentiment_L16_r3_COMPLETE_20260714|a0.0|i141,SteerQuant_Meta-Llama-3-1-8B-Instruct_w8a16_bnb_int8_sentiment_L16_r3_COMPLETE_20260714.json,meta-llama/Meta-Llama-3.1-8B-Instruct,w8a16_bnb_int8,r3,0.0,141,181,160,0,1,,160,1,False
SteerQuant_Meta-Llama-3-1-8B-Instruct_w8a16_bnb_int8_sentiment_L16_r3_COMPLETE_20260714|a0.0|i154,SteerQuant_Meta-Llama-3-1-8B-Instruct_w8a16_bnb_int8_sentiment_L16_r3_COMPLETE_20260714.json,meta-llama/Meta-Llama-3.1-8B-Instruct,w8a16_bnb_int8,r3,0.0,154,24,26,0,1,,26,1,False
SteerQuant_Meta-Llama-3-1-8B-Instruct_w8a16_bnb_int8_sentiment_L16_r3_COMPLETE_20260714|a0.0|i166,SteerQuant_Meta-Llama-3-1-8B-Instruct_w8a16_bnb_int8_sentiment_L16_r3_COMPLETE_20260714.json,meta-llama/Meta-Llama-3.1-8B-Instruct,w8a16_bnb_int8,r3,0.0,166,135,40,0,1,,40,1,False
SteerQuant_Meta-Llama-3-1-8B-Instruct_w8a16_bnb_int8_sentiment_L16_r3_COMPLETE_20260714|a0.0|i167,SteerQuant_Meta-Llama-3-1-8B-Instruct_w8a16_bnb_int8_sentiment_L16_r3_COMPLETE_20260714.json,meta-llama/Meta-Llama-3.1-8B-Instruct,w8a16_bnb_int8,r3,0.0,167,104,500,0,1,,500,1,False
SteerQuant_Meta-Llama-3-1-8B-Instruct_w8a16_bnb_int8_sentiment_L16_r3_COMPLETE_20260714|a0.0|i168,SteerQuant_Meta-Llama-3-1-8B-Instruct_w8a16_bnb_int8_sentiment_L16_r3_COMPLETE_20260714.json,meta-llama/Meta-Llama-3.1-8B-Instruct,w8a16_bnb_int8,r3,0.0,168,132,60,0,1,,60,1,False
SteerQuant_Meta-Llama-3-1-8B-Instruct_w8a16_bnb_int8_sentiment_L16_r3_COMPLETE_20260714|a0.0|i173,SteerQuant_Meta-Llama-3-1-8B-Instruct_w8a16_bnb_int8_sentiment_L16_r3_COMPLETE_20260714.json,meta-llama/Meta-Llama-3.1-8B-Instruct,w8a16_bnb_int8,r3,0.0,173,40,8,0,1,,8,1,False
SteerQuant_Meta-Llama-3-1-8B-Instruct_w8a16_bnb_int8_sentiment_L16_r3_COMPLETE_20260714|a0.0|i175,SteerQuant_Meta-Llama-3-1-8B-Instruct_w8a16_bnb_int8_sentiment_L16_r3_COMPLETE_20260714.json,meta-llama/Meta-Llama-3.1-8B-Instruct,w8a16_bnb_int8,r3,0.0,175,132,60,0,1,,60,1,False
SteerQuant_Meta-Llama-3-1-8B-Instruct_w8a16_bnb_int8_sentiment_L16_r3_COMPLETE_20260714|a0.0|i176,SteerQuant_Meta-Llama-3-1-8B-Instruct_w8a16_bnb_int8_sentiment_L16_r3_COMPLETE_20260714.json,meta-llama/Meta-Llama-3.1-8B-Instruct,w8a16_bnb_int8,r3,0.0,176,66,48,0,1,,48,1,False
SteerQuant_Meta-Llama-3-1-8B-Instruct_w8a16_bnb_int8_sentiment_L16_r3_COMPLETE_20260714|a0.0|i188,SteerQuant_Meta-Llama-3-1-8B-Instruct_w8a16_bnb_int8_sentiment_L16_r3_COMPLETE_20260714.json,meta-llama/Meta-Llama-3.1-8B-Instruct,w8a16_bnb_int8,r3,0.0,188,156,1400,0,1,,1400,1,False
SteerQuant_Meta-Llama-3-1-8B-Instruct_w8a16_bnb_int8_sentiment_L16_r3_COMPLETE_20260714|a0.0|i192,SteerQuant_Meta-Llama-3-1-8B-Instruct_w8a16_bnb_int8_sentiment_L16_r3_COMPLETE_20260714.json,meta-llama/Meta-Llama-3.1-8B-Instruct,w8a16_bnb_int8,r3,0.0,192,31,80,0,1,,80,1,False
SteerQuant_Meta-Llama-3-1-8B-Instruct_w8a16_bnb_int8_sentiment_L16_r3_COMPLETE_20260714|a0.0|i193,SteerQuant_Meta-Llama-3-1-8B-Instruct_w8a16_bnb_int8_sentiment_L16_r3_COMPLETE_20260714.json,meta-llama/Meta-Llama-3.1-8B-Instruct,w8a16_bnb_int8,r3,0.0,193,31,80,0,1,,80,1,False
SteerQuant_Meta-Llama-3-1-8B-Instruct_w8a16_bnb_int8_sentiment_L16_r3_COMPLETE_20260714|a2.0|i10,SteerQuant_Meta-Llama-3-1-8B-Instruct_w8a16_bnb_int8_sentiment_L16_r3_COMPLETE_20260714.json,meta-llama/Meta-Llama-3.1-8B-Instruct,w8a16_bnb_int8,r3,2.0,10,103,140,0,1,,140,1,False
SteerQuant_Meta-Llama-3-1-8B-Instruct_w8a16_bnb_int8_sentiment_L16_r3_COMPLETE_20260714|a2.0|i12,SteerQuant_Meta-Llama-3-1-8B-Instruct_w8a16_bnb_int8_sentiment_L16_r3_COMPLETE_20260714.json,meta-llama/Meta-Llama-3.1-8B-Instruct,w8a16_bnb_int8,r3,2.0,12,132,60,0,1,,60,1,False
SteerQuant_Meta-Llama-3-1-8B-Instruct_w8a16_bnb_int8_sentiment_L16_r3_COMPLETE_20260714|a2.0|i20,SteerQuant_Meta-Llama-3-1-8B-Instruct_w8a16_bnb_int8_sentiment_L16_r3_COMPLETE_20260714.json,meta-llama/Meta-Llama-3.1-8B-Instruct,w8a16_bnb_int8,r3,2.0,20,198,320,0,1,,320,1,False
SteerQuant_Meta-Llama-3-1-8B-Instruct_w8a16_bnb_int8_sentiment_L16_r3_COMPLETE_20260714|a2.0|i31,SteerQuant_Meta-Llama-3-1-8B-Instruct_w8a16_bnb_int8_sentiment_L16_r3_COMPLETE_20260714.json,meta-llama/Meta-Llama-3.1-8B-Instruct,w8a16_bnb_int8,r3,2.0,31,199,7500,0,1,,7500,1,False
SteerQuant_Meta-Llama-3-1-8B-Instruct_w8a16_bnb_int8_sentiment_L16_r3_COMPLETE_20260714|a2.0|i34,SteerQuant_Meta-Llama-3-1-8B-Instruct_w8a16_bnb_int8_sentiment_L16_r3_COMPLETE_20260714.json,meta-llama/Meta-Llama-3.1-8B-Instruct,w8a16_bnb_int8,r3,2.0,34,55,14,0,1,,14,1,False
SteerQuant_Meta-Llama-3-1-8B-Instruct_w8a16_bnb_int8_sentiment_L16_r3_COMPLETE_20260714|a2.0|i43,SteerQuant_Meta-Llama-3-1-8B-Instruct_w8a16_bnb_int8_sentiment_L16_r3_COMPLETE_20260714.json,meta-llama/Meta-Llama-3.1-8B-Instruct,w8a16_bnb_int8,r3,2.0,43,57,83,0,1,,83,1,False
SteerQuant_Meta-Llama-3-1-8B-Instruct_w8a16_bnb_int8_sentiment_L16_r3_COMPLETE_20260714|a2.0|i53,SteerQuant_Meta-Llama-3-1-8B-Instruct_w8a16_bnb_int8_sentiment_L16_r3_COMPLETE_20260714.json,meta-llama/Meta-Llama-3.1-8B-Instruct,w8a16_bnb_int8,r3,2.0,53,146,2125,0,1,,2125,1,False
SteerQuant_Meta-Llama-3-1-8B-Instruct_w8a16_bnb_int8_sentiment_L16_r3_COMPLETE_20260714|a2.0|i61,SteerQuant_Meta-Llama-3-1-8B-Instruct_w8a16_bnb_int8_sentiment_L16_r3_COMPLETE_20260714.json,meta-llama/Meta-Llama-3.1-8B-Instruct,w8a16_bnb_int8,r3,2.0,61,138,105,0,1,,105,1,False
SteerQuant_Meta-Llama-3-1-8B-Instruct_w8a16_bnb_int8_sentiment_L16_r3_COMPLETE_20260714|a2.0|i76,SteerQuant_Meta-Llama-3-1-8B-Instruct_w8a16_bnb_int8_sentiment_L16_r3_COMPLETE_20260714.json,meta-llama/Meta-Llama-3.1-8B-Instruct,w8a16_bnb_int8,r3,2.0,76,33,70,0,1,,70,1,False
SteerQuant_Meta-Llama-3-1-8B-Instruct_w8a16_bnb_int8_sentiment_L16_r3_COMPLETE_20260714|a2.0|i79,SteerQuant_Meta-Llama-3-1-8B-Instruct_w8a16_bnb_int8_sentiment_L16_r3_COMPLETE_20260714.json,meta-llama/Meta-Llama-3.1-8B-Instruct,w8a16_bnb_int8,r3,2.0,79,64,300,0,1,,300,1,False
SteerQuant_Meta-Llama-3-1-8B-Instruct_w8a16_bnb_int8_sentiment_L16_r3_COMPLETE_20260714|a2.0|i90,SteerQuant_Meta-Llama-3-1-8B-Instruct_w8a16_bnb_int8_sentiment_L16_r3_COMPLETE_20260714.json,meta-llama/Meta-Llama-3.1-8B-Instruct,w8a16_bnb_int8,r3,2.0,90,194,10,0,1,,10,1,False
SteerQuant_Meta-Llama-3-1-8B-Instruct_w8a16_bnb_int8_sentiment_L16_r3_COMPLETE_20260714|a2.0|i94,SteerQuant_Meta-Llama-3-1-8B-Instruct_w8a16_bnb_int8_sentiment_L16_r3_COMPLETE_20260714.json,meta-llama/Meta-Llama-3.1-8B-Instruct,w8a16_bnb_int8,r3,2.0,94,22,7,0,1,,7,1,False
SteerQuant_Meta-Llama-3-1-8B-Instruct_w8a16_bnb_int8_sentiment_L16_r3_COMPLETE_20260714|a2.0|i103,SteerQuant_Meta-Llama-3-1-8B-Instruct_w8a16_bnb_int8_sentiment_L16_r3_COMPLETE_20260714.json,meta-llama/Meta-Llama-3.1-8B-Instruct,w8a16_bnb_int8,r3,2.0,103,138,105,0,1,,105,1,False
SteerQuant_Meta-Llama-3-1-8B-Instruct_w8a16_bnb_int8_sentiment_L16_r3_COMPLETE_20260714|a2.0|i112,SteerQuant_Meta-Llama-3-1-8B-Instruct_w8a16_bnb_int8_sentiment_L16_r3_COMPLETE_20260714.json,meta-llama/Meta-Llama-3.1-8B-Instruct,w8a16_bnb_int8,r3,2.0,112,33,70,0,1,,70,1,False
SteerQuant_Meta-Llama-3-1-8B-Instruct_w8a16_bnb_int8_sentiment_L16_r3_COMPLETE_20260714|a2.0|i140,SteerQuant_Meta-Llama-3-1-8B-Instruct_w8a16_bnb_int8_sentiment_L16_r3_COMPLETE_20260714.json,meta-llama/Meta-Llama-3.1-8B-Instruct,w8a16_bnb_int8,r3,2.0,140,67,595,0,1,,595,1,False
SteerQuant_Meta-Llama-3-1-8B-Instruct_w8a16_bnb_int8_sentiment_L16_r3_COMPLETE_20260714|a2.0|i141,SteerQuant_Meta-Llama-3-1-8B-Instruct_w8a16_bnb_int8_sentiment_L16_r3_COMPLETE_20260714.json,meta-llama/Meta-Llama-3.1-8B-Instruct,w8a16_bnb_int8,r3,2.0,141,181,160,0,1,,160,1,False
SteerQuant_Meta-Llama-3-1-8B-Instruct_w8a16_bnb_int8_sentiment_L16_r3_COMPLETE_20260714|a2.0|i143,SteerQuant_Meta-Llama-3-1-8B-Instruct_w8a16_bnb_int8_sentiment_L16_r3_COMPLETE_20260714.json,meta-llama/Meta-Llama-3.1-8B-Instruct,w8a16_bnb_int8,r3,2.0,143,136,6,0,1,,6,1,False
SteerQuant_Meta-Llama-3-1-8B-Instruct_w8a16_bnb_int8_sentiment_L16_r3_COMPLETE_20260714|a2.0|i152,SteerQuant_Meta-Llama-3-1-8B-Instruct_w8a16_bnb_int8_sentiment_L16_r3_COMPLETE_20260714.json,meta-llama/Meta-Llama-3.1-8B-Instruct,w8a16_bnb_int8,r3,2.0,152,188,50,0,1,,50,1,False
SteerQuant_Meta-Llama-3-1-8B-Instruct_w8a16_bnb_int8_sentiment_L16_r3_COMPLETE_20260714|a2.0|i154,SteerQuant_Meta-Llama-3-1-8B-Instruct_w8a16_bnb_int8_sentiment_L16_r3_COMPLETE_20260714.json,meta-llama/Meta-Llama-3.1-8B-Instruct,w8a16_bnb_int8,r3,2.0,154,24,26,0,1,,26,1,False
SteerQuant_Meta-Llama-3-1-8B-Instruct_w8a16_bnb_int8_sentiment_L16_r3_COMPLETE_20260714|a2.0|i164,SteerQuant_Meta-Llama-3-1-8B-Instruct_w8a16_bnb_int8_sentiment_L16_r3_COMPLETE_20260714.json,meta-llama/Meta-Llama-3.1-8B-Instruct,w8a16_bnb_int8,r3,2.0,164,167,16,0,1,,16,1,False
SteerQuant_Meta-Llama-3-1-8B-Instruct_w8a16_bnb_int8_sentiment_L16_r3_COMPLETE_20260714|a2.0|i167,SteerQuant_Meta-Llama-3-1-8B-Instruct_w8a16_bnb_int8_sentiment_L16_r3_COMPLETE_20260714.json,meta-llama/Meta-Llama-3.1-8B-Instruct,w8a16_bnb_int8,r3,2.0,167,104,500,0,1,,500,1,False
SteerQuant_Meta-Llama-3-1-8B-Instruct_w8a16_bnb_int8_sentiment_L16_r3_COMPLETE_20260714|a2.0|i187,SteerQuant_Meta-Llama-3-1-8B-Instruct_w8a16_bnb_int8_sentiment_L16_r3_COMPLETE_20260714.json,meta-llama/Meta-Llama-3.1-8B-Instruct,w8a16_bnb_int8,r3,2.0,187,21,14,0,1,,14,1,False
SteerQuant_Meta-Llama-3-1-8B-Instruct_w8a16_bnb_int8_sentiment_L16_r3_COMPLETE_20260714|a2.0|i188,SteerQuant_Meta-Llama-3-1-8B-Instruct_w8a16_bnb_int8_sentiment_L16_r3_COMPLETE_20260714.json,meta-llama/Meta-Llama-3.1-8B-Instruct,w8a16_bnb_int8,r3,2.0,188,156,1400,0,1,,1400,1,False
SteerQuant_Meta-Llama-3-1-8B-Instruct_w8a16_bnb_int8_sentiment_L16_r3_COMPLETE_20260714|a2.0|i192,SteerQuant_Meta-Llama-3-1-8B-Instruct_w8a16_bnb_int8_sentiment_L16_r3_COMPLETE_20260714.json,meta-llama/Meta-Llama-3.1-8B-Instruct,w8a16_bnb_int8,r3,2.0,192,31,80,0,1,,80,1,False
SteerQuant_Meta-Llama-3-1-8B-Instruct_w8a16_bnb_int8_sentiment_L16_r3_COMPLETE_20260714|a2.0|i193,SteerQuant_Meta-Llama-3-1-8B-Instruct_w8a16_bnb_int8_sentiment_L16_r3_COMPLETE_20260714.json,meta-llama/Meta-Llama-3.1-8B-Instruct,w8a16_bnb_int8,r3,2.0,193,31,80,0,1,,80,1,False
SteerQuant_Meta-Llama-3-1-8B-Instruct_w8a16_bnb_int8_sentiment_L16_r3_COMPLETE_20260714|a4.0|i4,SteerQuant_Meta-Llama-3-1-8B-Instruct_w8a16_bnb_int8_sentiment_L16_r3_COMPLETE_20260714.json,meta-llama/Meta-Llama-3.1-8B-Instruct,w8a16_bnb_int8,r3,4.0,4,172,51,0,1,,51,1,False
SteerQuant_Meta-Llama-3-1-8B-Instruct_w8a16_bnb_int8_sentiment_L16_r3_COMPLETE_20260714|a4.0|i10,SteerQuant_Meta-Llama-3-1-8B-Instruct_w8a16_bnb_int8_sentiment_L16_r3_COMPLETE_20260714.json,meta-llama/Meta-Llama-3.1-8B-Instruct,w8a16_bnb_int8,r3,4.0,10,103,140,0,1,,140,1,False
SteerQuant_Meta-Llama-3-1-8B-Instruct_w8a16_bnb_int8_sentiment_L16_r3_COMPLETE_20260714|a4.0|i12,SteerQuant_Meta-Llama-3-1-8B-Instruct_w8a16_bnb_int8_sentiment_L16_r3_COMPLETE_20260714.json,meta-llama/Meta-Llama-3.1-8B-Instruct,w8a16_bnb_int8,r3,4.0,12,132,60,0,1,,60,1,False
SteerQuant_Meta-Llama-3-1-8B-Instruct_w8a16_bnb_int8_sentiment_L16_r3_COMPLETE_20260714|a4.0|i16,SteerQuant_Meta-Llama-3-1-8B-Instruct_w8a16_bnb_int8_sentiment_L16_r3_COMPLETE_20260714.json,meta-llama/Meta-Llama-3.1-8B-Instruct,w8a16_bnb_int8,r3,4.0,16,45,104,0,1,,104,1,False
SteerQuant_Meta-Llama-3-1-8B-Instruct_w8a16_bnb_int8_sentiment_L16_r3_COMPLETE_20260714|a4.0|i20,SteerQuant_Meta-Llama-3-1-8B-Instruct_w8a16_bnb_int8_sentiment_L16_r3_COMPLETE_20260714.json,meta-llama/Meta-Llama-3.1-8B-Instruct,w8a16_bnb_int8,r3,4.0,20,198,320,0,1,,320,1,False
SteerQuant_Meta-Llama-3-1-8B-Instruct_w8a16_bnb_int8_sentiment_L16_r3_COMPLETE_20260714|a4.0|i22,SteerQuant_Meta-Llama-3-1-8B-Instruct_w8a16_bnb_int8_sentiment_L16_r3_COMPLETE_20260714.json,meta-llama/Meta-Llama-3.1-8B-Instruct,w8a16_bnb_int8,r3,4.0,22,120,240,0,1,,240,1,False
SteerQuant_Meta-Llama-3-1-8B-Instruct_w8a16_bnb_int8_sentiment_L16_r3_COMPLETE_20260714|a4.0|i31,SteerQuant_Meta-Llama-3-1-8B-Instruct_w8a16_bnb_int8_sentiment_L16_r3_COMPLETE_20260714.json,meta-llama/Meta-Llama-3.1-8B-Instruct,w8a16_bnb_int8,r3,4.0,31,199,7500,0,1,,7500,1,False
SteerQuant_Meta-Llama-3-1-8B-Instruct_w8a16_bnb_int8_sentiment_L16_r3_COMPLETE_20260714|a4.0|i34,SteerQuant_Meta-Llama-3-1-8B-Instruct_w8a16_bnb_int8_sentiment_L16_r3_COMPLETE_20260714.json,meta-llama/Meta-Llama-3.1-8B-Instruct,w8a16_bnb_int8,r3,4.0,34,55,14,0,1,,14,1,False
SteerQuant_Meta-Llama-3-1-8B-Instruct_w8a16_bnb_int8_sentiment_L16_r3_COMPLETE_20260714|a4.0|i36,SteerQuant_Meta-Llama-3-1-8B-Instruct_w8a16_bnb_int8_sentiment_L16_r3_COMPLETE_20260714.json,meta-llama/Meta-Llama-3.1-8B-Instruct,w8a16_bnb_int8,r3,4.0,36,184,25,0,1,,25,1,False
SteerQuant_Meta-Llama-3-1-8B-Instruct_w8a16_bnb_int8_sentiment_L16_r3_COMPLETE_20260714|a4.0|i40,SteerQuant_Meta-Llama-3-1-8B-Instruct_w8a16_bnb_int8_sentiment_L16_r3_COMPLETE_20260714.json,meta-llama/Meta-Llama-3.1-8B-Instruct,w8a16_bnb_int8,r3,4.0,40,157,80,0,1,,80,1,False
SteerQuant_Meta-Llama-3-1-8B-Instruct_w8a16_bnb_int8_sentiment_L16_r3_COMPLETE_20260714|a4.0|i43,SteerQuant_Meta-Llama-3-1-8B-Instruct_w8a16_bnb_int8_sentiment_L16_r3_COMPLETE_20260714.json,meta-llama/Meta-Llama-3.1-8B-Instruct,w8a16_bnb_int8,r3,4.0,43,57,83,0,1,,83,1,False
SteerQuant_Meta-Llama-3-1-8B-Instruct_w8a16_bnb_int8_sentiment_L16_r3_COMPLETE_20260714|a4.0|i48,SteerQuant_Meta-Llama-3-1-8B-Instruct_w8a16_bnb_int8_sentiment_L16_r3_COMPLETE_20260714.json,meta-llama/Meta-Llama-3.1-8B-Instruct,w8a16_bnb_int8,r3,4.0,48,76,5,0,1,,5,1,False
SteerQuant_Meta-Llama-3-1-8B-Instruct_w8a16_bnb_int8_sentiment_L16_r3_COMPLETE_20260714|a4.0|i49,SteerQuant_Meta-Llama-3-1-8B-Instruct_w8a16_bnb_int8_sentiment_L16_r3_COMPLETE_20260714.json,meta-llama/Meta-Llama-3.1-8B-Instruct,w8a16_bnb_int8,r3,4.0,49,157,80,0,1,,80,1,False
SteerQuant_Meta-Llama-3-1-8B-Instruct_w8a16_bnb_int8_sentiment_L16_r3_COMPLETE_20260714|a4.0|i50,SteerQuant_Meta-Llama-3-1-8B-Instruct_w8a16_bnb_int8_sentiment_L16_r3_COMPLETE_20260714.json,meta-llama/Meta-Llama-3.1-8B-Instruct,w8a16_bnb_int8,r3,4.0,50,23,8,0,1,,8,1,False
SteerQuant_Meta-Llama-3-1-8B-Instruct_w8a16_bnb_int8_sentiment_L16_r3_COMPLETE_20260714|a4.0|i53,SteerQuant_Meta-Llama-3-1-8B-Instruct_w8a16_bnb_int8_sentiment_L16_r3_COMPLETE_20260714.json,meta-llama/Meta-Llama-3.1-8B-Instruct,w8a16_bnb_int8,r3,4.0,53,146,2125,0,1,,2125,1,False
SteerQuant_Meta-Llama-3-1-8B-Instruct_w8a16_bnb_int8_sentiment_L16_r3_COMPLETE_20260714|a4.0|i55,SteerQuant_Meta-Llama-3-1-8B-Instruct_w8a16_bnb_int8_sentiment_L16_r3_COMPLETE_20260714.json,meta-llama/Meta-Llama-3.1-8B-Instruct,w8a16_bnb_int8,r3,4.0,55,169,120,0,1,,120,1,False
SteerQuant_Meta-Llama-3-1-8B-Instruct_w8a16_bnb_int8_sentiment_L16_r3_COMPLETE_20260714|a4.0|i65,SteerQuant_Meta-Llama-3-1-8B-Instruct_w8a16_bnb_int8_sentiment_L16_r3_COMPLETE_20260714.json,meta-llama/Meta-Llama-3.1-8B-Instruct,w8a16_bnb_int8,r3,4.0,65,161,32,0,1,,32,1,False
SteerQuant_Meta-Llama-3-1-8B-Instruct_w8a16_bnb_int8_sentiment_L16_r3_COMPLETE_20260714|a4.0|i69,SteerQuant_Meta-Llama-3-1-8B-Instruct_w8a16_bnb_int8_sentiment_L16_r3_COMPLETE_20260714.json,meta-llama/Meta-Llama-3.1-8B-Instruct,w8a16_bnb_int8,r3,4.0,69,117,360,0,1,,360,1,False
SteerQuant_Meta-Llama-3-1-8B-Instruct_w8a16_bnb_int8_sentiment_L16_r3_COMPLETE_20260714|a4.0|i72,SteerQuant_Meta-Llama-3-1-8B-Instruct_w8a16_bnb_int8_sentiment_L16_r3_COMPLETE_20260714.json,meta-llama/Meta-Llama-3.1-8B-Instruct,w8a16_bnb_int8,r3,4.0,72,36,75,0,1,,75,1,False
SteerQuant_Meta-Llama-3-1-8B-Instruct_w8a16_bnb_int8_sentiment_L16_r3_COMPLETE_20260714|a4.0|i76,SteerQuant_Meta-Llama-3-1-8B-Instruct_w8a16_bnb_int8_sentiment_L16_r3_COMPLETE_20260714.json,meta-llama/Meta-Llama-3.1-8B-Instruct,w8a16_bnb_int8,r3,4.0,76,33,70,0,1,,70,1,False
SteerQuant_Meta-Llama-3-1-8B-Instruct_w8a16_bnb_int8_sentiment_L16_r3_COMPLETE_20260714|a4.0|i78,SteerQuant_Meta-Llama-3-1-8B-Instruct_w8a16_bnb_int8_sentiment_L16_r3_COMPLETE_20260714.json,meta-llama/Meta-Llama-3.1-8B-Instruct,w8a16_bnb_int8,r3,4.0,78,22,7,0,1,,7,1,False
SteerQuant_Meta-Llama-3-1-8B-Instruct_w8a16_bnb_int8_sentiment_L16_r3_COMPLETE_20260714|a4.0|i81,SteerQuant_Meta-Llama-3-1-8B-Instruct_w8a16_bnb_int8_sentiment_L16_r3_COMPLETE_20260714.json,meta-llama/Meta-Llama-3.1-8B-Instruct,w8a16_bnb_int8,r3,4.0,81,42,26,0,1,,26,1,False
SteerQuant_Meta-Llama-3-1-8B-Instruct_w8a16_bnb_int8_sentiment_L16_r3_COMPLETE_20260714|a4.0|i85,SteerQuant_Meta-Llama-3-1-8B-Instruct_w8a16_bnb_int8_sentiment_L16_r3_COMPLETE_20260714.json,meta-llama/Meta-Llama-3.1-8B-Instruct,w8a16_bnb_int8,r3,4.0,85,150,4,0,1,,4,1,False
SteerQuant_Meta-Llama-3-1-8B-Instruct_w8a16_bnb_int8_sentiment_L16_r3_COMPLETE_20260714|a4.0|i88,SteerQuant_Meta-Llama-3-1-8B-Instruct_w8a16_bnb_int8_sentiment_L16_r3_COMPLETE_20260714.json,meta-llama/Meta-Llama-3.1-8B-Instruct,w8a16_bnb_int8,r3,4.0,88,185,30,0,1,,30,1,False
SteerQuant_Meta-Llama-3-1-8B-Instruct_w8a16_bnb_int8_sentiment_L16_r3_COMPLETE_20260714|a4.0|i92,SteerQuant_Meta-Llama-3-1-8B-Instruct_w8a16_bnb_int8_sentiment_L16_r3_COMPLETE_20260714.json,meta-llama/Meta-Llama-3.1-8B-Instruct,w8a16_bnb_int8,r3,4.0,92,133,13,0,1,,13,1,False
SteerQuant_Meta-Llama-3-1-8B-Instruct_w8a16_bnb_int8_sentiment_L16_r3_COMPLETE_20260714|a4.0|i94,SteerQuant_Meta-Llama-3-1-8B-Instruct_w8a16_bnb_int8_sentiment_L16_r3_COMPLETE_20260714.json,meta-llama/Meta-Llama-3.1-8B-Instruct,w8a16_bnb_int8,r3,4.0,94,22,7,0,1,,7,1,False
SteerQuant_Meta-Llama-3-1-8B-Instruct_w8a16_bnb_int8_sentiment_L16_r3_COMPLETE_20260714|a4.0|i103,SteerQuant_Meta-Llama-3-1-8B-Instruct_w8a16_bnb_int8_sentiment_L16_r3_COMPLETE_20260714.json,meta-llama/Meta-Llama-3.1-8B-Instruct,w8a16_bnb_int8,r3,4.0,103,138,105,0,1,,105,1,False
SteerQuant_Meta-Llama-3-1-8B-Instruct_w8a16_bnb_int8_sentiment_L16_r3_COMPLETE_20260714|a4.0|i116,SteerQuant_Meta-Llama-3-1-8B-Instruct_w8a16_bnb_int8_sentiment_L16_r3_COMPLETE_20260714.json,meta-llama/Meta-Llama-3.1-8B-Instruct,w8a16_bnb_int8,r3,4.0,116,116,42,0,1,,42,1,False
SteerQuant_Meta-Llama-3-1-8B-Instruct_w8a16_bnb_int8_sentiment_L16_r3_COMPLETE_20260714|a4.0|i124,SteerQuant_Meta-Llama-3-1-8B-Instruct_w8a16_bnb_int8_sentiment_L16_r3_COMPLETE_20260714.json,meta-llama/Meta-Llama-3.1-8B-Instruct,w8a16_bnb_int8,r3,4.0,124,42,26,0,1,,26,1,False
SteerQuant_Meta-Llama-3-1-8B-Instruct_w8a16_bnb_int8_sentiment_L16_r3_COMPLETE_20260714|a4.0|i125,SteerQuant_Meta-Llama-3-1-8B-Instruct_w8a16_bnb_int8_sentiment_L16_r3_COMPLETE_20260714.json,meta-llama/Meta-Llama-3.1-8B-Instruct,w8a16_bnb_int8,r3,4.0,125,70,7425,0,1,,7425,1,False
SteerQuant_Meta-Llama-3-1-8B-Instruct_w8a16_bnb_int8_sentiment_L16_r3_COMPLETE_20260714|a4.0|i127,SteerQuant_Meta-Llama-3-1-8B-Instruct_w8a16_bnb_int8_sentiment_L16_r3_COMPLETE_20260714.json,meta-llama/Meta-Llama-3.1-8B-Instruct,w8a16_bnb_int8,r3,4.0,127,142,140,0,1,,140,1,False
SteerQuant_Meta-Llama-3-1-8B-Instruct_w8a16_bnb_int8_sentiment_L16_r3_COMPLETE_20260714|a4.0|i130,SteerQuant_Meta-Llama-3-1-8B-Instruct_w8a16_bnb_int8_sentiment_L16_r3_COMPLETE_20260714.json,meta-llama/Meta-Llama-3.1-8B-Instruct,w8a16_bnb_int8,r3,4.0,130,149,16,0,1,,16,1,False
SteerQuant_Meta-Llama-3-1-8B-Instruct_w8a16_bnb_int8_sentiment_L16_r3_COMPLETE_20260714|a4.0|i132,SteerQuant_Meta-Llama-3-1-8B-Instruct_w8a16_bnb_int8_sentiment_L16_r3_COMPLETE_20260714.json,meta-llama/Meta-Llama-3.1-8B-Instruct,w8a16_bnb_int8,r3,4.0,132,185,30,0,1,,30,1,False
SteerQuant_Meta-Llama-3-1-8B-Instruct_w8a16_bnb_int8_sentiment_L16_r3_COMPLETE_20260714|a4.0|i135,SteerQuant_Meta-Llama-3-1-8B-Instruct_w8a16_bnb_int8_sentiment_L16_r3_COMPLETE_20260714.json,meta-llama/Meta-Llama-3.1-8B-Instruct,w8a16_bnb_int8,r3,4.0,135,120,240,0,1,,240,1,False
SteerQuant_Meta-Llama-3-1-8B-Instruct_w8a16_bnb_int8_sentiment_L16_r3_COMPLETE_20260714|a4.0|i136,SteerQuant_Meta-Llama-3-1-8B-Instruct_w8a16_bnb_int8_sentiment_L16_r3_COMPLETE_20260714.json,meta-llama/Meta-Llama-3.1-8B-Instruct,w8a16_bnb_int8,r3,4.0,136,88,8000,0,1,,8000,1,False
SteerQuant_Meta-Llama-3-1-8B-Instruct_w8a16_bnb_int8_sentiment_L16_r3_COMPLETE_20260714|a4.0|i140,SteerQuant_Meta-Llama-3-1-8B-Instruct_w8a16_bnb_int8_sentiment_L16_r3_COMPLETE_20260714.json,meta-llama/Meta-Llama-3.1-8B-Instruct,w8a16_bnb_int8,r3,4.0,140,67,595,0,1,,595,1,False
SteerQuant_Meta-Llama-3-1-8B-Instruct_w8a16_bnb_int8_sentiment_L16_r3_COMPLETE_20260714|a4.0|i141,SteerQuant_Meta-Llama-3-1-8B-Instruct_w8a16_bnb_int8_sentiment_L16_r3_COMPLETE_20260714.json,meta-llama/Meta-Llama-3.1-8B-Instruct,w8a16_bnb_int8,r3,4.0,141,181,160,0,1,,160,1,False
SteerQuant_Meta-Llama-3-1-8B-Instruct_w8a16_bnb_int8_sentiment_L16_r3_COMPLETE_20260714|a4.0|i152,SteerQuant_Meta-Llama-3-1-8B-Instruct_w8a16_bnb_int8_sentiment_L16_r3_COMPLETE_20260714.json,meta-llama/Meta-Llama-3.1-8B-Instruct,w8a16_bnb_int8,r3,4.0,152,188,50,0,1,,50,1,False
SteerQuant_Meta-Llama-3-1-8B-Instruct_w8a16_bnb_int8_sentiment_L16_r3_COMPLETE_20260714|a4.0|i154,SteerQuant_Meta-Llama-3-1-8B-Instruct_w8a16_bnb_int8_sentiment_L16_r3_COMPLETE_20260714.json,meta-llama/Meta-Llama-3.1-8B-Instruct,w8a16_bnb_int8,r3,4.0,154,24,26,0,1,,26,1,False
SteerQuant_Meta-Llama-3-1-8B-Instruct_w8a16_bnb_int8_sentiment_L16_r3_COMPLETE_20260714|a4.0|i166,SteerQuant_Meta-Llama-3-1-8B-Instruct_w8a16_bnb_int8_sentiment_L16_r3_COMPLETE_20260714.json,meta-llama/Meta-Llama-3.1-8B-Instruct,w8a16_bnb_int8,r3,4.0,166,135,40,0,1,,40,1,False
SteerQuant_Meta-Llama-3-1-8B-Instruct_w8a16_bnb_int8_sentiment_L16_r3_COMPLETE_20260714|a4.0|i168,SteerQuant_Meta-Llama-3-1-8B-Instruct_w8a16_bnb_int8_sentiment_L16_r3_COMPLETE_20260714.json,meta-llama/Meta-Llama-3.1-8B-Instruct,w8a16_bnb_int8,r3,4.0,168,132,60,0,1,,60,1,False
SteerQuant_Meta-Llama-3-1-8B-Instruct_w8a16_bnb_int8_sentiment_L16_r3_COMPLETE_20260714|a4.0|i169,SteerQuant_Meta-Llama-3-1-8B-Instruct_w8a16_bnb_int8_sentiment_L16_r3_COMPLETE_20260714.json,meta-llama/Meta-Llama-3.1-8B-Instruct,w8a16_bnb_int8,r3,4.0,169,0,18,0,1,,18,1,False
SteerQuant_Meta-Llama-3-1-8B-Instruct_w8a16_bnb_int8_sentiment_L16_r3_COMPLETE_20260714|a4.0|i175,SteerQuant_Meta-Llama-3-1-8B-Instruct_w8a16_bnb_int8_sentiment_L16_r3_COMPLETE_20260714.json,meta-llama/Meta-Llama-3.1-8B-Instruct,w8a16_bnb_int8,r3,4.0,175,132,60,0,1,,60,1,False
SteerQuant_Meta-Llama-3-1-8B-Instruct_w8a16_bnb_int8_sentiment_L16_r3_COMPLETE_20260714|a4.0|i188,SteerQuant_Meta-Llama-3-1-8B-Instruct_w8a16_bnb_int8_sentiment_L16_r3_COMPLETE_20260714.json,meta-llama/Meta-Llama-3.1-8B-Instruct,w8a16_bnb_int8,r3,4.0,188,156,1400,0,1,,1400,1,False
SteerQuant_Meta-Llama-3-1-8B-Instruct_w8a16_bnb_int8_sentiment_L16_r3_COMPLETE_20260714|a4.0|i192,SteerQuant_Meta-Llama-3-1-8B-Instruct_w8a16_bnb_int8_sentiment_L16_r3_COMPLETE_20260714.json,meta-llama/Meta-Llama-3.1-8B-Instruct,w8a16_bnb_int8,r3,4.0,192,31,80,0,1,,80,1,False
SteerQuant_Meta-Llama-3-1-8B-Instruct_w8a16_bnb_int8_sentiment_L16_r3_COMPLETE_20260714|a4.0|i193,SteerQuant_Meta-Llama-3-1-8B-Instruct_w8a16_bnb_int8_sentiment_L16_r3_COMPLETE_20260714.json,meta-llama/Meta-Llama-3.1-8B-Instruct,w8a16_bnb_int8,r3,4.0,193,31,80,0,1,,80,1,False
SteerQuant_Meta-Llama-3-1-8B-Instruct_w8a16_bnb_int8_sentiment_L16_r3_COMPLETE_20260714|a4.0|i197,SteerQuant_Meta-Llama-3-1-8B-Instruct_w8a16_bnb_int8_sentiment_L16_r3_COMPLETE_20260714.json,meta-llama/Meta-Llama-3.1-8B-Instruct,w8a16_bnb_int8,r3,4.0,197,98,5,0,1,,5,1,False
SteerQuant_Meta-Llama-3-1-8B-Instruct_w8a16_bnb_int8_sentiment_L16_r3_COMPLETE_20260714|a6.0|i0,SteerQuant_Meta-Llama-3-1-8B-Instruct_w8a16_bnb_int8_sentiment_L16_r3_COMPLETE_20260714.json,meta-llama/Meta-Llama-3.1-8B-Instruct,w8a16_bnb_int8,r3,6.0,0,155,280,0,1,,280,1,False
SteerQuant_Meta-Llama-3-1-8B-Instruct_w8a16_bnb_int8_sentiment_L16_r3_COMPLETE_20260714|a6.0|i9,SteerQuant_Meta-Llama-3-1-8B-Instruct_w8a16_bnb_int8_sentiment_L16_r3_COMPLETE_20260714.json,meta-llama/Meta-Llama-3.1-8B-Instruct,w8a16_bnb_int8,r3,6.0,9,134,720,0,1,,720,1,False
SteerQuant_Meta-Llama-3-1-8B-Instruct_w8a16_bnb_int8_sentiment_L16_r3_COMPLETE_20260714|a6.0|i10,SteerQuant_Meta-Llama-3-1-8B-Instruct_w8a16_bnb_int8_sentiment_L16_r3_COMPLETE_20260714.json,meta-llama/Meta-Llama-3.1-8B-Instruct,w8a16_bnb_int8,r3,6.0,10,103,140,0,1,,140,1,False
SteerQuant_Meta-Llama-3-1-8B-Instruct_w8a16_bnb_int8_sentiment_L16_r3_COMPLETE_20260714|a6.0|i11,SteerQuant_Meta-Llama-3-1-8B-Instruct_w8a16_bnb_int8_sentiment_L16_r3_COMPLETE_20260714.json,meta-llama/Meta-Llama-3.1-8B-Instruct,w8a16_bnb_int8,r3,6.0,11,120,240,0,1,,240,1,False
SteerQuant_Meta-Llama-3-1-8B-Instruct_w8a16_bnb_int8_sentiment_L16_r3_COMPLETE_20260714|a6.0|i22,SteerQuant_Meta-Llama-3-1-8B-Instruct_w8a16_bnb_int8_sentiment_L16_r3_COMPLETE_20260714.json,meta-llama/Meta-Llama-3.1-8B-Instruct,w8a16_bnb_int8,r3,6.0,22,120,240,0,1,,240,1,False
SteerQuant_Meta-Llama-3-1-8B-Instruct_w8a16_bnb_int8_sentiment_L16_r3_COMPLETE_20260714|a6.0|i32,SteerQuant_Meta-Llama-3-1-8B-Instruct_w8a16_bnb_int8_sentiment_L16_r3_COMPLETE_20260714.json,meta-llama/Meta-Llama-3.1-8B-Instruct,w8a16_bnb_int8,r3,6.0,32,64,300,0,1,,300,1,False
SteerQuant_Meta-Llama-3-1-8B-Instruct_w8a16_bnb_int8_sentiment_L16_r3_COMPLETE_20260714|a6.0|i33,SteerQuant_Meta-Llama-3-1-8B-Instruct_w8a16_bnb_int8_sentiment_L16_r3_COMPLETE_20260714.json,meta-llama/Meta-Llama-3.1-8B-Instruct,w8a16_bnb_int8,r3,6.0,33,121,27,0,1,,27,1,False
SteerQuant_Meta-Llama-3-1-8B-Instruct_w8a16_bnb_int8_sentiment_L16_r3_COMPLETE_20260714|a6.0|i43,SteerQuant_Meta-Llama-3-1-8B-Instruct_w8a16_bnb_int8_sentiment_L16_r3_COMPLETE_20260714.json,meta-llama/Meta-Llama-3.1-8B-Instruct,w8a16_bnb_int8,r3,6.0,43,57,83,0,1,,83,1,False
SteerQuant_Meta-Llama-3-1-8B-Instruct_w8a16_bnb_int8_sentiment_L16_r3_COMPLETE_20260714|a6.0|i54,SteerQuant_Meta-Llama-3-1-8B-Instruct_w8a16_bnb_int8_sentiment_L16_r3_COMPLETE_20260714.json,meta-llama/Meta-Llama-3.1-8B-Instruct,w8a16_bnb_int8,r3,6.0,54,29,104,0,1,,104,1,False
SteerQuant_Meta-Llama-3-1-8B-Instruct_w8a16_bnb_int8_sentiment_L16_r3_COMPLETE_20260714|a6.0|i58,SteerQuant_Meta-Llama-3-1-8B-Instruct_w8a16_bnb_int8_sentiment_L16_r3_COMPLETE_20260714.json,meta-llama/Meta-Llama-3.1-8B-Instruct,w8a16_bnb_int8,r3,6.0,58,194,10,0,1,,10,1,False
SteerQuant_Meta-Llama-3-1-8B-Instruct_w8a16_bnb_int8_sentiment_L16_r3_COMPLETE_20260714|a6.0|i65,SteerQuant_Meta-Llama-3-1-8B-Instruct_w8a16_bnb_int8_sentiment_L16_r3_COMPLETE_20260714.json,meta-llama/Meta-Llama-3.1-8B-Instruct,w8a16_bnb_int8,r3,6.0,65,161,32,0,1,,32,1,False
SteerQuant_Meta-Llama-3-1-8B-Instruct_w8a16_bnb_int8_sentiment_L16_r3_COMPLETE_20260714|a6.0|i72,SteerQuant_Meta-Llama-3-1-8B-Instruct_w8a16_bnb_int8_sentiment_L16_r3_COMPLETE_20260714.json,meta-llama/Meta-Llama-3.1-8B-Instruct,w8a16_bnb_int8,r3,6.0,72,36,75,0,1,,75,1,False
SteerQuant_Meta-Llama-3-1-8B-Instruct_w8a16_bnb_int8_sentiment_L16_r3_COMPLETE_20260714|a6.0|i76,SteerQuant_Meta-Llama-3-1-8B-Instruct_w8a16_bnb_int8_sentiment_L16_r3_COMPLETE_20260714.json,meta-llama/Meta-Llama-3.1-8B-Instruct,w8a16_bnb_int8,r3,6.0,76,33,70,0,1,,70,1,False
SteerQuant_Meta-Llama-3-1-8B-Instruct_w8a16_bnb_int8_sentiment_L16_r3_COMPLETE_20260714|a6.0|i80,SteerQuant_Meta-Llama-3-1-8B-Instruct_w8a16_bnb_int8_sentiment_L16_r3_COMPLETE_20260714.json,meta-llama/Meta-Llama-3.1-8B-Instruct,w8a16_bnb_int8,r3,6.0,80,26,243,0,1,,243,1,False
SteerQuant_Meta-Llama-3-1-8B-Instruct_w8a16_bnb_int8_sentiment_L16_r3_COMPLETE_20260714|a6.0|i81,SteerQuant_Meta-Llama-3-1-8B-Instruct_w8a16_bnb_int8_sentiment_L16_r3_COMPLETE_20260714.json,meta-llama/Meta-Llama-3.1-8B-Instruct,w8a16_bnb_int8,r3,6.0,81,42,26,0,1,,26,1,False
SteerQuant_Meta-Llama-3-1-8B-Instruct_w8a16_bnb_int8_sentiment_L16_r3_COMPLETE_20260714|a6.0|i85,SteerQuant_Meta-Llama-3-1-8B-Instruct_w8a16_bnb_int8_sentiment_L16_r3_COMPLETE_20260714.json,meta-llama/Meta-Llama-3.1-8B-Instruct,w8a16_bnb_int8,r3,6.0,85,150,4,0,1,,4,1,False
SteerQuant_Meta-Llama-3-1-8B-Instruct_w8a16_bnb_int8_sentiment_L16_r3_COMPLETE_20260714|a6.0|i86,SteerQuant_Meta-Llama-3-1-8B-Instruct_w8a16_bnb_int8_sentiment_L16_r3_COMPLETE_20260714.json,meta-llama/Meta-Llama-3.1-8B-Instruct,w8a16_bnb_int8,r3,6.0,86,81,17,0,1,,17,1,False
SteerQuant_Meta-Llama-3-1-8B-Instruct_w8a16_bnb_int8_sentiment_L16_r3_COMPLETE_20260714|a6.0|i89,SteerQuant_Meta-Llama-3-1-8B-Instruct_w8a16_bnb_int8_sentiment_L16_r3_COMPLETE_20260714.json,meta-llama/Meta-Llama-3.1-8B-Instruct,w8a16_bnb_int8,r3,6.0,89,85,44,0,1,,44,1,False
SteerQuant_Meta-Llama-3-1-8B-Instruct_w8a16_bnb_int8_sentiment_L16_r3_COMPLETE_20260714|a6.0|i91,SteerQuant_Meta-Llama-3-1-8B-Instruct_w8a16_bnb_int8_sentiment_L16_r3_COMPLETE_20260714.json,meta-llama/Meta-Llama-3.1-8B-Instruct,w8a16_bnb_int8,r3,6.0,91,64,300,0,1,,300,1,False
SteerQuant_Meta-Llama-3-1-8B-Instruct_w8a16_bnb_int8_sentiment_L16_r3_COMPLETE_20260714|a6.0|i94,SteerQuant_Meta-Llama-3-1-8B-Instruct_w8a16_bnb_int8_sentiment_L16_r3_COMPLETE_20260714.json,meta-llama/Meta-Llama-3.1-8B-Instruct,w8a16_bnb_int8,r3,6.0,94,22,7,0,1,,7,1,False
SteerQuant_Meta-Llama-3-1-8B-Instruct_w8a16_bnb_int8_sentiment_L16_r3_COMPLETE_20260714|a6.0|i105,SteerQuant_Meta-Llama-3-1-8B-Instruct_w8a16_bnb_int8_sentiment_L16_r3_COMPLETE_20260714.json,meta-llama/Meta-Llama-3.1-8B-Instruct,w8a16_bnb_int8,r3,6.0,105,81,17,0,1,,17,1,False
SteerQuant_Meta-Llama-3-1-8B-Instruct_w8a16_bnb_int8_sentiment_L16_r3_COMPLETE_20260714|a6.0|i112,SteerQuant_Meta-Llama-3-1-8B-Instruct_w8a16_bnb_int8_sentiment_L16_r3_COMPLETE_20260714.json,meta-llama/Meta-Llama-3.1-8B-Instruct,w8a16_bnb_int8,r3,6.0,112,33,70,0,1,,70,1,False
SteerQuant_Meta-Llama-3-1-8B-Instruct_w8a16_bnb_int8_sentiment_L16_r3_COMPLETE_20260714|a6.0|i114,SteerQuant_Meta-Llama-3-1-8B-Instruct_w8a16_bnb_int8_sentiment_L16_r3_COMPLETE_20260714.json,meta-llama/Meta-Llama-3.1-8B-Instruct,w8a16_bnb_int8,r3,6.0,114,74,88,0,1,,88,1,False
SteerQuant_Meta-Llama-3-1-8B-Instruct_w8a16_bnb_int8_sentiment_L16_r3_COMPLETE_20260714|a6.0|i116,SteerQuant_Meta-Llama-3-1-8B-Instruct_w8a16_bnb_int8_sentiment_L16_r3_COMPLETE_20260714.json,meta-llama/Meta-Llama-3.1-8B-Instruct,w8a16_bnb_int8,r3,6.0,116,116,42,0,1,,42,1,False
SteerQuant_Meta-Llama-3-1-8B-Instruct_w8a16_bnb_int8_sentiment_L16_r3_COMPLETE_20260714|a6.0|i117,SteerQuant_Meta-Llama-3-1-8B-Instruct_w8a16_bnb_int8_sentiment_L16_r3_COMPLETE_20260714.json,meta-llama/Meta-Llama-3.1-8B-Instruct,w8a16_bnb_int8,r3,6.0,117,85,44,0,1,,44,1,False
SteerQuant_Meta-Llama-3-1-8B-Instruct_w8a16_bnb_int8_sentiment_L16_r3_COMPLETE_20260714|a6.0|i118,SteerQuant_Meta-Llama-3-1-8B-Instruct_w8a16_bnb_int8_sentiment_L16_r3_COMPLETE_20260714.json,meta-llama/Meta-Llama-3.1-8B-Instruct,w8a16_bnb_int8,r3,6.0,118,88,8000,0,1,,8000,1,False
SteerQuant_Meta-Llama-3-1-8B-Instruct_w8a16_bnb_int8_sentiment_L16_r3_COMPLETE_20260714|a6.0|i121,SteerQuant_Meta-Llama-3-1-8B-Instruct_w8a16_bnb_int8_sentiment_L16_r3_COMPLETE_20260714.json,meta-llama/Meta-Llama-3.1-8B-Instruct,w8a16_bnb_int8,r3,6.0,121,81,17,0,1,,17,1,False
SteerQuant_Meta-Llama-3-1-8B-Instruct_w8a16_bnb_int8_sentiment_L16_r3_COMPLETE_20260714|a6.0|i123,SteerQuant_Meta-Llama-3-1-8B-Instruct_w8a16_bnb_int8_sentiment_L16_r3_COMPLETE_20260714.json,meta-llama/Meta-Llama-3.1-8B-Instruct,w8a16_bnb_int8,r3,6.0,123,155,280,0,1,,280,1,False
SteerQuant_Meta-Llama-3-1-8B-Instruct_w8a16_bnb_int8_sentiment_L16_r3_COMPLETE_20260714|a6.0|i127,SteerQuant_Meta-Llama-3-1-8B-Instruct_w8a16_bnb_int8_sentiment_L16_r3_COMPLETE_20260714.json,meta-llama/Meta-Llama-3.1-8B-Instruct,w8a16_bnb_int8,r3,6.0,127,142,140,0,1,,140,1,False
SteerQuant_Meta-Llama-3-1-8B-Instruct_w8a16_bnb_int8_sentiment_L16_r3_COMPLETE_20260714|a6.0|i135,SteerQuant_Meta-Llama-3-1-8B-Instruct_w8a16_bnb_int8_sentiment_L16_r3_COMPLETE_20260714.json,meta-llama/Meta-Llama-3.1-8B-Instruct,w8a16_bnb_int8,r3,6.0,135,120,240,0,1,,240,1,False
SteerQuant_Meta-Llama-3-1-8B-Instruct_w8a16_bnb_int8_sentiment_L16_r3_COMPLETE_20260714|a6.0|i136,SteerQuant_Meta-Llama-3-1-8B-Instruct_w8a16_bnb_int8_sentiment_L16_r3_COMPLETE_20260714.json,meta-llama/Meta-Llama-3.1-8B-Instruct,w8a16_bnb_int8,r3,6.0,136,88,8000,0,1,,8000,1,False
SteerQuant_Meta-Llama-3-1-8B-Instruct_w8a16_bnb_int8_sentiment_L16_r3_COMPLETE_20260714|a6.0|i140,SteerQuant_Meta-Llama-3-1-8B-Instruct_w8a16_bnb_int8_sentiment_L16_r3_COMPLETE_20260714.json,meta-llama/Meta-Llama-3.1-8B-Instruct,w8a16_bnb_int8,r3,6.0,140,67,595,0,1,,595,1,False
SteerQuant_Meta-Llama-3-1-8B-Instruct_w8a16_bnb_int8_sentiment_L16_r3_COMPLETE_20260714|a6.0|i141,SteerQuant_Meta-Llama-3-1-8B-Instruct_w8a16_bnb_int8_sentiment_L16_r3_COMPLETE_20260714.json,meta-llama/Meta-Llama-3.1-8B-Instruct,w8a16_bnb_int8,r3,6.0,141,181,160,0,1,,160,1,False
SteerQuant_Meta-Llama-3-1-8B-Instruct_w8a16_bnb_int8_sentiment_L16_r3_COMPLETE_20260714|a6.0|i152,SteerQuant_Meta-Llama-3-1-8B-Instruct_w8a16_bnb_int8_sentiment_L16_r3_COMPLETE_20260714.json,meta-llama/Meta-Llama-3.1-8B-Instruct,w8a16_bnb_int8,r3,6.0,152,188,50,0,1,,50,1,False
SteerQuant_Meta-Llama-3-1-8B-Instruct_w8a16_bnb_int8_sentiment_L16_r3_COMPLETE_20260714|a6.0|i156,SteerQuant_Meta-Llama-3-1-8B-Instruct_w8a16_bnb_int8_sentiment_L16_r3_COMPLETE_20260714.json,meta-llama/Meta-Llama-3.1-8B-Instruct,w8a16_bnb_int8,r3,6.0,156,155,280,0,1,,280,1,False
SteerQuant_Meta-Llama-3-1-8B-Instruct_w8a16_bnb_int8_sentiment_L16_r3_COMPLETE_20260714|a6.0|i163,SteerQuant_Meta-Llama-3-1-8B-Instruct_w8a16_bnb_int8_sentiment_L16_r3_COMPLETE_20260714.json,meta-llama/Meta-Llama-3.1-8B-Instruct,w8a16_bnb_int8,r3,6.0,163,42,26,0,1,,26,1,False
SteerQuant_Meta-Llama-3-1-8B-Instruct_w8a16_bnb_int8_sentiment_L16_r3_COMPLETE_20260714|a6.0|i166,SteerQuant_Meta-Llama-3-1-8B-Instruct_w8a16_bnb_int8_sentiment_L16_r3_COMPLETE_20260714.json,meta-llama/Meta-Llama-3.1-8B-Instruct,w8a16_bnb_int8,r3,6.0,166,135,40,0,1,,40,1,False
SteerQuant_Meta-Llama-3-1-8B-Instruct_w8a16_bnb_int8_sentiment_L16_r3_COMPLETE_20260714|a6.0|i169,SteerQuant_Meta-Llama-3-1-8B-Instruct_w8a16_bnb_int8_sentiment_L16_r3_COMPLETE_20260714.json,meta-llama/Meta-Llama-3.1-8B-Instruct,w8a16_bnb_int8,r3,6.0,169,0,18,0,1,,18,1,False
SteerQuant_Meta-Llama-3-1-8B-Instruct_w8a16_bnb_int8_sentiment_L16_r3_COMPLETE_20260714|a6.0|i170,SteerQuant_Meta-Llama-3-1-8B-Instruct_w8a16_bnb_int8_sentiment_L16_r3_COMPLETE_20260714.json,meta-llama/Meta-Llama-3.1-8B-Instruct,w8a16_bnb_int8,r3,6.0,170,116,42,0,1,,42,1,False
SteerQuant_Meta-Llama-3-1-8B-Instruct_w8a16_bnb_int8_sentiment_L16_r3_COMPLETE_20260714|a6.0|i171,SteerQuant_Meta-Llama-3-1-8B-Instruct_w8a16_bnb_int8_sentiment_L16_r3_COMPLETE_20260714.json,meta-llama/Meta-Llama-3.1-8B-Instruct,w8a16_bnb_int8,r3,6.0,171,86,22,0,1,,22,1,False
SteerQuant_Meta-Llama-3-1-8B-Instruct_w8a16_bnb_int8_sentiment_L16_r3_COMPLETE_20260714|a6.0|i177,SteerQuant_Meta-Llama-3-1-8B-Instruct_w8a16_bnb_int8_sentiment_L16_r3_COMPLETE_20260714.json,meta-llama/Meta-Llama-3.1-8B-Instruct,w8a16_bnb_int8,r3,6.0,177,81,17,0,1,,17,1,False
SteerQuant_Meta-Llama-3-1-8B-Instruct_w8a16_bnb_int8_sentiment_L16_r3_COMPLETE_20260714|a6.0|i188,SteerQuant_Meta-Llama-3-1-8B-Instruct_w8a16_bnb_int8_sentiment_L16_r3_COMPLETE_20260714.json,meta-llama/Meta-Llama-3.1-8B-Instruct,w8a16_bnb_int8,r3,6.0,188,156,1400,0,1,,1400,1,False
SteerQuant_Meta-Llama-3-1-8B-Instruct_w8a16_bnb_int8_sentiment_L16_r3_COMPLETE_20260714|a6.0|i192,SteerQuant_Meta-Llama-3-1-8B-Instruct_w8a16_bnb_int8_sentiment_L16_r3_COMPLETE_20260714.json,meta-llama/Meta-Llama-3.1-8B-Instruct,w8a16_bnb_int8,r3,6.0,192,31,80,0,1,,80,1,False
SteerQuant_Meta-Llama-3-1-8B-Instruct_w8a16_bnb_int8_sentiment_L16_r3_COMPLETE_20260714|a6.0|i193,SteerQuant_Meta-Llama-3-1-8B-Instruct_w8a16_bnb_int8_sentiment_L16_r3_COMPLETE_20260714.json,meta-llama/Meta-Llama-3.1-8B-Instruct,w8a16_bnb_int8,r3,6.0,193,31,80,0,1,,80,1,False
SteerQuant_Meta-Llama-3-1-8B-Instruct_w8a16_bnb_int8_sentiment_L16_r3_COMPLETE_20260714|a6.0|i198,SteerQuant_Meta-Llama-3-1-8B-Instruct_w8a16_bnb_int8_sentiment_L16_r3_COMPLETE_20260714.json,meta-llama/Meta-Llama-3.1-8B-Instruct,w8a16_bnb_int8,r3,6.0,198,165,77,0,1,,77,1,False
SteerQuant_Meta-Llama-3-1-8B-Instruct_w8a16_bnb_int8_sentiment_L16_r3_COMPLETE_20260714|a8.0|i0,SteerQuant_Meta-Llama-3-1-8B-Instruct_w8a16_bnb_int8_sentiment_L16_r3_COMPLETE_20260714.json,meta-llama/Meta-Llama-3.1-8B-Instruct,w8a16_bnb_int8,r3,8.0,0,155,280,0,1,,280,1,False
SteerQuant_Meta-Llama-3-1-8B-Instruct_w8a16_bnb_int8_sentiment_L16_r3_COMPLETE_20260714|a8.0|i1,SteerQuant_Meta-Llama-3-1-8B-Instruct_w8a16_bnb_int8_sentiment_L16_r3_COMPLETE_20260714.json,meta-llama/Meta-Llama-3.1-8B-Instruct,w8a16_bnb_int8,r3,8.0,1,145,4000,0,1,,4000,1,False
SteerQuant_Meta-Llama-3-1-8B-Instruct_w8a16_bnb_int8_sentiment_L16_r3_COMPLETE_20260714|a8.0|i10,SteerQuant_Meta-Llama-3-1-8B-Instruct_w8a16_bnb_int8_sentiment_L16_r3_COMPLETE_20260714.json,meta-llama/Meta-Llama-3.1-8B-Instruct,w8a16_bnb_int8,r3,8.0,10,103,140,0,1,,140,1,False
SteerQuant_Meta-Llama-3-1-8B-Instruct_w8a16_bnb_int8_sentiment_L16_r3_COMPLETE_20260714|a8.0|i11,SteerQuant_Meta-Llama-3-1-8B-Instruct_w8a16_bnb_int8_sentiment_L16_r3_COMPLETE_20260714.json,meta-llama/Meta-Llama-3.1-8B-Instruct,w8a16_bnb_int8,r3,8.0,11,120,240,0,1,,240,1,False
SteerQuant_Meta-Llama-3-1-8B-Instruct_w8a16_bnb_int8_sentiment_L16_r3_COMPLETE_20260714|a8.0|i21,SteerQuant_Meta-Llama-3-1-8B-Instruct_w8a16_bnb_int8_sentiment_L16_r3_COMPLETE_20260714.json,meta-llama/Meta-Llama-3.1-8B-Instruct,w8a16_bnb_int8,r3,8.0,21,41,200,0,1,,200,1,False
SteerQuant_Meta-Llama-3-1-8B-Instruct_w8a16_bnb_int8_sentiment_L16_r3_COMPLETE_20260714|a8.0|i22,SteerQuant_Meta-Llama-3-1-8B-Instruct_w8a16_bnb_int8_sentiment_L16_r3_COMPLETE_20260714.json,meta-llama/Meta-Llama-3.1-8B-Instruct,w8a16_bnb_int8,r3,8.0,22,120,240,0,1,,240,1,False
SteerQuant_Meta-Llama-3-1-8B-Instruct_w8a16_bnb_int8_sentiment_L16_r3_COMPLETE_20260714|a8.0|i34,SteerQuant_Meta-Llama-3-1-8B-Instruct_w8a16_bnb_int8_sentiment_L16_r3_COMPLETE_20260714.json,meta-llama/Meta-Llama-3.1-8B-Instruct,w8a16_bnb_int8,r3,8.0,34,55,14,0,1,,14,1,False
SteerQuant_Meta-Llama-3-1-8B-Instruct_w8a16_bnb_int8_sentiment_L16_r3_COMPLETE_20260714|a8.0|i37,SteerQuant_Meta-Llama-3-1-8B-Instruct_w8a16_bnb_int8_sentiment_L16_r3_COMPLETE_20260714.json,meta-llama/Meta-Llama-3.1-8B-Instruct,w8a16_bnb_int8,r3,8.0,37,63,1596,0,1,,1596,1,False
SteerQuant_Meta-Llama-3-1-8B-Instruct_w8a16_bnb_int8_sentiment_L16_r3_COMPLETE_20260714|a8.0|i43,SteerQuant_Meta-Llama-3-1-8B-Instruct_w8a16_bnb_int8_sentiment_L16_r3_COMPLETE_20260714.json,meta-llama/Meta-Llama-3.1-8B-Instruct,w8a16_bnb_int8,r3,8.0,43,57,83,0,1,,83,1,False
SteerQuant_Meta-Llama-3-1-8B-Instruct_w8a16_bnb_int8_sentiment_L16_r3_COMPLETE_20260714|a8.0|i46,SteerQuant_Meta-Llama-3-1-8B-Instruct_w8a16_bnb_int8_sentiment_L16_r3_COMPLETE_20260714.json,meta-llama/Meta-Llama-3.1-8B-Instruct,w8a16_bnb_int8,r3,8.0,46,197,6277,0,1,,6277,1,False
SteerQuant_Meta-Llama-3-1-8B-Instruct_w8a16_bnb_int8_sentiment_L16_r3_COMPLETE_20260714|a8.0|i65,SteerQuant_Meta-Llama-3-1-8B-Instruct_w8a16_bnb_int8_sentiment_L16_r3_COMPLETE_20260714.json,meta-llama/Meta-Llama-3.1-8B-Instruct,w8a16_bnb_int8,r3,8.0,65,161,32,0,1,,32,1,False
SteerQuant_Meta-Llama-3-1-8B-Instruct_w8a16_bnb_int8_sentiment_L16_r3_COMPLETE_20260714|a8.0|i76,SteerQuant_Meta-Llama-3-1-8B-Instruct_w8a16_bnb_int8_sentiment_L16_r3_COMPLETE_20260714.json,meta-llama/Meta-Llama-3.1-8B-Instruct,w8a16_bnb_int8,r3,8.0,76,33,70,0,1,,70,1,False
SteerQuant_Meta-Llama-3-1-8B-Instruct_w8a16_bnb_int8_sentiment_L16_r3_COMPLETE_20260714|a8.0|i79,SteerQuant_Meta-Llama-3-1-8B-Instruct_w8a16_bnb_int8_sentiment_L16_r3_COMPLETE_20260714.json,meta-llama/Meta-Llama-3.1-8B-Instruct,w8a16_bnb_int8,r3,8.0,79,64,300,0,1,,300,1,False
SteerQuant_Meta-Llama-3-1-8B-Instruct_w8a16_bnb_int8_sentiment_L16_r3_COMPLETE_20260714|a8.0|i82,SteerQuant_Meta-Llama-3-1-8B-Instruct_w8a16_bnb_int8_sentiment_L16_r3_COMPLETE_20260714.json,meta-llama/Meta-Llama-3.1-8B-Instruct,w8a16_bnb_int8,r3,8.0,82,37,2,0,1,,2,1,False
SteerQuant_Meta-Llama-3-1-8B-Instruct_w8a16_bnb_int8_sentiment_L16_r3_COMPLETE_20260714|a8.0|i86,SteerQuant_Meta-Llama-3-1-8B-Instruct_w8a16_bnb_int8_sentiment_L16_r3_COMPLETE_20260714.json,meta-llama/Meta-Llama-3.1-8B-Instruct,w8a16_bnb_int8,r3,8.0,86,81,17,0,1,,17,1,False
SteerQuant_Meta-Llama-3-1-8B-Instruct_w8a16_bnb_int8_sentiment_L16_r3_COMPLETE_20260714|a8.0|i89,SteerQuant_Meta-Llama-3-1-8B-Instruct_w8a16_bnb_int8_sentiment_L16_r3_COMPLETE_20260714.json,meta-llama/Meta-Llama-3.1-8B-Instruct,w8a16_bnb_int8,r3,8.0,89,85,44,0,1,,44,1,False
SteerQuant_Meta-Llama-3-1-8B-Instruct_w8a16_bnb_int8_sentiment_L16_r3_COMPLETE_20260714|a8.0|i92,SteerQuant_Meta-Llama-3-1-8B-Instruct_w8a16_bnb_int8_sentiment_L16_r3_COMPLETE_20260714.json,meta-llama/Meta-Llama-3.1-8B-Instruct,w8a16_bnb_int8,r3,8.0,92,133,13,0,1,,13,1,False
SteerQuant_Meta-Llama-3-1-8B-Instruct_w8a16_bnb_int8_sentiment_L16_r3_COMPLETE_20260714|a8.0|i94,SteerQuant_Meta-Llama-3-1-8B-Instruct_w8a16_bnb_int8_sentiment_L16_r3_COMPLETE_20260714.json,meta-llama/Meta-Llama-3.1-8B-Instruct,w8a16_bnb_int8,r3,8.0,94,22,7,0,1,,7,1,False
SteerQuant_Meta-Llama-3-1-8B-Instruct_w8a16_bnb_int8_sentiment_L16_r3_COMPLETE_20260714|a8.0|i105,SteerQuant_Meta-Llama-3-1-8B-Instruct_w8a16_bnb_int8_sentiment_L16_r3_COMPLETE_20260714.json,meta-llama/Meta-Llama-3.1-8B-Instruct,w8a16_bnb_int8,r3,8.0,105,81,17,0,1,,17,1,False
SteerQuant_Meta-Llama-3-1-8B-Instruct_w8a16_bnb_int8_sentiment_L16_r3_COMPLETE_20260714|a8.0|i116,SteerQuant_Meta-Llama-3-1-8B-Instruct_w8a16_bnb_int8_sentiment_L16_r3_COMPLETE_20260714.json,meta-llama/Meta-Llama-3.1-8B-Instruct,w8a16_bnb_int8,r3,8.0,116,116,42,0,1,,42,1,False
SteerQuant_Meta-Llama-3-1-8B-Instruct_w8a16_bnb_int8_sentiment_L16_r3_COMPLETE_20260714|a8.0|i118,SteerQuant_Meta-Llama-3-1-8B-Instruct_w8a16_bnb_int8_sentiment_L16_r3_COMPLETE_20260714.json,meta-llama/Meta-Llama-3.1-8B-Instruct,w8a16_bnb_int8,r3,8.0,118,88,8000,0,1,,8000,1,False
SteerQuant_Meta-Llama-3-1-8B-Instruct_w8a16_bnb_int8_sentiment_L16_r3_COMPLETE_20260714|a8.0|i120,SteerQuant_Meta-Llama-3-1-8B-Instruct_w8a16_bnb_int8_sentiment_L16_r3_COMPLETE_20260714.json,meta-llama/Meta-Llama-3.1-8B-Instruct,w8a16_bnb_int8,r3,8.0,120,11,694,0,1,,694,1,False
SteerQuant_Meta-Llama-3-1-8B-Instruct_w8a16_bnb_int8_sentiment_L16_r3_COMPLETE_20260714|a8.0|i121,SteerQuant_Meta-Llama-3-1-8B-Instruct_w8a16_bnb_int8_sentiment_L16_r3_COMPLETE_20260714.json,meta-llama/Meta-Llama-3.1-8B-Instruct,w8a16_bnb_int8,r3,8.0,121,81,17,0,1,,17,1,False
SteerQuant_Meta-Llama-3-1-8B-Instruct_w8a16_bnb_int8_sentiment_L16_r3_COMPLETE_20260714|a8.0|i127,SteerQuant_Meta-Llama-3-1-8B-Instruct_w8a16_bnb_int8_sentiment_L16_r3_COMPLETE_20260714.json,meta-llama/Meta-Llama-3.1-8B-Instruct,w8a16_bnb_int8,r3,8.0,127,142,140,0,1,,140,1,False
SteerQuant_Meta-Llama-3-1-8B-Instruct_w8a16_bnb_int8_sentiment_L16_r3_COMPLETE_20260714|a8.0|i128,SteerQuant_Meta-Llama-3-1-8B-Instruct_w8a16_bnb_int8_sentiment_L16_r3_COMPLETE_20260714.json,meta-llama/Meta-Llama-3.1-8B-Instruct,w8a16_bnb_int8,r3,8.0,128,43,48,0,1,,48,1,False
SteerQuant_Meta-Llama-3-1-8B-Instruct_w8a16_bnb_int8_sentiment_L16_r3_COMPLETE_20260714|a8.0|i129,SteerQuant_Meta-Llama-3-1-8B-Instruct_w8a16_bnb_int8_sentiment_L16_r3_COMPLETE_20260714.json,meta-llama/Meta-Llama-3.1-8B-Instruct,w8a16_bnb_int8,r3,8.0,129,5,64,0,1,,64,1,False
SteerQuant_Meta-Llama-3-1-8B-Instruct_w8a16_bnb_int8_sentiment_L16_r3_COMPLETE_20260714|a8.0|i133,SteerQuant_Meta-Llama-3-1-8B-Instruct_w8a16_bnb_int8_sentiment_L16_r3_COMPLETE_20260714.json,meta-llama/Meta-Llama-3.1-8B-Instruct,w8a16_bnb_int8,r3,8.0,133,190,360,0,1,,360,1,False
SteerQuant_Meta-Llama-3-1-8B-Instruct_w8a16_bnb_int8_sentiment_L16_r3_COMPLETE_20260714|a8.0|i135,SteerQuant_Meta-Llama-3-1-8B-Instruct_w8a16_bnb_int8_sentiment_L16_r3_COMPLETE_20260714.json,meta-llama/Meta-Llama-3.1-8B-Instruct,w8a16_bnb_int8,r3,8.0,135,120,240,0,1,,240,1,False
SteerQuant_Meta-Llama-3-1-8B-Instruct_w8a16_bnb_int8_sentiment_L16_r3_COMPLETE_20260714|a8.0|i136,SteerQuant_Meta-Llama-3-1-8B-Instruct_w8a16_bnb_int8_sentiment_L16_r3_COMPLETE_20260714.json,meta-llama/Meta-Llama-3.1-8B-Instruct,w8a16_bnb_int8,r3,8.0,136,88,8000,0,1,,8000,1,False
SteerQuant_Meta-Llama-3-1-8B-Instruct_w8a16_bnb_int8_sentiment_L16_r3_COMPLETE_20260714|a8.0|i137,SteerQuant_Meta-Llama-3-1-8B-Instruct_w8a16_bnb_int8_sentiment_L16_r3_COMPLETE_20260714.json,meta-llama/Meta-Llama-3.1-8B-Instruct,w8a16_bnb_int8,r3,8.0,137,123,50,0,1,,50,1,False
SteerQuant_Meta-Llama-3-1-8B-Instruct_w8a16_bnb_int8_sentiment_L16_r3_COMPLETE_20260714|a8.0|i148,SteerQuant_Meta-Llama-3-1-8B-Instruct_w8a16_bnb_int8_sentiment_L16_r3_COMPLETE_20260714.json,meta-llama/Meta-Llama-3.1-8B-Instruct,w8a16_bnb_int8,r3,8.0,148,112,24,0,1,,24,1,False
SteerQuant_Meta-Llama-3-1-8B-Instruct_w8a16_bnb_int8_sentiment_L16_r3_COMPLETE_20260714|a8.0|i150,SteerQuant_Meta-Llama-3-1-8B-Instruct_w8a16_bnb_int8_sentiment_L16_r3_COMPLETE_20260714.json,meta-llama/Meta-Llama-3.1-8B-Instruct,w8a16_bnb_int8,r3,8.0,150,96,3,0,1,,3,1,False
SteerQuant_Meta-Llama-3-1-8B-Instruct_w8a16_bnb_int8_sentiment_L16_r3_COMPLETE_20260714|a8.0|i152,SteerQuant_Meta-Llama-3-1-8B-Instruct_w8a16_bnb_int8_sentiment_L16_r3_COMPLETE_20260714.json,meta-llama/Meta-Llama-3.1-8B-Instruct,w8a16_bnb_int8,r3,8.0,152,188,50,0,1,,50,1,False
SteerQuant_Meta-Llama-3-1-8B-Instruct_w8a16_bnb_int8_sentiment_L16_r3_COMPLETE_20260714|a8.0|i159,SteerQuant_Meta-Llama-3-1-8B-Instruct_w8a16_bnb_int8_sentiment_L16_r3_COMPLETE_20260714.json,meta-llama/Meta-Llama-3.1-8B-Instruct,w8a16_bnb_int8,r3,8.0,159,112,24,0,1,,24,1,False
SteerQuant_Meta-Llama-3-1-8B-Instruct_w8a16_bnb_int8_sentiment_L16_r3_COMPLETE_20260714|a8.0|i167,SteerQuant_Meta-Llama-3-1-8B-Instruct_w8a16_bnb_int8_sentiment_L16_r3_COMPLETE_20260714.json,meta-llama/Meta-Llama-3.1-8B-Instruct,w8a16_bnb_int8,r3,8.0,167,104,500,0,1,,500,1,False
SteerQuant_Meta-Llama-3-1-8B-Instruct_w8a16_bnb_int8_sentiment_L16_r3_COMPLETE_20260714|a8.0|i169,SteerQuant_Meta-Llama-3-1-8B-Instruct_w8a16_bnb_int8_sentiment_L16_r3_COMPLETE_20260714.json,meta-llama/Meta-Llama-3.1-8B-Instruct,w8a16_bnb_int8,r3,8.0,169,0,18,0,1,,18,1,False
SteerQuant_Meta-Llama-3-1-8B-Instruct_w8a16_bnb_int8_sentiment_L16_r3_COMPLETE_20260714|a8.0|i170,SteerQuant_Meta-Llama-3-1-8B-Instruct_w8a16_bnb_int8_sentiment_L16_r3_COMPLETE_20260714.json,meta-llama/Meta-Llama-3.1-8B-Instruct,w8a16_bnb_int8,r3,8.0,170,116,42,0,1,,42,1,False
SteerQuant_Meta-Llama-3-1-8B-Instruct_w8a16_bnb_int8_sentiment_L16_r3_COMPLETE_20260714|a8.0|i177,SteerQuant_Meta-Llama-3-1-8B-Instruct_w8a16_bnb_int8_sentiment_L16_r3_COMPLETE_20260714.json,meta-llama/Meta-Llama-3.1-8B-Instruct,w8a16_bnb_int8,r3,8.0,177,81,17,0,1,,17,1,False
SteerQuant_Meta-Llama-3-1-8B-Instruct_w8a16_bnb_int8_sentiment_L16_r3_COMPLETE_20260714|a8.0|i178,SteerQuant_Meta-Llama-3-1-8B-Instruct_w8a16_bnb_int8_sentiment_L16_r3_COMPLETE_20260714.json,meta-llama/Meta-Llama-3.1-8B-Instruct,w8a16_bnb_int8,r3,8.0,178,5,64,0,1,,64,1,False
SteerQuant_Meta-Llama-3-1-8B-Instruct_w8a16_bnb_int8_sentiment_L16_r3_COMPLETE_20260714|a8.0|i186,SteerQuant_Meta-Llama-3-1-8B-Instruct_w8a16_bnb_int8_sentiment_L16_r3_COMPLETE_20260714.json,meta-llama/Meta-Llama-3.1-8B-Instruct,w8a16_bnb_int8,r3,8.0,186,127,120,0,1,,120,1,False
SteerQuant_Meta-Llama-3-1-8B-Instruct_w8a16_bnb_int8_sentiment_L16_r3_COMPLETE_20260714|a8.0|i187,SteerQuant_Meta-Llama-3-1-8B-Instruct_w8a16_bnb_int8_sentiment_L16_r3_COMPLETE_20260714.json,meta-llama/Meta-Llama-3.1-8B-Instruct,w8a16_bnb_int8,r3,8.0,187,21,14,0,1,,14,1,False
SteerQuant_Meta-Llama-3-1-8B-Instruct_w8a16_bnb_int8_sentiment_L16_r3_COMPLETE_20260714|a8.0|i188,SteerQuant_Meta-Llama-3-1-8B-Instruct_w8a16_bnb_int8_sentiment_L16_r3_COMPLETE_20260714.json,meta-llama/Meta-Llama-3.1-8B-Instruct,w8a16_bnb_int8,r3,8.0,188,156,1400,0,1,,1400,1,False
SteerQuant_Meta-Llama-3-1-8B-Instruct_w8a16_bnb_int8_sentiment_L16_r4_COMPLETE_20260714|a0.0|i27,SteerQuant_Meta-Llama-3-1-8B-Instruct_w8a16_bnb_int8_sentiment_L16_r4_COMPLETE_20260714.json,meta-llama/Meta-Llama-3.1-8B-Instruct,w8a16_bnb_int8,r4,0.0,27,195,12,0,1,,12,1,False
SteerQuant_Meta-Llama-3-1-8B-Instruct_w8a16_bnb_int8_sentiment_L16_r4_COMPLETE_20260714|a0.0|i54,SteerQuant_Meta-Llama-3-1-8B-Instruct_w8a16_bnb_int8_sentiment_L16_r4_COMPLETE_20260714.json,meta-llama/Meta-Llama-3.1-8B-Instruct,w8a16_bnb_int8,r4,0.0,54,132,60,0,1,,60,1,False
SteerQuant_Meta-Llama-3-1-8B-Instruct_w8a16_bnb_int8_sentiment_L16_r4_COMPLETE_20260714|a0.0|i69,SteerQuant_Meta-Llama-3-1-8B-Instruct_w8a16_bnb_int8_sentiment_L16_r4_COMPLETE_20260714.json,meta-llama/Meta-Llama-3.1-8B-Instruct,w8a16_bnb_int8,r4,0.0,69,23,8,0,1,,8,1,False
SteerQuant_Meta-Llama-3-1-8B-Instruct_w8a16_bnb_int8_sentiment_L16_r4_COMPLETE_20260714|a0.0|i81,SteerQuant_Meta-Llama-3-1-8B-Instruct_w8a16_bnb_int8_sentiment_L16_r4_COMPLETE_20260714.json,meta-llama/Meta-Llama-3.1-8B-Instruct,w8a16_bnb_int8,r4,0.0,81,24,26,0,1,,26,1,False
SteerQuant_Meta-Llama-3-1-8B-Instruct_w8a16_bnb_int8_sentiment_L16_r4_COMPLETE_20260714|a0.0|i102,SteerQuant_Meta-Llama-3-1-8B-Instruct_w8a16_bnb_int8_sentiment_L16_r4_COMPLETE_20260714.json,meta-llama/Meta-Llama-3.1-8B-Instruct,w8a16_bnb_int8,r4,0.0,102,41,200,0,1,,200,1,False
SteerQuant_Meta-Llama-3-1-8B-Instruct_w8a16_bnb_int8_sentiment_L16_r4_COMPLETE_20260714|a0.0|i143,SteerQuant_Meta-Llama-3-1-8B-Instruct_w8a16_bnb_int8_sentiment_L16_r4_COMPLETE_20260714.json,meta-llama/Meta-Llama-3.1-8B-Instruct,w8a16_bnb_int8,r4,0.0,143,183,2,0,1,,2,1,False
SteerQuant_Meta-Llama-3-1-8B-Instruct_w8a16_bnb_int8_sentiment_L16_r4_COMPLETE_20260714|a0.0|i144,SteerQuant_Meta-Llama-3-1-8B-Instruct_w8a16_bnb_int8_sentiment_L16_r4_COMPLETE_20260714.json,meta-llama/Meta-Llama-3.1-8B-Instruct,w8a16_bnb_int8,r4,0.0,144,55,14,0,1,,14,1,False
SteerQuant_Meta-Llama-3-1-8B-Instruct_w8a16_bnb_int8_sentiment_L16_r4_COMPLETE_20260714|a0.0|i155,SteerQuant_Meta-Llama-3-1-8B-Instruct_w8a16_bnb_int8_sentiment_L16_r4_COMPLETE_20260714.json,meta-llama/Meta-Llama-3.1-8B-Instruct,w8a16_bnb_int8,r4,0.0,155,138,105,0,1,,105,1,False
SteerQuant_Meta-Llama-3-1-8B-Instruct_w8a16_bnb_int8_sentiment_L16_r4_COMPLETE_20260714|a0.0|i158,SteerQuant_Meta-Llama-3-1-8B-Instruct_w8a16_bnb_int8_sentiment_L16_r4_COMPLETE_20260714.json,meta-llama/Meta-Llama-3.1-8B-Instruct,w8a16_bnb_int8,r4,0.0,158,55,14,0,1,,14,1,False
SteerQuant_Meta-Llama-3-1-8B-Instruct_w8a16_bnb_int8_sentiment_L16_r4_COMPLETE_20260714|a0.0|i164,SteerQuant_Meta-Llama-3-1-8B-Instruct_w8a16_bnb_int8_sentiment_L16_r4_COMPLETE_20260714.json,meta-llama/Meta-Llama-3.1-8B-Instruct,w8a16_bnb_int8,r4,0.0,164,10,366,0,1,,366,1,False
SteerQuant_Meta-Llama-3-1-8B-Instruct_w8a16_bnb_int8_sentiment_L16_r4_COMPLETE_20260714|a0.0|i167,SteerQuant_Meta-Llama-3-1-8B-Instruct_w8a16_bnb_int8_sentiment_L16_r4_COMPLETE_20260714.json,meta-llama/Meta-Llama-3.1-8B-Instruct,w8a16_bnb_int8,r4,0.0,167,57,83,0,1,,83,1,False
SteerQuant_Meta-Llama-3-1-8B-Instruct_w8a16_bnb_int8_sentiment_L16_r4_COMPLETE_20260714|a0.0|i172,SteerQuant_Meta-Llama-3-1-8B-Instruct_w8a16_bnb_int8_sentiment_L16_r4_COMPLETE_20260714.json,meta-llama/Meta-Llama-3.1-8B-Instruct,w8a16_bnb_int8,r4,0.0,172,198,320,0,1,,320,1,False
SteerQuant_Meta-Llama-3-1-8B-Instruct_w8a16_bnb_int8_sentiment_L16_r4_COMPLETE_20260714|a0.0|i173,SteerQuant_Meta-Llama-3-1-8B-Instruct_w8a16_bnb_int8_sentiment_L16_r4_COMPLETE_20260714.json,meta-llama/Meta-Llama-3.1-8B-Instruct,w8a16_bnb_int8,r4,0.0,173,58,57,0,1,,57,1,False
SteerQuant_Meta-Llama-3-1-8B-Instruct_w8a16_bnb_int8_sentiment_L16_r4_COMPLETE_20260714|a0.0|i181,SteerQuant_Meta-Llama-3-1-8B-Instruct_w8a16_bnb_int8_sentiment_L16_r4_COMPLETE_20260714.json,meta-llama/Meta-Llama-3.1-8B-Instruct,w8a16_bnb_int8,r4,0.0,181,132,60,0,1,,60,1,False
SteerQuant_Meta-Llama-3-1-8B-Instruct_w8a16_bnb_int8_sentiment_L16_r4_COMPLETE_20260714|a0.0|i199,SteerQuant_Meta-Llama-3-1-8B-Instruct_w8a16_bnb_int8_sentiment_L16_r4_COMPLETE_20260714.json,meta-llama/Meta-Llama-3.1-8B-Instruct,w8a16_bnb_int8,r4,0.0,199,176,100,0,1,,100,1,False
SteerQuant_Meta-Llama-3-1-8B-Instruct_w8a16_bnb_int8_sentiment_L16_r4_COMPLETE_20260714|a2.0|i2,SteerQuant_Meta-Llama-3-1-8B-Instruct_w8a16_bnb_int8_sentiment_L16_r4_COMPLETE_20260714.json,meta-llama/Meta-Llama-3.1-8B-Instruct,w8a16_bnb_int8,r4,2.0,2,100,175,0,1,,175,1,False
SteerQuant_Meta-Llama-3-1-8B-Instruct_w8a16_bnb_int8_sentiment_L16_r4_COMPLETE_20260714|a2.0|i24,SteerQuant_Meta-Llama-3-1-8B-Instruct_w8a16_bnb_int8_sentiment_L16_r4_COMPLETE_20260714.json,meta-llama/Meta-Llama-3.1-8B-Instruct,w8a16_bnb_int8,r4,2.0,24,54,40,0,1,,40,1,False
SteerQuant_Meta-Llama-3-1-8B-Instruct_w8a16_bnb_int8_sentiment_L16_r4_COMPLETE_20260714|a2.0|i27,SteerQuant_Meta-Llama-3-1-8B-Instruct_w8a16_bnb_int8_sentiment_L16_r4_COMPLETE_20260714.json,meta-llama/Meta-Llama-3.1-8B-Instruct,w8a16_bnb_int8,r4,2.0,27,195,12,0,1,,12,1,False
SteerQuant_Meta-Llama-3-1-8B-Instruct_w8a16_bnb_int8_sentiment_L16_r4_COMPLETE_20260714|a2.0|i33,SteerQuant_Meta-Llama-3-1-8B-Instruct_w8a16_bnb_int8_sentiment_L16_r4_COMPLETE_20260714.json,meta-llama/Meta-Llama-3.1-8B-Instruct,w8a16_bnb_int8,r4,2.0,33,69,60,0,1,,60,1,False
SteerQuant_Meta-Llama-3-1-8B-Instruct_w8a16_bnb_int8_sentiment_L16_r4_COMPLETE_20260714|a2.0|i34,SteerQuant_Meta-Llama-3-1-8B-Instruct_w8a16_bnb_int8_sentiment_L16_r4_COMPLETE_20260714.json,meta-llama/Meta-Llama-3.1-8B-Instruct,w8a16_bnb_int8,r4,2.0,34,195,12,0,1,,12,1,False
SteerQuant_Meta-Llama-3-1-8B-Instruct_w8a16_bnb_int8_sentiment_L16_r4_COMPLETE_20260714|a2.0|i49,SteerQuant_Meta-Llama-3-1-8B-Instruct_w8a16_bnb_int8_sentiment_L16_r4_COMPLETE_20260714.json,meta-llama/Meta-Llama-3.1-8B-Instruct,w8a16_bnb_int8,r4,2.0,49,36,75,0,1,,75,1,False
SteerQuant_Meta-Llama-3-1-8B-Instruct_w8a16_bnb_int8_sentiment_L16_r4_COMPLETE_20260714|a2.0|i51,SteerQuant_Meta-Llama-3-1-8B-Instruct_w8a16_bnb_int8_sentiment_L16_r4_COMPLETE_20260714.json,meta-llama/Meta-Llama-3.1-8B-Instruct,w8a16_bnb_int8,r4,2.0,51,69,60,0,1,,60,1,False
SteerQuant_Meta-Llama-3-1-8B-Instruct_w8a16_bnb_int8_sentiment_L16_r4_COMPLETE_20260714|a2.0|i54,SteerQuant_Meta-Llama-3-1-8B-Instruct_w8a16_bnb_int8_sentiment_L16_r4_COMPLETE_20260714.json,meta-llama/Meta-Llama-3.1-8B-Instruct,w8a16_bnb_int8,r4,2.0,54,132,60,0,1,,60,1,False
SteerQuant_Meta-Llama-3-1-8B-Instruct_w8a16_bnb_int8_sentiment_L16_r4_COMPLETE_20260714|a2.0|i69,SteerQuant_Meta-Llama-3-1-8B-Instruct_w8a16_bnb_int8_sentiment_L16_r4_COMPLETE_20260714.json,meta-llama/Meta-Llama-3.1-8B-Instruct,w8a16_bnb_int8,r4,2.0,69,23,8,0,1,,8,1,False
SteerQuant_Meta-Llama-3-1-8B-Instruct_w8a16_bnb_int8_sentiment_L16_r4_COMPLETE_20260714|a2.0|i78,SteerQuant_Meta-Llama-3-1-8B-Instruct_w8a16_bnb_int8_sentiment_L16_r4_COMPLETE_20260714.json,meta-llama/Meta-Llama-3.1-8B-Instruct,w8a16_bnb_int8,r4,2.0,78,28,25,0,1,,25,1,False
SteerQuant_Meta-Llama-3-1-8B-Instruct_w8a16_bnb_int8_sentiment_L16_r4_COMPLETE_20260714|a2.0|i81,SteerQuant_Meta-Llama-3-1-8B-Instruct_w8a16_bnb_int8_sentiment_L16_r4_COMPLETE_20260714.json,meta-llama/Meta-Llama-3.1-8B-Instruct,w8a16_bnb_int8,r4,2.0,81,24,26,0,1,,26,1,False
SteerQuant_Meta-Llama-3-1-8B-Instruct_w8a16_bnb_int8_sentiment_L16_r4_COMPLETE_20260714|a2.0|i82,SteerQuant_Meta-Llama-3-1-8B-Instruct_w8a16_bnb_int8_sentiment_L16_r4_COMPLETE_20260714.json,meta-llama/Meta-Llama-3.1-8B-Instruct,w8a16_bnb_int8,r4,2.0,82,120,240,0,1,,240,1,False
SteerQuant_Meta-Llama-3-1-8B-Instruct_w8a16_bnb_int8_sentiment_L16_r4_COMPLETE_20260714|a2.0|i124,SteerQuant_Meta-Llama-3-1-8B-Instruct_w8a16_bnb_int8_sentiment_L16_r4_COMPLETE_20260714.json,meta-llama/Meta-Llama-3.1-8B-Instruct,w8a16_bnb_int8,r4,2.0,124,198,320,0,1,,320,1,False
SteerQuant_Meta-Llama-3-1-8B-Instruct_w8a16_bnb_int8_sentiment_L16_r4_COMPLETE_20260714|a2.0|i137,SteerQuant_Meta-Llama-3-1-8B-Instruct_w8a16_bnb_int8_sentiment_L16_r4_COMPLETE_20260714.json,meta-llama/Meta-Llama-3.1-8B-Instruct,w8a16_bnb_int8,r4,2.0,137,103,140,0,1,,140,1,False
SteerQuant_Meta-Llama-3-1-8B-Instruct_w8a16_bnb_int8_sentiment_L16_r4_COMPLETE_20260714|a2.0|i139,SteerQuant_Meta-Llama-3-1-8B-Instruct_w8a16_bnb_int8_sentiment_L16_r4_COMPLETE_20260714.json,meta-llama/Meta-Llama-3.1-8B-Instruct,w8a16_bnb_int8,r4,2.0,139,13,18,0,1,,18,1,False
SteerQuant_Meta-Llama-3-1-8B-Instruct_w8a16_bnb_int8_sentiment_L16_r4_COMPLETE_20260714|a2.0|i155,SteerQuant_Meta-Llama-3-1-8B-Instruct_w8a16_bnb_int8_sentiment_L16_r4_COMPLETE_20260714.json,meta-llama/Meta-Llama-3.1-8B-Instruct,w8a16_bnb_int8,r4,2.0,155,138,105,0,1,,105,1,False
SteerQuant_Meta-Llama-3-1-8B-Instruct_w8a16_bnb_int8_sentiment_L16_r4_COMPLETE_20260714|a2.0|i164,SteerQuant_Meta-Llama-3-1-8B-Instruct_w8a16_bnb_int8_sentiment_L16_r4_COMPLETE_20260714.json,meta-llama/Meta-Llama-3.1-8B-Instruct,w8a16_bnb_int8,r4,2.0,164,10,366,0,1,,366,1,False
SteerQuant_Meta-Llama-3-1-8B-Instruct_w8a16_bnb_int8_sentiment_L16_r4_COMPLETE_20260714|a2.0|i167,SteerQuant_Meta-Llama-3-1-8B-Instruct_w8a16_bnb_int8_sentiment_L16_r4_COMPLETE_20260714.json,meta-llama/Meta-Llama-3.1-8B-Instruct,w8a16_bnb_int8,r4,2.0,167,57,83,0,1,,83,1,False
SteerQuant_Meta-Llama-3-1-8B-Instruct_w8a16_bnb_int8_sentiment_L16_r4_COMPLETE_20260714|a2.0|i173,SteerQuant_Meta-Llama-3-1-8B-Instruct_w8a16_bnb_int8_sentiment_L16_r4_COMPLETE_20260714.json,meta-llama/Meta-Llama-3.1-8B-Instruct,w8a16_bnb_int8,r4,2.0,173,58,57,0,1,,57,1,False
SteerQuant_Meta-Llama-3-1-8B-Instruct_w8a16_bnb_int8_sentiment_L16_r4_COMPLETE_20260714|a2.0|i174,SteerQuant_Meta-Llama-3-1-8B-Instruct_w8a16_bnb_int8_sentiment_L16_r4_COMPLETE_20260714.json,meta-llama/Meta-Llama-3.1-8B-Instruct,w8a16_bnb_int8,r4,2.0,174,83,600,0,1,,600,1,False
SteerQuant_Meta-Llama-3-1-8B-Instruct_w8a16_bnb_int8_sentiment_L16_r4_COMPLETE_20260714|a2.0|i180,SteerQuant_Meta-Llama-3-1-8B-Instruct_w8a16_bnb_int8_sentiment_L16_r4_COMPLETE_20260714.json,meta-llama/Meta-Llama-3.1-8B-Instruct,w8a16_bnb_int8,r4,2.0,180,142,140,0,1,,140,1,False
SteerQuant_Meta-Llama-3-1-8B-Instruct_w8a16_bnb_int8_sentiment_L16_r4_COMPLETE_20260714|a2.0|i181,SteerQuant_Meta-Llama-3-1-8B-Instruct_w8a16_bnb_int8_sentiment_L16_r4_COMPLETE_20260714.json,meta-llama/Meta-Llama-3.1-8B-Instruct,w8a16_bnb_int8,r4,2.0,181,132,60,0,1,,60,1,False
SteerQuant_Meta-Llama-3-1-8B-Instruct_w8a16_bnb_int8_sentiment_L16_r4_COMPLETE_20260714|a2.0|i192,SteerQuant_Meta-Llama-3-1-8B-Instruct_w8a16_bnb_int8_sentiment_L16_r4_COMPLETE_20260714.json,meta-llama/Meta-Llama-3.1-8B-Instruct,w8a16_bnb_int8,r4,2.0,192,36,75,0,1,,75,1,False
SteerQuant_Meta-Llama-3-1-8B-Instruct_w8a16_bnb_int8_sentiment_L16_r4_COMPLETE_20260714|a4.0|i12,SteerQuant_Meta-Llama-3-1-8B-Instruct_w8a16_bnb_int8_sentiment_L16_r4_COMPLETE_20260714.json,meta-llama/Meta-Llama-3.1-8B-Instruct,w8a16_bnb_int8,r4,4.0,12,72,221,0,1,,221,1,False
SteerQuant_Meta-Llama-3-1-8B-Instruct_w8a16_bnb_int8_sentiment_L16_r4_COMPLETE_20260714|a4.0|i34,SteerQuant_Meta-Llama-3-1-8B-Instruct_w8a16_bnb_int8_sentiment_L16_r4_COMPLETE_20260714.json,meta-llama/Meta-Llama-3.1-8B-Instruct,w8a16_bnb_int8,r4,4.0,34,195,12,0,1,,12,1,False
SteerQuant_Meta-Llama-3-1-8B-Instruct_w8a16_bnb_int8_sentiment_L16_r4_COMPLETE_20260714|a4.0|i40,SteerQuant_Meta-Llama-3-1-8B-Instruct_w8a16_bnb_int8_sentiment_L16_r4_COMPLETE_20260714.json,meta-llama/Meta-Llama-3.1-8B-Instruct,w8a16_bnb_int8,r4,4.0,40,134,720,0,1,,720,1,False
SteerQuant_Meta-Llama-3-1-8B-Instruct_w8a16_bnb_int8_sentiment_L16_r4_COMPLETE_20260714|a4.0|i47,SteerQuant_Meta-Llama-3-1-8B-Instruct_w8a16_bnb_int8_sentiment_L16_r4_COMPLETE_20260714.json,meta-llama/Meta-Llama-3.1-8B-Instruct,w8a16_bnb_int8,r4,4.0,47,153,48,0,1,,48,1,False
SteerQuant_Meta-Llama-3-1-8B-Instruct_w8a16_bnb_int8_sentiment_L16_r4_COMPLETE_20260714|a4.0|i54,SteerQuant_Meta-Llama-3-1-8B-Instruct_w8a16_bnb_int8_sentiment_L16_r4_COMPLETE_20260714.json,meta-llama/Meta-Llama-3.1-8B-Instruct,w8a16_bnb_int8,r4,4.0,54,132,60,0,1,,60,1,False
SteerQuant_Meta-Llama-3-1-8B-Instruct_w8a16_bnb_int8_sentiment_L16_r4_COMPLETE_20260714|a4.0|i91,SteerQuant_Meta-Llama-3-1-8B-Instruct_w8a16_bnb_int8_sentiment_L16_r4_COMPLETE_20260714.json,meta-llama/Meta-Llama-3.1-8B-Instruct,w8a16_bnb_int8,r4,4.0,91,167,16,0,1,,16,1,False
SteerQuant_Meta-Llama-3-1-8B-Instruct_w8a16_bnb_int8_sentiment_L16_r4_COMPLETE_20260714|a4.0|i99,SteerQuant_Meta-Llama-3-1-8B-Instruct_w8a16_bnb_int8_sentiment_L16_r4_COMPLETE_20260714.json,meta-llama/Meta-Llama-3.1-8B-Instruct,w8a16_bnb_int8,r4,4.0,99,135,40,0,1,,40,1,False
SteerQuant_Meta-Llama-3-1-8B-Instruct_w8a16_bnb_int8_sentiment_L16_r4_COMPLETE_20260714|a4.0|i102,SteerQuant_Meta-Llama-3-1-8B-Instruct_w8a16_bnb_int8_sentiment_L16_r4_COMPLETE_20260714.json,meta-llama/Meta-Llama-3.1-8B-Instruct,w8a16_bnb_int8,r4,4.0,102,41,200,0,1,,200,1,False
SteerQuant_Meta-Llama-3-1-8B-Instruct_w8a16_bnb_int8_sentiment_L16_r4_COMPLETE_20260714|a4.0|i103,SteerQuant_Meta-Llama-3-1-8B-Instruct_w8a16_bnb_int8_sentiment_L16_r4_COMPLETE_20260714.json,meta-llama/Meta-Llama-3.1-8B-Instruct,w8a16_bnb_int8,r4,4.0,103,169,120,0,1,,120,1,False
SteerQuant_Meta-Llama-3-1-8B-Instruct_w8a16_bnb_int8_sentiment_L16_r4_COMPLETE_20260714|a4.0|i124,SteerQuant_Meta-Llama-3-1-8B-Instruct_w8a16_bnb_int8_sentiment_L16_r4_COMPLETE_20260714.json,meta-llama/Meta-Llama-3.1-8B-Instruct,w8a16_bnb_int8,r4,4.0,124,198,320,0,1,,320,1,False
SteerQuant_Meta-Llama-3-1-8B-Instruct_w8a16_bnb_int8_sentiment_L16_r4_COMPLETE_20260714|a4.0|i131,SteerQuant_Meta-Llama-3-1-8B-Instruct_w8a16_bnb_int8_sentiment_L16_r4_COMPLETE_20260714.json,meta-llama/Meta-Llama-3.1-8B-Instruct,w8a16_bnb_int8,r4,4.0,131,185,30,0,1,,30,1,False
SteerQuant_Meta-Llama-3-1-8B-Instruct_w8a16_bnb_int8_sentiment_L16_r4_COMPLETE_20260714|a4.0|i134,SteerQuant_Meta-Llama-3-1-8B-Instruct_w8a16_bnb_int8_sentiment_L16_r4_COMPLETE_20260714.json,meta-llama/Meta-Llama-3.1-8B-Instruct,w8a16_bnb_int8,r4,4.0,134,76,5,0,1,,5,1,False
SteerQuant_Meta-Llama-3-1-8B-Instruct_w8a16_bnb_int8_sentiment_L16_r4_COMPLETE_20260714|a4.0|i135,SteerQuant_Meta-Llama-3-1-8B-Instruct_w8a16_bnb_int8_sentiment_L16_r4_COMPLETE_20260714.json,meta-llama/Meta-Llama-3.1-8B-Instruct,w8a16_bnb_int8,r4,4.0,135,100,175,0,1,,175,1,False
SteerQuant_Meta-Llama-3-1-8B-Instruct_w8a16_bnb_int8_sentiment_L16_r4_COMPLETE_20260714|a4.0|i137,SteerQuant_Meta-Llama-3-1-8B-Instruct_w8a16_bnb_int8_sentiment_L16_r4_COMPLETE_20260714.json,meta-llama/Meta-Llama-3.1-8B-Instruct,w8a16_bnb_int8,r4,4.0,137,103,140,0,1,,140,1,False
SteerQuant_Meta-Llama-3-1-8B-Instruct_w8a16_bnb_int8_sentiment_L16_r4_COMPLETE_20260714|a4.0|i144,SteerQuant_Meta-Llama-3-1-8B-Instruct_w8a16_bnb_int8_sentiment_L16_r4_COMPLETE_20260714.json,meta-llama/Meta-Llama-3.1-8B-Instruct,w8a16_bnb_int8,r4,4.0,144,55,14,0,1,,14,1,False
SteerQuant_Meta-Llama-3-1-8B-Instruct_w8a16_bnb_int8_sentiment_L16_r4_COMPLETE_20260714|a4.0|i145,SteerQuant_Meta-Llama-3-1-8B-Instruct_w8a16_bnb_int8_sentiment_L16_r4_COMPLETE_20260714.json,meta-llama/Meta-Llama-3.1-8B-Instruct,w8a16_bnb_int8,r4,4.0,145,27,16,0,1,,16,1,False
SteerQuant_Meta-Llama-3-1-8B-Instruct_w8a16_bnb_int8_sentiment_L16_r4_COMPLETE_20260714|a4.0|i146,SteerQuant_Meta-Llama-3-1-8B-Instruct_w8a16_bnb_int8_sentiment_L16_r4_COMPLETE_20260714.json,meta-llama/Meta-Llama-3.1-8B-Instruct,w8a16_bnb_int8,r4,4.0,146,136,6,0,1,,6,1,False
SteerQuant_Meta-Llama-3-1-8B-Instruct_w8a16_bnb_int8_sentiment_L16_r4_COMPLETE_20260714|a4.0|i149,SteerQuant_Meta-Llama-3-1-8B-Instruct_w8a16_bnb_int8_sentiment_L16_r4_COMPLETE_20260714.json,meta-llama/Meta-Llama-3.1-8B-Instruct,w8a16_bnb_int8,r4,4.0,149,136,6,0,1,,6,1,False
SteerQuant_Meta-Llama-3-1-8B-Instruct_w8a16_bnb_int8_sentiment_L16_r4_COMPLETE_20260714|a4.0|i158,SteerQuant_Meta-Llama-3-1-8B-Instruct_w8a16_bnb_int8_sentiment_L16_r4_COMPLETE_20260714.json,meta-llama/Meta-Llama-3.1-8B-Instruct,w8a16_bnb_int8,r4,4.0,158,55,14,0,1,,14,1,False
SteerQuant_Meta-Llama-3-1-8B-Instruct_w8a16_bnb_int8_sentiment_L16_r4_COMPLETE_20260714|a4.0|i162,SteerQuant_Meta-Llama-3-1-8B-Instruct_w8a16_bnb_int8_sentiment_L16_r4_COMPLETE_20260714.json,meta-llama/Meta-Llama-3.1-8B-Instruct,w8a16_bnb_int8,r4,4.0,162,14,60,0,1,,60,1,False
SteerQuant_Meta-Llama-3-1-8B-Instruct_w8a16_bnb_int8_sentiment_L16_r4_COMPLETE_20260714|a4.0|i172,SteerQuant_Meta-Llama-3-1-8B-Instruct_w8a16_bnb_int8_sentiment_L16_r4_COMPLETE_20260714.json,meta-llama/Meta-Llama-3.1-8B-Instruct,w8a16_bnb_int8,r4,4.0,172,198,320,0,1,,320,1,False
SteerQuant_Meta-Llama-3-1-8B-Instruct_w8a16_bnb_int8_sentiment_L16_r4_COMPLETE_20260714|a4.0|i173,SteerQuant_Meta-Llama-3-1-8B-Instruct_w8a16_bnb_int8_sentiment_L16_r4_COMPLETE_20260714.json,meta-llama/Meta-Llama-3.1-8B-Instruct,w8a16_bnb_int8,r4,4.0,173,58,57,0,1,,57,1,False
SteerQuant_Meta-Llama-3-1-8B-Instruct_w8a16_bnb_int8_sentiment_L16_r4_COMPLETE_20260714|a4.0|i174,SteerQuant_Meta-Llama-3-1-8B-Instruct_w8a16_bnb_int8_sentiment_L16_r4_COMPLETE_20260714.json,meta-llama/Meta-Llama-3.1-8B-Instruct,w8a16_bnb_int8,r4,4.0,174,83,600,0,1,,600,1,False
SteerQuant_Meta-Llama-3-1-8B-Instruct_w8a16_bnb_int8_sentiment_L16_r4_COMPLETE_20260714|a4.0|i176,SteerQuant_Meta-Llama-3-1-8B-Instruct_w8a16_bnb_int8_sentiment_L16_r4_COMPLETE_20260714.json,meta-llama/Meta-Llama-3.1-8B-Instruct,w8a16_bnb_int8,r4,4.0,176,134,720,0,1,,720,1,False
SteerQuant_Meta-Llama-3-1-8B-Instruct_w8a16_bnb_int8_sentiment_L16_r4_COMPLETE_20260714|a4.0|i180,SteerQuant_Meta-Llama-3-1-8B-Instruct_w8a16_bnb_int8_sentiment_L16_r4_COMPLETE_20260714.json,meta-llama/Meta-Llama-3.1-8B-Instruct,w8a16_bnb_int8,r4,4.0,180,142,140,0,1,,140,1,False
SteerQuant_Meta-Llama-3-1-8B-Instruct_w8a16_bnb_int8_sentiment_L16_r4_COMPLETE_20260714|a4.0|i181,SteerQuant_Meta-Llama-3-1-8B-Instruct_w8a16_bnb_int8_sentiment_L16_r4_COMPLETE_20260714.json,meta-llama/Meta-Llama-3.1-8B-Instruct,w8a16_bnb_int8,r4,4.0,181,132,60,0,1,,60,1,False
SteerQuant_Meta-Llama-3-1-8B-Instruct_w8a16_bnb_int8_sentiment_L16_r4_COMPLETE_20260714|a4.0|i199,SteerQuant_Meta-Llama-3-1-8B-Instruct_w8a16_bnb_int8_sentiment_L16_r4_COMPLETE_20260714.json,meta-llama/Meta-Llama-3.1-8B-Instruct,w8a16_bnb_int8,r4,4.0,199,176,100,0,1,,100,1,False
SteerQuant_Meta-Llama-3-1-8B-Instruct_w8a16_bnb_int8_sentiment_L16_r4_COMPLETE_20260714|a6.0|i5,SteerQuant_Meta-Llama-3-1-8B-Instruct_w8a16_bnb_int8_sentiment_L16_r4_COMPLETE_20260714.json,meta-llama/Meta-Llama-3.1-8B-Instruct,w8a16_bnb_int8,r4,6.0,5,50,294,0,1,,294,1,False
SteerQuant_Meta-Llama-3-1-8B-Instruct_w8a16_bnb_int8_sentiment_L16_r4_COMPLETE_20260714|a6.0|i17,SteerQuant_Meta-Llama-3-1-8B-Instruct_w8a16_bnb_int8_sentiment_L16_r4_COMPLETE_20260714.json,meta-llama/Meta-Llama-3.1-8B-Instruct,w8a16_bnb_int8,r4,6.0,17,26,243,0,1,,243,1,False
SteerQuant_Meta-Llama-3-1-8B-Instruct_w8a16_bnb_int8_sentiment_L16_r4_COMPLETE_20260714|a6.0|i21,SteerQuant_Meta-Llama-3-1-8B-Instruct_w8a16_bnb_int8_sentiment_L16_r4_COMPLETE_20260714.json,meta-llama/Meta-Llama-3.1-8B-Instruct,w8a16_bnb_int8,r4,6.0,21,31,80,0,1,,80,1,False
SteerQuant_Meta-Llama-3-1-8B-Instruct_w8a16_bnb_int8_sentiment_L16_r4_COMPLETE_20260714|a6.0|i30,SteerQuant_Meta-Llama-3-1-8B-Instruct_w8a16_bnb_int8_sentiment_L16_r4_COMPLETE_20260714.json,meta-llama/Meta-Llama-3.1-8B-Instruct,w8a16_bnb_int8,r4,6.0,30,19,6,0,1,,6,1,False
SteerQuant_Meta-Llama-3-1-8B-Instruct_w8a16_bnb_int8_sentiment_L16_r4_COMPLETE_20260714|a6.0|i34,SteerQuant_Meta-Llama-3-1-8B-Instruct_w8a16_bnb_int8_sentiment_L16_r4_COMPLETE_20260714.json,meta-llama/Meta-Llama-3.1-8B-Instruct,w8a16_bnb_int8,r4,6.0,34,195,12,0,1,,12,1,False
SteerQuant_Meta-Llama-3-1-8B-Instruct_w8a16_bnb_int8_sentiment_L16_r4_COMPLETE_20260714|a6.0|i35,SteerQuant_Meta-Llama-3-1-8B-Instruct_w8a16_bnb_int8_sentiment_L16_r4_COMPLETE_20260714.json,meta-llama/Meta-Llama-3.1-8B-Instruct,w8a16_bnb_int8,r4,6.0,35,127,120,0,1,,120,1,False
SteerQuant_Meta-Llama-3-1-8B-Instruct_w8a16_bnb_int8_sentiment_L16_r4_COMPLETE_20260714|a6.0|i40,SteerQuant_Meta-Llama-3-1-8B-Instruct_w8a16_bnb_int8_sentiment_L16_r4_COMPLETE_20260714.json,meta-llama/Meta-Llama-3.1-8B-Instruct,w8a16_bnb_int8,r4,6.0,40,134,720,0,1,,720,1,False
SteerQuant_Meta-Llama-3-1-8B-Instruct_w8a16_bnb_int8_sentiment_L16_r4_COMPLETE_20260714|a6.0|i44,SteerQuant_Meta-Llama-3-1-8B-Instruct_w8a16_bnb_int8_sentiment_L16_r4_COMPLETE_20260714.json,meta-llama/Meta-Llama-3.1-8B-Instruct,w8a16_bnb_int8,r4,6.0,44,93,36,0,1,,36,1,False
SteerQuant_Meta-Llama-3-1-8B-Instruct_w8a16_bnb_int8_sentiment_L16_r4_COMPLETE_20260714|a6.0|i54,SteerQuant_Meta-Llama-3-1-8B-Instruct_w8a16_bnb_int8_sentiment_L16_r4_COMPLETE_20260714.json,meta-llama/Meta-Llama-3.1-8B-Instruct,w8a16_bnb_int8,r4,6.0,54,132,60,0,1,,60,1,False
SteerQuant_Meta-Llama-3-1-8B-Instruct_w8a16_bnb_int8_sentiment_L16_r4_COMPLETE_20260714|a6.0|i55,SteerQuant_Meta-Llama-3-1-8B-Instruct_w8a16_bnb_int8_sentiment_L16_r4_COMPLETE_20260714.json,meta-llama/Meta-Llama-3.1-8B-Instruct,w8a16_bnb_int8,r4,6.0,55,151,5,0,1,,5,1,False
SteerQuant_Meta-Llama-3-1-8B-Instruct_w8a16_bnb_int8_sentiment_L16_r4_COMPLETE_20260714|a6.0|i60,SteerQuant_Meta-Llama-3-1-8B-Instruct_w8a16_bnb_int8_sentiment_L16_r4_COMPLETE_20260714.json,meta-llama/Meta-Llama-3.1-8B-Instruct,w8a16_bnb_int8,r4,6.0,60,120,240,0,1,,240,1,False
SteerQuant_Meta-Llama-3-1-8B-Instruct_w8a16_bnb_int8_sentiment_L16_r4_COMPLETE_20260714|a6.0|i72,SteerQuant_Meta-Llama-3-1-8B-Instruct_w8a16_bnb_int8_sentiment_L16_r4_COMPLETE_20260714.json,meta-llama/Meta-Llama-3.1-8B-Instruct,w8a16_bnb_int8,r4,6.0,72,61,1430,0,1,,1430,1,False
SteerQuant_Meta-Llama-3-1-8B-Instruct_w8a16_bnb_int8_sentiment_L16_r4_COMPLETE_20260714|a6.0|i82,SteerQuant_Meta-Llama-3-1-8B-Instruct_w8a16_bnb_int8_sentiment_L16_r4_COMPLETE_20260714.json,meta-llama/Meta-Llama-3.1-8B-Instruct,w8a16_bnb_int8,r4,6.0,82,120,240,0,1,,240,1,False
SteerQuant_Meta-Llama-3-1-8B-Instruct_w8a16_bnb_int8_sentiment_L16_r4_COMPLETE_20260714|a6.0|i87,SteerQuant_Meta-Llama-3-1-8B-Instruct_w8a16_bnb_int8_sentiment_L16_r4_COMPLETE_20260714.json,meta-llama/Meta-Llama-3.1-8B-Instruct,w8a16_bnb_int8,r4,6.0,87,21,14,0,1,,14,1,False
SteerQuant_Meta-Llama-3-1-8B-Instruct_w8a16_bnb_int8_sentiment_L16_r4_COMPLETE_20260714|a6.0|i91,SteerQuant_Meta-Llama-3-1-8B-Instruct_w8a16_bnb_int8_sentiment_L16_r4_COMPLETE_20260714.json,meta-llama/Meta-Llama-3.1-8B-Instruct,w8a16_bnb_int8,r4,6.0,91,167,16,0,1,,16,1,False
SteerQuant_Meta-Llama-3-1-8B-Instruct_w8a16_bnb_int8_sentiment_L16_r4_COMPLETE_20260714|a6.0|i94,SteerQuant_Meta-Llama-3-1-8B-Instruct_w8a16_bnb_int8_sentiment_L16_r4_COMPLETE_20260714.json,meta-llama/Meta-Llama-3.1-8B-Instruct,w8a16_bnb_int8,r4,6.0,94,99,58,0,1,,58,1,False
SteerQuant_Meta-Llama-3-1-8B-Instruct_w8a16_bnb_int8_sentiment_L16_r4_COMPLETE_20260714|a6.0|i102,SteerQuant_Meta-Llama-3-1-8B-Instruct_w8a16_bnb_int8_sentiment_L16_r4_COMPLETE_20260714.json,meta-llama/Meta-Llama-3.1-8B-Instruct,w8a16_bnb_int8,r4,6.0,102,41,200,0,1,,200,1,False
SteerQuant_Meta-Llama-3-1-8B-Instruct_w8a16_bnb_int8_sentiment_L16_r4_COMPLETE_20260714|a6.0|i104,SteerQuant_Meta-Llama-3-1-8B-Instruct_w8a16_bnb_int8_sentiment_L16_r4_COMPLETE_20260714.json,meta-llama/Meta-Llama-3.1-8B-Instruct,w8a16_bnb_int8,r4,6.0,104,61,1430,0,1,,1430,1,False
SteerQuant_Meta-Llama-3-1-8B-Instruct_w8a16_bnb_int8_sentiment_L16_r4_COMPLETE_20260714|a6.0|i109,SteerQuant_Meta-Llama-3-1-8B-Instruct_w8a16_bnb_int8_sentiment_L16_r4_COMPLETE_20260714.json,meta-llama/Meta-Llama-3.1-8B-Instruct,w8a16_bnb_int8,r4,6.0,109,50,294,0,1,,294,1,False
SteerQuant_Meta-Llama-3-1-8B-Instruct_w8a16_bnb_int8_sentiment_L16_r4_COMPLETE_20260714|a6.0|i124,SteerQuant_Meta-Llama-3-1-8B-Instruct_w8a16_bnb_int8_sentiment_L16_r4_COMPLETE_20260714.json,meta-llama/Meta-Llama-3.1-8B-Instruct,w8a16_bnb_int8,r4,6.0,124,198,320,0,1,,320,1,False
SteerQuant_Meta-Llama-3-1-8B-Instruct_w8a16_bnb_int8_sentiment_L16_r4_COMPLETE_20260714|a6.0|i125,SteerQuant_Meta-Llama-3-1-8B-Instruct_w8a16_bnb_int8_sentiment_L16_r4_COMPLETE_20260714.json,meta-llama/Meta-Llama-3.1-8B-Instruct,w8a16_bnb_int8,r4,6.0,125,14,60,0,1,,60,1,False
SteerQuant_Meta-Llama-3-1-8B-Instruct_w8a16_bnb_int8_sentiment_L16_r4_COMPLETE_20260714|a6.0|i130,SteerQuant_Meta-Llama-3-1-8B-Instruct_w8a16_bnb_int8_sentiment_L16_r4_COMPLETE_20260714.json,meta-llama/Meta-Llama-3.1-8B-Instruct,w8a16_bnb_int8,r4,6.0,130,159,15,0,1,,15,1,False
SteerQuant_Meta-Llama-3-1-8B-Instruct_w8a16_bnb_int8_sentiment_L16_r4_COMPLETE_20260714|a6.0|i134,SteerQuant_Meta-Llama-3-1-8B-Instruct_w8a16_bnb_int8_sentiment_L16_r4_COMPLETE_20260714.json,meta-llama/Meta-Llama-3.1-8B-Instruct,w8a16_bnb_int8,r4,6.0,134,76,5,0,1,,5,1,False
SteerQuant_Meta-Llama-3-1-8B-Instruct_w8a16_bnb_int8_sentiment_L16_r4_COMPLETE_20260714|a6.0|i137,SteerQuant_Meta-Llama-3-1-8B-Instruct_w8a16_bnb_int8_sentiment_L16_r4_COMPLETE_20260714.json,meta-llama/Meta-Llama-3.1-8B-Instruct,w8a16_bnb_int8,r4,6.0,137,103,140,0,1,,140,1,False
SteerQuant_Meta-Llama-3-1-8B-Instruct_w8a16_bnb_int8_sentiment_L16_r4_COMPLETE_20260714|a6.0|i144,SteerQuant_Meta-Llama-3-1-8B-Instruct_w8a16_bnb_int8_sentiment_L16_r4_COMPLETE_20260714.json,meta-llama/Meta-Llama-3.1-8B-Instruct,w8a16_bnb_int8,r4,6.0,144,55,14,0,1,,14,1,False
SteerQuant_Meta-Llama-3-1-8B-Instruct_w8a16_bnb_int8_sentiment_L16_r4_COMPLETE_20260714|a6.0|i145,SteerQuant_Meta-Llama-3-1-8B-Instruct_w8a16_bnb_int8_sentiment_L16_r4_COMPLETE_20260714.json,meta-llama/Meta-Llama-3.1-8B-Instruct,w8a16_bnb_int8,r4,6.0,145,27,16,0,1,,16,1,False
SteerQuant_Meta-Llama-3-1-8B-Instruct_w8a16_bnb_int8_sentiment_L16_r4_COMPLETE_20260714|a6.0|i146,SteerQuant_Meta-Llama-3-1-8B-Instruct_w8a16_bnb_int8_sentiment_L16_r4_COMPLETE_20260714.json,meta-llama/Meta-Llama-3.1-8B-Instruct,w8a16_bnb_int8,r4,6.0,146,136,6,0,1,,6,1,False
SteerQuant_Meta-Llama-3-1-8B-Instruct_w8a16_bnb_int8_sentiment_L16_r4_COMPLETE_20260714|a6.0|i149,SteerQuant_Meta-Llama-3-1-8B-Instruct_w8a16_bnb_int8_sentiment_L16_r4_COMPLETE_20260714.json,meta-llama/Meta-Llama-3.1-8B-Instruct,w8a16_bnb_int8,r4,6.0,149,136,6,0,1,,6,1,False
SteerQuant_Meta-Llama-3-1-8B-Instruct_w8a16_bnb_int8_sentiment_L16_r4_COMPLETE_20260714|a6.0|i158,SteerQuant_Meta-Llama-3-1-8B-Instruct_w8a16_bnb_int8_sentiment_L16_r4_COMPLETE_20260714.json,meta-llama/Meta-Llama-3.1-8B-Instruct,w8a16_bnb_int8,r4,6.0,158,55,14,0,1,,14,1,False
SteerQuant_Meta-Llama-3-1-8B-Instruct_w8a16_bnb_int8_sentiment_L16_r4_COMPLETE_20260714|a6.0|i160,SteerQuant_Meta-Llama-3-1-8B-Instruct_w8a16_bnb_int8_sentiment_L16_r4_COMPLETE_20260714.json,meta-llama/Meta-Llama-3.1-8B-Instruct,w8a16_bnb_int8,r4,6.0,160,50,294,0,1,,294,1,False
SteerQuant_Meta-Llama-3-1-8B-Instruct_w8a16_bnb_int8_sentiment_L16_r4_COMPLETE_20260714|a6.0|i162,SteerQuant_Meta-Llama-3-1-8B-Instruct_w8a16_bnb_int8_sentiment_L16_r4_COMPLETE_20260714.json,meta-llama/Meta-Llama-3.1-8B-Instruct,w8a16_bnb_int8,r4,6.0,162,14,60,0,1,,60,1,False
SteerQuant_Meta-Llama-3-1-8B-Instruct_w8a16_bnb_int8_sentiment_L16_r4_COMPLETE_20260714|a6.0|i167,SteerQuant_Meta-Llama-3-1-8B-Instruct_w8a16_bnb_int8_sentiment_L16_r4_COMPLETE_20260714.json,meta-llama/Meta-Llama-3.1-8B-Instruct,w8a16_bnb_int8,r4,6.0,167,57,83,0,1,,83,1,False
SteerQuant_Meta-Llama-3-1-8B-Instruct_w8a16_bnb_int8_sentiment_L16_r4_COMPLETE_20260714|a6.0|i169,SteerQuant_Meta-Llama-3-1-8B-Instruct_w8a16_bnb_int8_sentiment_L16_r4_COMPLETE_20260714.json,meta-llama/Meta-Llama-3.1-8B-Instruct,w8a16_bnb_int8,r4,6.0,169,0,18,0,1,,18,1,False
SteerQuant_Meta-Llama-3-1-8B-Instruct_w8a16_bnb_int8_sentiment_L16_r4_COMPLETE_20260714|a6.0|i170,SteerQuant_Meta-Llama-3-1-8B-Instruct_w8a16_bnb_int8_sentiment_L16_r4_COMPLETE_20260714.json,meta-llama/Meta-Llama-3.1-8B-Instruct,w8a16_bnb_int8,r4,6.0,170,50,294,0,1,,294,1,False
SteerQuant_Meta-Llama-3-1-8B-Instruct_w8a16_bnb_int8_sentiment_L16_r4_COMPLETE_20260714|a6.0|i176,SteerQuant_Meta-Llama-3-1-8B-Instruct_w8a16_bnb_int8_sentiment_L16_r4_COMPLETE_20260714.json,meta-llama/Meta-Llama-3.1-8B-Instruct,w8a16_bnb_int8,r4,6.0,176,134,720,0,1,,720,1,False
SteerQuant_Meta-Llama-3-1-8B-Instruct_w8a16_bnb_int8_sentiment_L16_r4_COMPLETE_20260714|a6.0|i180,SteerQuant_Meta-Llama-3-1-8B-Instruct_w8a16_bnb_int8_sentiment_L16_r4_COMPLETE_20260714.json,meta-llama/Meta-Llama-3.1-8B-Instruct,w8a16_bnb_int8,r4,6.0,180,142,140,0,1,,140,1,False
SteerQuant_Meta-Llama-3-1-8B-Instruct_w8a16_bnb_int8_sentiment_L16_r4_COMPLETE_20260714|a6.0|i181,SteerQuant_Meta-Llama-3-1-8B-Instruct_w8a16_bnb_int8_sentiment_L16_r4_COMPLETE_20260714.json,meta-llama/Meta-Llama-3.1-8B-Instruct,w8a16_bnb_int8,r4,6.0,181,132,60,0,1,,60,1,False
SteerQuant_Meta-Llama-3-1-8B-Instruct_w8a16_bnb_int8_sentiment_L16_r4_COMPLETE_20260714|a6.0|i184,SteerQuant_Meta-Llama-3-1-8B-Instruct_w8a16_bnb_int8_sentiment_L16_r4_COMPLETE_20260714.json,meta-llama/Meta-Llama-3.1-8B-Instruct,w8a16_bnb_int8,r4,6.0,184,43,48,0,1,,48,1,False
SteerQuant_Meta-Llama-3-1-8B-Instruct_w8a16_bnb_int8_sentiment_L16_r4_COMPLETE_20260714|a6.0|i199,SteerQuant_Meta-Llama-3-1-8B-Instruct_w8a16_bnb_int8_sentiment_L16_r4_COMPLETE_20260714.json,meta-llama/Meta-Llama-3.1-8B-Instruct,w8a16_bnb_int8,r4,6.0,199,176,100,0,1,,100,1,False
SteerQuant_Meta-Llama-3-1-8B-Instruct_w8a16_bnb_int8_sentiment_L16_r4_COMPLETE_20260714|a8.0|i1,SteerQuant_Meta-Llama-3-1-8B-Instruct_w8a16_bnb_int8_sentiment_L16_r4_COMPLETE_20260714.json,meta-llama/Meta-Llama-3.1-8B-Instruct,w8a16_bnb_int8,r4,8.0,1,64,300,0,1,,300,1,False
SteerQuant_Meta-Llama-3-1-8B-Instruct_w8a16_bnb_int8_sentiment_L16_r4_COMPLETE_20260714|a8.0|i5,SteerQuant_Meta-Llama-3-1-8B-Instruct_w8a16_bnb_int8_sentiment_L16_r4_COMPLETE_20260714.json,meta-llama/Meta-Llama-3.1-8B-Instruct,w8a16_bnb_int8,r4,8.0,5,50,294,0,1,,294,1,False
SteerQuant_Meta-Llama-3-1-8B-Instruct_w8a16_bnb_int8_sentiment_L16_r4_COMPLETE_20260714|a8.0|i24,SteerQuant_Meta-Llama-3-1-8B-Instruct_w8a16_bnb_int8_sentiment_L16_r4_COMPLETE_20260714.json,meta-llama/Meta-Llama-3.1-8B-Instruct,w8a16_bnb_int8,r4,8.0,24,54,40,0,1,,40,1,False
SteerQuant_Meta-Llama-3-1-8B-Instruct_w8a16_bnb_int8_sentiment_L16_r4_COMPLETE_20260714|a8.0|i35,SteerQuant_Meta-Llama-3-1-8B-Instruct_w8a16_bnb_int8_sentiment_L16_r4_COMPLETE_20260714.json,meta-llama/Meta-Llama-3.1-8B-Instruct,w8a16_bnb_int8,r4,8.0,35,127,120,0,1,,120,1,False
SteerQuant_Meta-Llama-3-1-8B-Instruct_w8a16_bnb_int8_sentiment_L16_r4_COMPLETE_20260714|a8.0|i40,SteerQuant_Meta-Llama-3-1-8B-Instruct_w8a16_bnb_int8_sentiment_L16_r4_COMPLETE_20260714.json,meta-llama/Meta-Llama-3.1-8B-Instruct,w8a16_bnb_int8,r4,8.0,40,134,720,0,1,,720,1,False
SteerQuant_Meta-Llama-3-1-8B-Instruct_w8a16_bnb_int8_sentiment_L16_r4_COMPLETE_20260714|a8.0|i60,SteerQuant_Meta-Llama-3-1-8B-Instruct_w8a16_bnb_int8_sentiment_L16_r4_COMPLETE_20260714.json,meta-llama/Meta-Llama-3.1-8B-Instruct,w8a16_bnb_int8,r4,8.0,60,120,240,0,1,,240,1,False
SteerQuant_Meta-Llama-3-1-8B-Instruct_w8a16_bnb_int8_sentiment_L16_r4_COMPLETE_20260714|a8.0|i78,SteerQuant_Meta-Llama-3-1-8B-Instruct_w8a16_bnb_int8_sentiment_L16_r4_COMPLETE_20260714.json,meta-llama/Meta-Llama-3.1-8B-Instruct,w8a16_bnb_int8,r4,8.0,78,28,25,0,1,,25,1,False
SteerQuant_Meta-Llama-3-1-8B-Instruct_w8a16_bnb_int8_sentiment_L16_r4_COMPLETE_20260714|a8.0|i82,SteerQuant_Meta-Llama-3-1-8B-Instruct_w8a16_bnb_int8_sentiment_L16_r4_COMPLETE_20260714.json,meta-llama/Meta-Llama-3.1-8B-Instruct,w8a16_bnb_int8,r4,8.0,82,120,240,0,1,,240,1,False
SteerQuant_Meta-Llama-3-1-8B-Instruct_w8a16_bnb_int8_sentiment_L16_r4_COMPLETE_20260714|a8.0|i108,SteerQuant_Meta-Llama-3-1-8B-Instruct_w8a16_bnb_int8_sentiment_L16_r4_COMPLETE_20260714.json,meta-llama/Meta-Llama-3.1-8B-Instruct,w8a16_bnb_int8,r4,8.0,108,99,58,0,1,,58,1,False
SteerQuant_Meta-Llama-3-1-8B-Instruct_w8a16_bnb_int8_sentiment_L16_r4_COMPLETE_20260714|a8.0|i109,SteerQuant_Meta-Llama-3-1-8B-Instruct_w8a16_bnb_int8_sentiment_L16_r4_COMPLETE_20260714.json,meta-llama/Meta-Llama-3.1-8B-Instruct,w8a16_bnb_int8,r4,8.0,109,50,294,0,1,,294,1,False
SteerQuant_Meta-Llama-3-1-8B-Instruct_w8a16_bnb_int8_sentiment_L16_r4_COMPLETE_20260714|a8.0|i120,SteerQuant_Meta-Llama-3-1-8B-Instruct_w8a16_bnb_int8_sentiment_L16_r4_COMPLETE_20260714.json,meta-llama/Meta-Llama-3.1-8B-Instruct,w8a16_bnb_int8,r4,8.0,120,179,130,0,1,,130,1,False
SteerQuant_Meta-Llama-3-1-8B-Instruct_w8a16_bnb_int8_sentiment_L16_r4_COMPLETE_20260714|a8.0|i137,SteerQuant_Meta-Llama-3-1-8B-Instruct_w8a16_bnb_int8_sentiment_L16_r4_COMPLETE_20260714.json,meta-llama/Meta-Llama-3.1-8B-Instruct,w8a16_bnb_int8,r4,8.0,137,103,140,0,1,,140,1,False
SteerQuant_Meta-Llama-3-1-8B-Instruct_w8a16_bnb_int8_sentiment_L16_r4_COMPLETE_20260714|a8.0|i144,SteerQuant_Meta-Llama-3-1-8B-Instruct_w8a16_bnb_int8_sentiment_L16_r4_COMPLETE_20260714.json,meta-llama/Meta-Llama-3.1-8B-Instruct,w8a16_bnb_int8,r4,8.0,144,55,14,0,1,,14,1,False
SteerQuant_Meta-Llama-3-1-8B-Instruct_w8a16_bnb_int8_sentiment_L16_r4_COMPLETE_20260714|a8.0|i158,SteerQuant_Meta-Llama-3-1-8B-Instruct_w8a16_bnb_int8_sentiment_L16_r4_COMPLETE_20260714.json,meta-llama/Meta-Llama-3.1-8B-Instruct,w8a16_bnb_int8,r4,8.0,158,55,14,0,1,,14,1,False
SteerQuant_Meta-Llama-3-1-8B-Instruct_w8a16_bnb_int8_sentiment_L16_r4_COMPLETE_20260714|a8.0|i160,SteerQuant_Meta-Llama-3-1-8B-Instruct_w8a16_bnb_int8_sentiment_L16_r4_COMPLETE_20260714.json,meta-llama/Meta-Llama-3.1-8B-Instruct,w8a16_bnb_int8,r4,8.0,160,50,294,0,1,,294,1,False
SteerQuant_Meta-Llama-3-1-8B-Instruct_w8a16_bnb_int8_sentiment_L16_r4_COMPLETE_20260714|a8.0|i161,SteerQuant_Meta-Llama-3-1-8B-Instruct_w8a16_bnb_int8_sentiment_L16_r4_COMPLETE_20260714.json,meta-llama/Meta-Llama-3.1-8B-Instruct,w8a16_bnb_int8,r4,8.0,161,41,200,0,1,,200,1,False
SteerQuant_Meta-Llama-3-1-8B-Instruct_w8a16_bnb_int8_sentiment_L16_r4_COMPLETE_20260714|a8.0|i162,SteerQuant_Meta-Llama-3-1-8B-Instruct_w8a16_bnb_int8_sentiment_L16_r4_COMPLETE_20260714.json,meta-llama/Meta-Llama-3.1-8B-Instruct,w8a16_bnb_int8,r4,8.0,162,14,60,0,1,,60,1,False
SteerQuant_Meta-Llama-3-1-8B-Instruct_w8a16_bnb_int8_sentiment_L16_r4_COMPLETE_20260714|a8.0|i167,SteerQuant_Meta-Llama-3-1-8B-Instruct_w8a16_bnb_int8_sentiment_L16_r4_COMPLETE_20260714.json,meta-llama/Meta-Llama-3.1-8B-Instruct,w8a16_bnb_int8,r4,8.0,167,57,83,0,1,,83,1,False
SteerQuant_Meta-Llama-3-1-8B-Instruct_w8a16_bnb_int8_sentiment_L16_r4_COMPLETE_20260714|a8.0|i170,SteerQuant_Meta-Llama-3-1-8B-Instruct_w8a16_bnb_int8_sentiment_L16_r4_COMPLETE_20260714.json,meta-llama/Meta-Llama-3.1-8B-Instruct,w8a16_bnb_int8,r4,8.0,170,50,294,0,1,,294,1,False
SteerQuant_Meta-Llama-3-1-8B-Instruct_w8a16_bnb_int8_sentiment_L16_r4_COMPLETE_20260714|a8.0|i172,SteerQuant_Meta-Llama-3-1-8B-Instruct_w8a16_bnb_int8_sentiment_L16_r4_COMPLETE_20260714.json,meta-llama/Meta-Llama-3.1-8B-Instruct,w8a16_bnb_int8,r4,8.0,172,198,320,0,1,,320,1,False
SteerQuant_Meta-Llama-3-1-8B-Instruct_w8a16_bnb_int8_sentiment_L16_r4_COMPLETE_20260714|a8.0|i174,SteerQuant_Meta-Llama-3-1-8B-Instruct_w8a16_bnb_int8_sentiment_L16_r4_COMPLETE_20260714.json,meta-llama/Meta-Llama-3.1-8B-Instruct,w8a16_bnb_int8,r4,8.0,174,83,600,0,1,,600,1,False
SteerQuant_Meta-Llama-3-1-8B-Instruct_w8a16_bnb_int8_sentiment_L16_r4_COMPLETE_20260714|a8.0|i176,SteerQuant_Meta-Llama-3-1-8B-Instruct_w8a16_bnb_int8_sentiment_L16_r4_COMPLETE_20260714.json,meta-llama/Meta-Llama-3.1-8B-Instruct,w8a16_bnb_int8,r4,8.0,176,134,720,0,1,,720,1,False
SteerQuant_Meta-Llama-3-1-8B-Instruct_w8a16_bnb_int8_sentiment_L16_r4_COMPLETE_20260714|a8.0|i180,SteerQuant_Meta-Llama-3-1-8B-Instruct_w8a16_bnb_int8_sentiment_L16_r4_COMPLETE_20260714.json,meta-llama/Meta-Llama-3.1-8B-Instruct,w8a16_bnb_int8,r4,8.0,180,142,140,0,1,,140,1,False
SteerQuant_Meta-Llama-3-1-8B-Instruct_w8a16_bnb_int8_sentiment_L16_r4_COMPLETE_20260714|a8.0|i194,SteerQuant_Meta-Llama-3-1-8B-Instruct_w8a16_bnb_int8_sentiment_L16_r4_COMPLETE_20260714.json,meta-llama/Meta-Llama-3.1-8B-Instruct,w8a16_bnb_int8,r4,8.0,194,14,60,0,1,,60,1,False
SteerQuant_Meta-Llama-3-1-8B-Instruct_w8a16_bnb_int8_sentiment_L16_r4_COMPLETE_20260714|a8.0|i196,SteerQuant_Meta-Llama-3-1-8B-Instruct_w8a16_bnb_int8_sentiment_L16_r4_COMPLETE_20260714.json,meta-llama/Meta-Llama-3.1-8B-Instruct,w8a16_bnb_int8,r4,8.0,196,77,100,0,1,,100,1,False
SteerQuant_Meta-Llama-3-1-8B-Instruct_w8a16_bnb_int8_sentiment_L16_r4_COMPLETE_20260714|a8.0|i199,SteerQuant_Meta-Llama-3-1-8B-Instruct_w8a16_bnb_int8_sentiment_L16_r4_COMPLETE_20260714.json,meta-llama/Meta-Llama-3.1-8B-Instruct,w8a16_bnb_int8,r4,8.0,199,176,100,0,1,,100,1,False
SteerQuant_Meta-Llama-3-1-8B-Instruct_w8a16_bnb_int8_sentiment_L16_r5_COMPLETE_20260714|a-10.0|i7,SteerQuant_Meta-Llama-3-1-8B-Instruct_w8a16_bnb_int8_sentiment_L16_r5_COMPLETE_20260714.json,meta-llama/Meta-Llama-3.1-8B-Instruct,w8a16_bnb_int8,r5,-10.0,7,91,28,0,1,,28,1,False
SteerQuant_Meta-Llama-3-1-8B-Instruct_w8a16_bnb_int8_sentiment_L16_r5_COMPLETE_20260714|a-10.0|i98,SteerQuant_Meta-Llama-3-1-8B-Instruct_w8a16_bnb_int8_sentiment_L16_r5_COMPLETE_20260714.json,meta-llama/Meta-Llama-3.1-8B-Instruct,w8a16_bnb_int8,r5,-10.0,98,121,27,0,1,,27,1,False
SteerQuant_Meta-Llama-3-1-8B-Instruct_w8a16_bnb_int8_sentiment_L16_r5_COMPLETE_20260714|a-10.0|i132,SteerQuant_Meta-Llama-3-1-8B-Instruct_w8a16_bnb_int8_sentiment_L16_r5_COMPLETE_20260714.json,meta-llama/Meta-Llama-3.1-8B-Instruct,w8a16_bnb_int8,r5,-10.0,132,59,187,0,1,,187,1,False
SteerQuant_Meta-Llama-3-1-8B-Instruct_w8a16_bnb_int8_sentiment_L16_r5_COMPLETE_20260714|a-10.0|i133,SteerQuant_Meta-Llama-3-1-8B-Instruct_w8a16_bnb_int8_sentiment_L16_r5_COMPLETE_20260714.json,meta-llama/Meta-Llama-3.1-8B-Instruct,w8a16_bnb_int8,r5,-10.0,133,103,140,0,1,,140,1,False
SteerQuant_Meta-Llama-3-1-8B-Instruct_w8a16_bnb_int8_sentiment_L16_r5_COMPLETE_20260714|a-10.0|i135,SteerQuant_Meta-Llama-3-1-8B-Instruct_w8a16_bnb_int8_sentiment_L16_r5_COMPLETE_20260714.json,meta-llama/Meta-Llama-3.1-8B-Instruct,w8a16_bnb_int8,r5,-10.0,135,80,10,0,1,,10,1,False
SteerQuant_Meta-Llama-3-1-8B-Instruct_w8a16_bnb_int8_sentiment_L16_r5_COMPLETE_20260714|a-10.0|i144,SteerQuant_Meta-Llama-3-1-8B-Instruct_w8a16_bnb_int8_sentiment_L16_r5_COMPLETE_20260714.json,meta-llama/Meta-Llama-3.1-8B-Instruct,w8a16_bnb_int8,r5,-10.0,144,79,70,0,1,,70,1,False
SteerQuant_Meta-Llama-3-1-8B-Instruct_w8a16_bnb_int8_sentiment_L16_r5_COMPLETE_20260714|a-10.0|i148,SteerQuant_Meta-Llama-3-1-8B-Instruct_w8a16_bnb_int8_sentiment_L16_r5_COMPLETE_20260714.json,meta-llama/Meta-Llama-3.1-8B-Instruct,w8a16_bnb_int8,r5,-10.0,148,105,20,0,1,,20,1,False
SteerQuant_Meta-Llama-3-1-8B-Instruct_w8a16_bnb_int8_sentiment_L16_r5_COMPLETE_20260714|a-10.0|i151,SteerQuant_Meta-Llama-3-1-8B-Instruct_w8a16_bnb_int8_sentiment_L16_r5_COMPLETE_20260714.json,meta-llama/Meta-Llama-3.1-8B-Instruct,w8a16_bnb_int8,r5,-10.0,151,65,36,0,1,,36,1,False
SteerQuant_Meta-Llama-3-1-8B-Instruct_w8a16_bnb_int8_sentiment_L16_r5_COMPLETE_20260714|a-10.0|i153,SteerQuant_Meta-Llama-3-1-8B-Instruct_w8a16_bnb_int8_sentiment_L16_r5_COMPLETE_20260714.json,meta-llama/Meta-Llama-3.1-8B-Instruct,w8a16_bnb_int8,r5,-10.0,153,66,48,0,1,,48,1,False
SteerQuant_Meta-Llama-3-1-8B-Instruct_w8a16_bnb_int8_sentiment_L16_r5_COMPLETE_20260714|a-10.0|i156,SteerQuant_Meta-Llama-3-1-8B-Instruct_w8a16_bnb_int8_sentiment_L16_r5_COMPLETE_20260714.json,meta-llama/Meta-Llama-3.1-8B-Instruct,w8a16_bnb_int8,r5,-10.0,156,169,120,0,1,,120,1,False
SteerQuant_Meta-Llama-3-1-8B-Instruct_w8a16_bnb_int8_sentiment_L16_r5_COMPLETE_20260714|a-10.0|i171,SteerQuant_Meta-Llama-3-1-8B-Instruct_w8a16_bnb_int8_sentiment_L16_r5_COMPLETE_20260714.json,meta-llama/Meta-Llama-3.1-8B-Instruct,w8a16_bnb_int8,r5,-10.0,171,22,7,0,1,,7,1,False
SteerQuant_Meta-Llama-3-1-8B-Instruct_w8a16_bnb_int8_sentiment_L16_r5_COMPLETE_20260714|a-10.0|i173,SteerQuant_Meta-Llama-3-1-8B-Instruct_w8a16_bnb_int8_sentiment_L16_r5_COMPLETE_20260714.json,meta-llama/Meta-Llama-3.1-8B-Instruct,w8a16_bnb_int8,r5,-10.0,173,68,36,0,1,,36,1,False
SteerQuant_Meta-Llama-3-1-8B-Instruct_w8a16_bnb_int8_sentiment_L16_r5_COMPLETE_20260714|a-10.0|i190,SteerQuant_Meta-Llama-3-1-8B-Instruct_w8a16_bnb_int8_sentiment_L16_r5_COMPLETE_20260714.json,meta-llama/Meta-Llama-3.1-8B-Instruct,w8a16_bnb_int8,r5,-10.0,190,167,16,0,1,,16,1,False
SteerQuant_Meta-Llama-3-1-8B-Instruct_w8a16_bnb_int8_sentiment_L16_r5_COMPLETE_20260714|a-8.0|i0,SteerQuant_Meta-Llama-3-1-8B-Instruct_w8a16_bnb_int8_sentiment_L16_r5_COMPLETE_20260714.json,meta-llama/Meta-Llama-3.1-8B-Instruct,w8a16_bnb_int8,r5,-8.0,0,63,1596,0,1,,1596,1,False
SteerQuant_Meta-Llama-3-1-8B-Instruct_w8a16_bnb_int8_sentiment_L16_r5_COMPLETE_20260714|a-8.0|i7,SteerQuant_Meta-Llama-3-1-8B-Instruct_w8a16_bnb_int8_sentiment_L16_r5_COMPLETE_20260714.json,meta-llama/Meta-Llama-3.1-8B-Instruct,w8a16_bnb_int8,r5,-8.0,7,91,28,0,1,,28,1,False
SteerQuant_Meta-Llama-3-1-8B-Instruct_w8a16_bnb_int8_sentiment_L16_r5_COMPLETE_20260714|a-8.0|i10,SteerQuant_Meta-Llama-3-1-8B-Instruct_w8a16_bnb_int8_sentiment_L16_r5_COMPLETE_20260714.json,meta-llama/Meta-Llama-3.1-8B-Instruct,w8a16_bnb_int8,r5,-8.0,10,116,42,0,1,,42,1,False
SteerQuant_Meta-Llama-3-1-8B-Instruct_w8a16_bnb_int8_sentiment_L16_r5_COMPLETE_20260714|a-8.0|i11,SteerQuant_Meta-Llama-3-1-8B-Instruct_w8a16_bnb_int8_sentiment_L16_r5_COMPLETE_20260714.json,meta-llama/Meta-Llama-3.1-8B-Instruct,w8a16_bnb_int8,r5,-8.0,11,74,88,0,1,,88,1,False
SteerQuant_Meta-Llama-3-1-8B-Instruct_w8a16_bnb_int8_sentiment_L16_r5_COMPLETE_20260714|a-8.0|i75,SteerQuant_Meta-Llama-3-1-8B-Instruct_w8a16_bnb_int8_sentiment_L16_r5_COMPLETE_20260714.json,meta-llama/Meta-Llama-3.1-8B-Instruct,w8a16_bnb_int8,r5,-8.0,75,116,42,0,1,,42,1,False
SteerQuant_Meta-Llama-3-1-8B-Instruct_w8a16_bnb_int8_sentiment_L16_r5_COMPLETE_20260714|a-8.0|i79,SteerQuant_Meta-Llama-3-1-8B-Instruct_w8a16_bnb_int8_sentiment_L16_r5_COMPLETE_20260714.json,meta-llama/Meta-Llama-3.1-8B-Instruct,w8a16_bnb_int8,r5,-8.0,79,116,42,0,1,,42,1,False
SteerQuant_Meta-Llama-3-1-8B-Instruct_w8a16_bnb_int8_sentiment_L16_r5_COMPLETE_20260714|a-8.0|i124,SteerQuant_Meta-Llama-3-1-8B-Instruct_w8a16_bnb_int8_sentiment_L16_r5_COMPLETE_20260714.json,meta-llama/Meta-Llama-3.1-8B-Instruct,w8a16_bnb_int8,r5,-8.0,124,159,15,0,1,,15,1,False
SteerQuant_Meta-Llama-3-1-8B-Instruct_w8a16_bnb_int8_sentiment_L16_r5_COMPLETE_20260714|a-8.0|i180,SteerQuant_Meta-Llama-3-1-8B-Instruct_w8a16_bnb_int8_sentiment_L16_r5_COMPLETE_20260714.json,meta-llama/Meta-Llama-3.1-8B-Instruct,w8a16_bnb_int8,r5,-8.0,180,85,44,0,1,,44,1,False
SteerQuant_Meta-Llama-3-1-8B-Instruct_w8a16_bnb_int8_sentiment_L16_r5_COMPLETE_20260714|a-8.0|i196,SteerQuant_Meta-Llama-3-1-8B-Instruct_w8a16_bnb_int8_sentiment_L16_r5_COMPLETE_20260714.json,meta-llama/Meta-Llama-3.1-8B-Instruct,w8a16_bnb_int8,r5,-8.0,196,126,82,0,1,,82,1,False
SteerQuant_Meta-Llama-3-1-8B-Instruct_w8a16_bnb_int8_sentiment_L16_r5_COMPLETE_20260714|a-6.0|i7,SteerQuant_Meta-Llama-3-1-8B-Instruct_w8a16_bnb_int8_sentiment_L16_r5_COMPLETE_20260714.json,meta-llama/Meta-Llama-3.1-8B-Instruct,w8a16_bnb_int8,r5,-6.0,7,91,28,0,1,,28,1,False
SteerQuant_Meta-Llama-3-1-8B-Instruct_w8a16_bnb_int8_sentiment_L16_r5_COMPLETE_20260714|a-6.0|i23,SteerQuant_Meta-Llama-3-1-8B-Instruct_w8a16_bnb_int8_sentiment_L16_r5_COMPLETE_20260714.json,meta-llama/Meta-Llama-3.1-8B-Instruct,w8a16_bnb_int8,r5,-6.0,23,57,83,0,1,,83,1,False
SteerQuant_Meta-Llama-3-1-8B-Instruct_w8a16_bnb_int8_sentiment_L16_r5_COMPLETE_20260714|a-6.0|i33,SteerQuant_Meta-Llama-3-1-8B-Instruct_w8a16_bnb_int8_sentiment_L16_r5_COMPLETE_20260714.json,meta-llama/Meta-Llama-3.1-8B-Instruct,w8a16_bnb_int8,r5,-6.0,33,153,48,0,1,,48,1,False
SteerQuant_Meta-Llama-3-1-8B-Instruct_w8a16_bnb_int8_sentiment_L16_r5_COMPLETE_20260714|a-6.0|i135,SteerQuant_Meta-Llama-3-1-8B-Instruct_w8a16_bnb_int8_sentiment_L16_r5_COMPLETE_20260714.json,meta-llama/Meta-Llama-3.1-8B-Instruct,w8a16_bnb_int8,r5,-6.0,135,80,10,0,1,,10,1,False
SteerQuant_Meta-Llama-3-1-8B-Instruct_w8a16_bnb_int8_sentiment_L16_r5_COMPLETE_20260714|a-6.0|i146,SteerQuant_Meta-Llama-3-1-8B-Instruct_w8a16_bnb_int8_sentiment_L16_r5_COMPLETE_20260714.json,meta-llama/Meta-Llama-3.1-8B-Instruct,w8a16_bnb_int8,r5,-6.0,146,198,320,0,1,,320,1,False
SteerQuant_Meta-Llama-3-1-8B-Instruct_w8a16_bnb_int8_sentiment_L16_r5_COMPLETE_20260714|a-4.0|i7,SteerQuant_Meta-Llama-3-1-8B-Instruct_w8a16_bnb_int8_sentiment_L16_r5_COMPLETE_20260714.json,meta-llama/Meta-Llama-3.1-8B-Instruct,w8a16_bnb_int8,r5,-4.0,7,91,28,0,1,,28,1,False
SteerQuant_Meta-Llama-3-1-8B-Instruct_w8a16_bnb_int8_sentiment_L16_r5_COMPLETE_20260714|a-4.0|i66,SteerQuant_Meta-Llama-3-1-8B-Instruct_w8a16_bnb_int8_sentiment_L16_r5_COMPLETE_20260714.json,meta-llama/Meta-Llama-3.1-8B-Instruct,w8a16_bnb_int8,r5,-4.0,66,89,24,0,1,,24,1,False
SteerQuant_Meta-Llama-3-1-8B-Instruct_w8a16_bnb_int8_sentiment_L16_r5_COMPLETE_20260714|a-4.0|i75,SteerQuant_Meta-Llama-3-1-8B-Instruct_w8a16_bnb_int8_sentiment_L16_r5_COMPLETE_20260714.json,meta-llama/Meta-Llama-3.1-8B-Instruct,w8a16_bnb_int8,r5,-4.0,75,116,42,0,1,,42,1,False
SteerQuant_Meta-Llama-3-1-8B-Instruct_w8a16_bnb_int8_sentiment_L16_r5_COMPLETE_20260714|a-4.0|i79,SteerQuant_Meta-Llama-3-1-8B-Instruct_w8a16_bnb_int8_sentiment_L16_r5_COMPLETE_20260714.json,meta-llama/Meta-Llama-3.1-8B-Instruct,w8a16_bnb_int8,r5,-4.0,79,116,42,0,1,,42,1,False
SteerQuant_Meta-Llama-3-1-8B-Instruct_w8a16_bnb_int8_sentiment_L16_r5_COMPLETE_20260714|a-4.0|i104,SteerQuant_Meta-Llama-3-1-8B-Instruct_w8a16_bnb_int8_sentiment_L16_r5_COMPLETE_20260714.json,meta-llama/Meta-Llama-3.1-8B-Instruct,w8a16_bnb_int8,r5,-4.0,104,21,14,0,1,,14,1,False
SteerQuant_Meta-Llama-3-1-8B-Instruct_w8a16_bnb_int8_sentiment_L16_r5_COMPLETE_20260714|a-4.0|i120,SteerQuant_Meta-Llama-3-1-8B-Instruct_w8a16_bnb_int8_sentiment_L16_r5_COMPLETE_20260714.json,meta-llama/Meta-Llama-3.1-8B-Instruct,w8a16_bnb_int8,r5,-4.0,120,17,57500,0,1,,57500,1,False
SteerQuant_Meta-Llama-3-1-8B-Instruct_w8a16_bnb_int8_sentiment_L16_r5_COMPLETE_20260714|a-4.0|i130,SteerQuant_Meta-Llama-3-1-8B-Instruct_w8a16_bnb_int8_sentiment_L16_r5_COMPLETE_20260714.json,meta-llama/Meta-Llama-3.1-8B-Instruct,w8a16_bnb_int8,r5,-4.0,130,170,150,0,1,,150,1,False
SteerQuant_Meta-Llama-3-1-8B-Instruct_w8a16_bnb_int8_sentiment_L16_r5_COMPLETE_20260714|a-4.0|i151,SteerQuant_Meta-Llama-3-1-8B-Instruct_w8a16_bnb_int8_sentiment_L16_r5_COMPLETE_20260714.json,meta-llama/Meta-Llama-3.1-8B-Instruct,w8a16_bnb_int8,r5,-4.0,151,65,36,0,1,,36,1,False
SteerQuant_Meta-Llama-3-1-8B-Instruct_w8a16_bnb_int8_sentiment_L16_r5_COMPLETE_20260714|a-2.0|i7,SteerQuant_Meta-Llama-3-1-8B-Instruct_w8a16_bnb_int8_sentiment_L16_r5_COMPLETE_20260714.json,meta-llama/Meta-Llama-3.1-8B-Instruct,w8a16_bnb_int8,r5,-2.0,7,91,28,0,1,,28,1,False
SteerQuant_Meta-Llama-3-1-8B-Instruct_w8a16_bnb_int8_sentiment_L16_r5_COMPLETE_20260714|a-2.0|i23,SteerQuant_Meta-Llama-3-1-8B-Instruct_w8a16_bnb_int8_sentiment_L16_r5_COMPLETE_20260714.json,meta-llama/Meta-Llama-3.1-8B-Instruct,w8a16_bnb_int8,r5,-2.0,23,57,83,0,1,,83,1,False
SteerQuant_Meta-Llama-3-1-8B-Instruct_w8a16_bnb_int8_sentiment_L16_r5_COMPLETE_20260714|a-2.0|i30,SteerQuant_Meta-Llama-3-1-8B-Instruct_w8a16_bnb_int8_sentiment_L16_r5_COMPLETE_20260714.json,meta-llama/Meta-Llama-3.1-8B-Instruct,w8a16_bnb_int8,r5,-2.0,30,43,48,0,1,,48,1,False
SteerQuant_Meta-Llama-3-1-8B-Instruct_w8a16_bnb_int8_sentiment_L16_r5_COMPLETE_20260714|a-2.0|i75,SteerQuant_Meta-Llama-3-1-8B-Instruct_w8a16_bnb_int8_sentiment_L16_r5_COMPLETE_20260714.json,meta-llama/Meta-Llama-3.1-8B-Instruct,w8a16_bnb_int8,r5,-2.0,75,116,42,0,1,,42,1,False
SteerQuant_Meta-Llama-3-1-8B-Instruct_w8a16_bnb_int8_sentiment_L16_r5_COMPLETE_20260714|a-2.0|i79,SteerQuant_Meta-Llama-3-1-8B-Instruct_w8a16_bnb_int8_sentiment_L16_r5_COMPLETE_20260714.json,meta-llama/Meta-Llama-3.1-8B-Instruct,w8a16_bnb_int8,r5,-2.0,79,116,42,0,1,,42,1,False
SteerQuant_Meta-Llama-3-1-8B-Instruct_w8a16_bnb_int8_sentiment_L16_r5_COMPLETE_20260714|a-2.0|i120,SteerQuant_Meta-Llama-3-1-8B-Instruct_w8a16_bnb_int8_sentiment_L16_r5_COMPLETE_20260714.json,meta-llama/Meta-Llama-3.1-8B-Instruct,w8a16_bnb_int8,r5,-2.0,120,17,57500,0,1,,57500,1,False
SteerQuant_Meta-Llama-3-1-8B-Instruct_w8a16_bnb_int8_sentiment_L16_r5_COMPLETE_20260714|a-2.0|i130,SteerQuant_Meta-Llama-3-1-8B-Instruct_w8a16_bnb_int8_sentiment_L16_r5_COMPLETE_20260714.json,meta-llama/Meta-Llama-3.1-8B-Instruct,w8a16_bnb_int8,r5,-2.0,130,170,150,0,1,,150,1,False
SteerQuant_Meta-Llama-3-1-8B-Instruct_w8a16_bnb_int8_sentiment_L16_r5_COMPLETE_20260714|a-2.0|i146,SteerQuant_Meta-Llama-3-1-8B-Instruct_w8a16_bnb_int8_sentiment_L16_r5_COMPLETE_20260714.json,meta-llama/Meta-Llama-3.1-8B-Instruct,w8a16_bnb_int8,r5,-2.0,146,198,320,0,1,,320,1,False
SteerQuant_Meta-Llama-3-1-8B-Instruct_w8a16_bnb_int8_sentiment_L16_r5_COMPLETE_20260714|a-2.0|i153,SteerQuant_Meta-Llama-3-1-8B-Instruct_w8a16_bnb_int8_sentiment_L16_r5_COMPLETE_20260714.json,meta-llama/Meta-Llama-3.1-8B-Instruct,w8a16_bnb_int8,r5,-2.0,153,66,48,0,1,,48,1,False
SteerQuant_Meta-Llama-3-1-8B-Instruct_w8a16_bnb_int8_sentiment_L16_r5_COMPLETE_20260714|a-2.0|i181,SteerQuant_Meta-Llama-3-1-8B-Instruct_w8a16_bnb_int8_sentiment_L16_r5_COMPLETE_20260714.json,meta-llama/Meta-Llama-3.1-8B-Instruct,w8a16_bnb_int8,r5,-2.0,181,10,366,0,1,,366,1,False
SteerQuant_Meta-Llama-3-1-8B-Instruct_w8a16_bnb_int8_sentiment_L16_r5_COMPLETE_20260714|a0.0|i5,SteerQuant_Meta-Llama-3-1-8B-Instruct_w8a16_bnb_int8_sentiment_L16_r5_COMPLETE_20260714.json,meta-llama/Meta-Llama-3.1-8B-Instruct,w8a16_bnb_int8,r5,0.0,5,148,30,0,1,,30,1,False
SteerQuant_Meta-Llama-3-1-8B-Instruct_w8a16_bnb_int8_sentiment_L16_r5_COMPLETE_20260714|a0.0|i9,SteerQuant_Meta-Llama-3-1-8B-Instruct_w8a16_bnb_int8_sentiment_L16_r5_COMPLETE_20260714.json,meta-llama/Meta-Llama-3.1-8B-Instruct,w8a16_bnb_int8,r5,0.0,9,92,4,0,1,,4,1,False
SteerQuant_Meta-Llama-3-1-8B-Instruct_w8a16_bnb_int8_sentiment_L16_r5_COMPLETE_20260714|a0.0|i13,SteerQuant_Meta-Llama-3-1-8B-Instruct_w8a16_bnb_int8_sentiment_L16_r5_COMPLETE_20260714.json,meta-llama/Meta-Llama-3.1-8B-Instruct,w8a16_bnb_int8,r5,0.0,13,111,16,0,1,,16,1,False
SteerQuant_Meta-Llama-3-1-8B-Instruct_w8a16_bnb_int8_sentiment_L16_r5_COMPLETE_20260714|a0.0|i23,SteerQuant_Meta-Llama-3-1-8B-Instruct_w8a16_bnb_int8_sentiment_L16_r5_COMPLETE_20260714.json,meta-llama/Meta-Llama-3.1-8B-Instruct,w8a16_bnb_int8,r5,0.0,23,57,83,0,1,,83,1,False
SteerQuant_Meta-Llama-3-1-8B-Instruct_w8a16_bnb_int8_sentiment_L16_r5_COMPLETE_20260714|a0.0|i32,SteerQuant_Meta-Llama-3-1-8B-Instruct_w8a16_bnb_int8_sentiment_L16_r5_COMPLETE_20260714.json,meta-llama/Meta-Llama-3.1-8B-Instruct,w8a16_bnb_int8,r5,0.0,32,46,163,0,1,,163,1,False
SteerQuant_Meta-Llama-3-1-8B-Instruct_w8a16_bnb_int8_sentiment_L16_r5_COMPLETE_20260714|a0.0|i37,SteerQuant_Meta-Llama-3-1-8B-Instruct_w8a16_bnb_int8_sentiment_L16_r5_COMPLETE_20260714.json,meta-llama/Meta-Llama-3.1-8B-Instruct,w8a16_bnb_int8,r5,0.0,37,110,45,0,1,,45,1,False
SteerQuant_Meta-Llama-3-1-8B-Instruct_w8a16_bnb_int8_sentiment_L16_r5_COMPLETE_20260714|a0.0|i42,SteerQuant_Meta-Llama-3-1-8B-Instruct_w8a16_bnb_int8_sentiment_L16_r5_COMPLETE_20260714.json,meta-llama/Meta-Llama-3.1-8B-Instruct,w8a16_bnb_int8,r5,0.0,42,124,10,0,1,,10,1,False
SteerQuant_Meta-Llama-3-1-8B-Instruct_w8a16_bnb_int8_sentiment_L16_r5_COMPLETE_20260714|a0.0|i44,SteerQuant_Meta-Llama-3-1-8B-Instruct_w8a16_bnb_int8_sentiment_L16_r5_COMPLETE_20260714.json,meta-llama/Meta-Llama-3.1-8B-Instruct,w8a16_bnb_int8,r5,0.0,44,135,40,0,1,,40,1,False
SteerQuant_Meta-Llama-3-1-8B-Instruct_w8a16_bnb_int8_sentiment_L16_r5_COMPLETE_20260714|a0.0|i47,SteerQuant_Meta-Llama-3-1-8B-Instruct_w8a16_bnb_int8_sentiment_L16_r5_COMPLETE_20260714.json,meta-llama/Meta-Llama-3.1-8B-Instruct,w8a16_bnb_int8,r5,0.0,47,181,160,0,1,,160,1,False
SteerQuant_Meta-Llama-3-1-8B-Instruct_w8a16_bnb_int8_sentiment_L16_r5_COMPLETE_20260714|a0.0|i56,SteerQuant_Meta-Llama-3-1-8B-Instruct_w8a16_bnb_int8_sentiment_L16_r5_COMPLETE_20260714.json,meta-llama/Meta-Llama-3.1-8B-Instruct,w8a16_bnb_int8,r5,0.0,56,198,320,0,1,,320,1,False
SteerQuant_Meta-Llama-3-1-8B-Instruct_w8a16_bnb_int8_sentiment_L16_r5_COMPLETE_20260714|a0.0|i75,SteerQuant_Meta-Llama-3-1-8B-Instruct_w8a16_bnb_int8_sentiment_L16_r5_COMPLETE_20260714.json,meta-llama/Meta-Llama-3.1-8B-Instruct,w8a16_bnb_int8,r5,0.0,75,116,42,0,1,,42,1,False
SteerQuant_Meta-Llama-3-1-8B-Instruct_w8a16_bnb_int8_sentiment_L16_r5_COMPLETE_20260714|a0.0|i79,SteerQuant_Meta-Llama-3-1-8B-Instruct_w8a16_bnb_int8_sentiment_L16_r5_COMPLETE_20260714.json,meta-llama/Meta-Llama-3.1-8B-Instruct,w8a16_bnb_int8,r5,0.0,79,116,42,0,1,,42,1,False
SteerQuant_Meta-Llama-3-1-8B-Instruct_w8a16_bnb_int8_sentiment_L16_r5_COMPLETE_20260714|a0.0|i88,SteerQuant_Meta-Llama-3-1-8B-Instruct_w8a16_bnb_int8_sentiment_L16_r5_COMPLETE_20260714.json,meta-llama/Meta-Llama-3.1-8B-Instruct,w8a16_bnb_int8,r5,0.0,88,126,82,0,1,,82,1,False
SteerQuant_Meta-Llama-3-1-8B-Instruct_w8a16_bnb_int8_sentiment_L16_r5_COMPLETE_20260714|a0.0|i102,SteerQuant_Meta-Llama-3-1-8B-Instruct_w8a16_bnb_int8_sentiment_L16_r5_COMPLETE_20260714.json,meta-llama/Meta-Llama-3.1-8B-Instruct,w8a16_bnb_int8,r5,0.0,102,55,14,0,1,,14,1,False
SteerQuant_Meta-Llama-3-1-8B-Instruct_w8a16_bnb_int8_sentiment_L16_r5_COMPLETE_20260714|a0.0|i117,SteerQuant_Meta-Llama-3-1-8B-Instruct_w8a16_bnb_int8_sentiment_L16_r5_COMPLETE_20260714.json,meta-llama/Meta-Llama-3.1-8B-Instruct,w8a16_bnb_int8,r5,0.0,117,187,106,0,1,,106,1,False
SteerQuant_Meta-Llama-3-1-8B-Instruct_w8a16_bnb_int8_sentiment_L16_r5_COMPLETE_20260714|a0.0|i120,SteerQuant_Meta-Llama-3-1-8B-Instruct_w8a16_bnb_int8_sentiment_L16_r5_COMPLETE_20260714.json,meta-llama/Meta-Llama-3.1-8B-Instruct,w8a16_bnb_int8,r5,0.0,120,17,57500,0,1,,57500,1,False
SteerQuant_Meta-Llama-3-1-8B-Instruct_w8a16_bnb_int8_sentiment_L16_r5_COMPLETE_20260714|a0.0|i146,SteerQuant_Meta-Llama-3-1-8B-Instruct_w8a16_bnb_int8_sentiment_L16_r5_COMPLETE_20260714.json,meta-llama/Meta-Llama-3.1-8B-Instruct,w8a16_bnb_int8,r5,0.0,146,198,320,0,1,,320,1,False
SteerQuant_Meta-Llama-3-1-8B-Instruct_w8a16_bnb_int8_sentiment_L16_r5_COMPLETE_20260714|a0.0|i181,SteerQuant_Meta-Llama-3-1-8B-Instruct_w8a16_bnb_int8_sentiment_L16_r5_COMPLETE_20260714.json,meta-llama/Meta-Llama-3.1-8B-Instruct,w8a16_bnb_int8,r5,0.0,181,10,366,0,1,,366,1,False
SteerQuant_Mistral-7B-Instruct-v0-3_w4a16_bnb_nf4_sentiment_L16_r1_COMPLETE_20260714|a-3.0|i117,SteerQuant_Mistral-7B-Instruct-v0-3_w4a16_bnb_nf4_sentiment_L16_r1_COMPLETE_20260714.json,mistralai/Mistral-7B-Instruct-v0.3,w4a16_bnb_nf4,r1,-3.0,117,64,300,0,1,,300,1,False
SteerQuant_Mistral-7B-Instruct-v0-3_w4a16_bnb_nf4_sentiment_L16_r1_COMPLETE_20260714|a-3.0|i172,SteerQuant_Mistral-7B-Instruct-v0-3_w4a16_bnb_nf4_sentiment_L16_r1_COMPLETE_20260714.json,mistralai/Mistral-7B-Instruct-v0.3,w4a16_bnb_nf4,r1,-3.0,172,64,300,0,1,,300,1,False
SteerQuant_Mistral-7B-Instruct-v0-3_w4a16_bnb_nf4_sentiment_L16_r1_COMPLETE_20260714|a-2.0|i10,SteerQuant_Mistral-7B-Instruct-v0-3_w4a16_bnb_nf4_sentiment_L16_r1_COMPLETE_20260714.json,mistralai/Mistral-7B-Instruct-v0.3,w4a16_bnb_nf4,r1,-2.0,10,158,34,0,1,,34,1,False
SteerQuant_Mistral-7B-Instruct-v0-3_w4a16_bnb_nf4_sentiment_L16_r1_COMPLETE_20260714|a-2.0|i63,SteerQuant_Mistral-7B-Instruct-v0-3_w4a16_bnb_nf4_sentiment_L16_r1_COMPLETE_20260714.json,mistralai/Mistral-7B-Instruct-v0.3,w4a16_bnb_nf4,r1,-2.0,63,56,3,0,1,,3,1,False
SteerQuant_Mistral-7B-Instruct-v0-3_w4a16_bnb_nf4_sentiment_L16_r1_COMPLETE_20260714|a-2.0|i65,SteerQuant_Mistral-7B-Instruct-v0-3_w4a16_bnb_nf4_sentiment_L16_r1_COMPLETE_20260714.json,mistralai/Mistral-7B-Instruct-v0.3,w4a16_bnb_nf4,r1,-2.0,65,64,300,0,1,,300,1,False
SteerQuant_Mistral-7B-Instruct-v0-3_w4a16_bnb_nf4_sentiment_L16_r1_COMPLETE_20260714|a-2.0|i117,SteerQuant_Mistral-7B-Instruct-v0-3_w4a16_bnb_nf4_sentiment_L16_r1_COMPLETE_20260714.json,mistralai/Mistral-7B-Instruct-v0.3,w4a16_bnb_nf4,r1,-2.0,117,64,300,0,1,,300,1,False
SteerQuant_Mistral-7B-Instruct-v0-3_w4a16_bnb_nf4_sentiment_L16_r1_COMPLETE_20260714|a-2.0|i172,SteerQuant_Mistral-7B-Instruct-v0-3_w4a16_bnb_nf4_sentiment_L16_r1_COMPLETE_20260714.json,mistralai/Mistral-7B-Instruct-v0.3,w4a16_bnb_nf4,r1,-2.0,172,64,300,0,1,,300,1,False
SteerQuant_Mistral-7B-Instruct-v0-3_w4a16_bnb_nf4_sentiment_L16_r2_COMPLETE_20260714|a-4.0|i7,SteerQuant_Mistral-7B-Instruct-v0-3_w4a16_bnb_nf4_sentiment_L16_r2_COMPLETE_20260714.json,mistralai/Mistral-7B-Instruct-v0.3,w4a16_bnb_nf4,r2,-4.0,7,159,15,0,1,,15,1,False
SteerQuant_Mistral-7B-Instruct-v0-3_w4a16_bnb_nf4_sentiment_L16_r2_COMPLETE_20260714|a-4.0|i13,SteerQuant_Mistral-7B-Instruct-v0-3_w4a16_bnb_nf4_sentiment_L16_r2_COMPLETE_20260714.json,mistralai/Mistral-7B-Instruct-v0.3,w4a16_bnb_nf4,r2,-4.0,13,159,15,0,1,,15,1,False
SteerQuant_Mistral-7B-Instruct-v0-3_w4a16_bnb_nf4_sentiment_L16_r2_COMPLETE_20260714|a-3.0|i10,SteerQuant_Mistral-7B-Instruct-v0-3_w4a16_bnb_nf4_sentiment_L16_r2_COMPLETE_20260714.json,mistralai/Mistral-7B-Instruct-v0.3,w4a16_bnb_nf4,r2,-3.0,10,56,3,0,1,,3,1,False
SteerQuant_Mistral-7B-Instruct-v0-3_w4a16_bnb_nf4_sentiment_L16_r2_COMPLETE_20260714|a-3.0|i30,SteerQuant_Mistral-7B-Instruct-v0-3_w4a16_bnb_nf4_sentiment_L16_r2_COMPLETE_20260714.json,mistralai/Mistral-7B-Instruct-v0.3,w4a16_bnb_nf4,r2,-3.0,30,88,8000,0,1,,8000,1,False
SteerQuant_Mistral-7B-Instruct-v0-3_w4a16_bnb_nf4_sentiment_L16_r2_COMPLETE_20260714|a-2.0|i30,SteerQuant_Mistral-7B-Instruct-v0-3_w4a16_bnb_nf4_sentiment_L16_r2_COMPLETE_20260714.json,mistralai/Mistral-7B-Instruct-v0.3,w4a16_bnb_nf4,r2,-2.0,30,88,8000,0,1,,8000,1,False
SteerQuant_Mistral-7B-Instruct-v0-3_w4a16_bnb_nf4_sentiment_L16_r2_COMPLETE_20260714|a-2.0|i121,SteerQuant_Mistral-7B-Instruct-v0-3_w4a16_bnb_nf4_sentiment_L16_r2_COMPLETE_20260714.json,mistralai/Mistral-7B-Instruct-v0.3,w4a16_bnb_nf4,r2,-2.0,121,88,8000,0,1,,8000,1,False
SteerQuant_Mistral-7B-Instruct-v0-3_w4a16_bnb_nf4_sentiment_L16_r3_COMPLETE_20260714|a-3.0|i118,SteerQuant_Mistral-7B-Instruct-v0-3_w4a16_bnb_nf4_sentiment_L16_r3_COMPLETE_20260714.json,mistralai/Mistral-7B-Instruct-v0.3,w4a16_bnb_nf4,r3,-3.0,118,88,8000,0,1,,8000,1,False
SteerQuant_Mistral-7B-Instruct-v0-3_w4a16_bnb_nf4_sentiment_L16_r3_COMPLETE_20260714|a-3.0|i136,SteerQuant_Mistral-7B-Instruct-v0-3_w4a16_bnb_nf4_sentiment_L16_r3_COMPLETE_20260714.json,mistralai/Mistral-7B-Instruct-v0.3,w4a16_bnb_nf4,r3,-3.0,136,88,8000,0,1,,8000,1,False
SteerQuant_Mistral-7B-Instruct-v0-3_w4a16_bnb_nf4_sentiment_L16_r3_COMPLETE_20260714|a-2.0|i80,SteerQuant_Mistral-7B-Instruct-v0-3_w4a16_bnb_nf4_sentiment_L16_r3_COMPLETE_20260714.json,mistralai/Mistral-7B-Instruct-v0.3,w4a16_bnb_nf4,r3,-2.0,80,26,243,0,1,,243,1,False
SteerQuant_Mistral-7B-Instruct-v0-3_w4a16_bnb_nf4_sentiment_L16_r3_COMPLETE_20260714|a-2.0|i118,SteerQuant_Mistral-7B-Instruct-v0-3_w4a16_bnb_nf4_sentiment_L16_r3_COMPLETE_20260714.json,mistralai/Mistral-7B-Instruct-v0.3,w4a16_bnb_nf4,r3,-2.0,118,88,8000,0,1,,8000,1,False
SteerQuant_Mistral-7B-Instruct-v0-3_w4a16_bnb_nf4_sentiment_L16_r3_COMPLETE_20260714|a-2.0|i137,SteerQuant_Mistral-7B-Instruct-v0-3_w4a16_bnb_nf4_sentiment_L16_r3_COMPLETE_20260714.json,mistralai/Mistral-7B-Instruct-v0.3,w4a16_bnb_nf4,r3,-2.0,137,123,50,0,1,,50,1,False
SteerQuant_Mistral-7B-Instruct-v0-3_w4a16_bnb_nf4_sentiment_L16_r3_COMPLETE_20260714|a-2.0|i151,SteerQuant_Mistral-7B-Instruct-v0-3_w4a16_bnb_nf4_sentiment_L16_r3_COMPLETE_20260714.json,mistralai/Mistral-7B-Instruct-v0.3,w4a16_bnb_nf4,r3,-2.0,151,123,50,0,1,,50,1,False
SteerQuant_Mistral-7B-Instruct-v0-3_w4a16_bnb_nf4_sentiment_L16_r3_COMPLETE_20260714|a-1.0|i63,SteerQuant_Mistral-7B-Instruct-v0-3_w4a16_bnb_nf4_sentiment_L16_r3_COMPLETE_20260714.json,mistralai/Mistral-7B-Instruct-v0.3,w4a16_bnb_nf4,r3,-1.0,63,26,243,0,1,,243,1,False
SteerQuant_Mistral-7B-Instruct-v0-3_w4a16_bnb_nf4_sentiment_L16_r4_COMPLETE_20260714|a-3.0|i1,SteerQuant_Mistral-7B-Instruct-v0-3_w4a16_bnb_nf4_sentiment_L16_r4_COMPLETE_20260714.json,mistralai/Mistral-7B-Instruct-v0.3,w4a16_bnb_nf4,r4,-3.0,1,64,300,0,1,,300,1,False
SteerQuant_Mistral-7B-Instruct-v0-3_w4a16_bnb_nf4_sentiment_L16_r5_COMPLETE_20260714|a-2.0|i19,SteerQuant_Mistral-7B-Instruct-v0-3_w4a16_bnb_nf4_sentiment_L16_r5_COMPLETE_20260714.json,mistralai/Mistral-7B-Instruct-v0.3,w4a16_bnb_nf4,r5,-2.0,19,158,34,0,1,,34,1,False
